well,depth,true_facies,pred_facies,correct
L2P1,2494.875,0,0,1
L2P1,2495,0,0,1
L2P1,2495.125,0,0,1
L2P1,2495.25,0,0,1
L2P1,2495.375,0,0,1
L2P1,2495.5,0,0,1
L2P1,2495.625,0,0,1
L2P1,2495.75,0,0,1
L2P1,2495.875,0,0,1
L2P1,2496,0,0,1
L2P1,2496.125,0,0,1
L2P1,2496.25,0,0,1
L2P1,2496.375,0,0,1
L2P1,2496.5,0,0,1
L2P1,2496.625,0,0,1
L2P1,2496.75,0,0,1
L2P1,2496.875,0,0,1
L2P1,2497,0,0,1
L2P1,2497.125,0,0,1
L2P1,2497.25,0,0,1
L2P1,2497.375,0,0,1
L2P1,2497.5,0,0,1
L2P1,2497.625,0,0,1
L2P1,2497.75,0,0,1
L2P1,2497.875,0,0,1
L2P1,2498,0,0,1
L2P1,2498.125,0,0,1
L2P1,2498.25,0,0,1
L2P1,2498.375,0,0,1
L2P1,2498.5,0,0,1
L2P1,2498.625,0,0,1
L2P1,2498.75,3,0,0
L2P1,2498.875,3,0,0
L2P1,2499,3,0,0
L2P1,2499.125,3,0,0
L2P1,2499.25,3,0,0
L2P1,2499.375,3,0,0
L2P1,2499.5,3,0,0
L2P1,2499.625,3,0,0
L2P1,2499.75,3,0,0
L2P1,2499.875,3,0,0
L2P1,2500,3,0,0
L2P1,2500.125,3,0,0
L2P1,2500.25,3,0,0
L2P1,2500.375,0,0,1
L2P1,2500.5,0,0,1
L2P1,2500.625,0,0,1
L2P1,2500.75,0,0,1
L2P1,2500.875,0,0,1
L2P1,2501,0,0,1
L2P1,2501.125,0,0,1
L2P1,2501.25,0,0,1
L2P1,2501.375,0,0,1
L2P1,2501.5,0,0,1
L2P1,2501.625,0,0,1
L2P1,2501.75,0,0,1
L2P1,2501.875,0,0,1
L2P1,2502,0,0,1
L2P1,2502.125,0,0,1
L2P1,2502.25,0,0,1
L2P1,2502.375,0,0,1
L2P1,2502.5,0,0,1
L2P1,2502.625,0,0,1
L2P1,2502.75,0,0,1
L2P1,2502.875,0,0,1
L2P1,2503,0,0,1
L2P1,2503.125,0,0,1
L2P1,2503.25,0,0,1
L2P1,2503.375,3,0,0
L2P1,2503.5,3,0,0
L2P1,2503.625,3,0,0
L2P1,2503.75,3,0,0
L2P1,2503.875,3,0,0
L2P1,2504,3,0,0
L2P1,2504.125,3,0,0
L2P1,2504.25,3,0,0
L2P1,2504.375,3,0,0
L2P1,2504.5,3,0,0
L2P1,2504.625,3,0,0
L2P1,2504.75,0,0,1
L2P1,2504.875,0,0,1
L2P1,2505,0,0,1
L2P1,2505.125,0,0,1
L2P1,2505.25,0,0,1
L2P1,2505.375,0,0,1
L2P1,2505.5,0,0,1
L2P1,2505.625,0,0,1
L2P1,2505.75,0,0,1
L2P1,2505.875,0,0,1
L2P1,2506,0,0,1
L2P1,2506.125,0,0,1
L2P1,2506.25,0,0,1
L2P1,2506.375,0,0,1
L2P1,2506.5,0,0,1
L2P1,2506.625,0,0,1
L2P1,2506.75,0,0,1
L2P1,2506.875,0,0,1
L2P1,2507,0,0,1
L2P1,2507.125,0,0,1
L2P1,2507.25,0,0,1
L2P1,2507.375,0,0,1
L2P1,2507.5,0,0,1
L2P1,2507.625,0,0,1
L2P1,2507.75,0,0,1
L2P1,2507.875,0,0,1
L2P1,2508,0,0,1
L2P1,2508.125,0,0,1
L2P1,2508.25,0,0,1
L2P1,2508.375,0,0,1
L2P1,2508.5,0,0,1
L2P1,2508.625,0,0,1
L2P1,2508.75,0,0,1
L2P1,2508.875,0,0,1
L2P1,2509,0,0,1
L2P1,2509.125,0,0,1
L2P1,2509.25,0,0,1
L2P1,2509.375,0,0,1
L2P1,2509.5,0,0,1
L2P1,2509.625,0,0,1
L2P1,2509.75,0,0,1
L2P1,2509.875,0,0,1
L2P1,2510,0,0,1
L2P1,2510.125,3,0,0
L2P1,2510.25,3,0,0
L2P1,2510.375,3,0,0
L2P1,2510.5,3,0,0
L2P1,2510.625,3,0,0
L2P1,2510.75,3,0,0
L2P1,2510.875,3,0,0
L2P1,2511,3,0,0
L2P1,2511.125,3,0,0
L2P1,2511.25,0,0,1
L2P1,2511.375,0,0,1
L2P1,2511.5,0,0,1
L2P1,2511.625,0,1,0
L2P1,2511.75,0,1,0
L2P1,2511.875,0,1,0
L2P1,2512,0,1,0
L2P1,2512.125,0,1,0
L2P1,2512.25,0,1,0
L2P1,2512.375,0,1,0
L2P1,2512.5,0,1,0
L2P1,2512.625,0,1,0
L2P1,2512.75,0,1,0
L2P1,2512.875,0,1,0
L2P1,2513,0,1,0
L2P1,2513.125,0,1,0
L2P1,2513.25,0,1,0
L2P1,2513.375,0,1,0
L2P1,2513.5,0,1,0
L2P1,2513.625,0,1,0
L2P1,2513.75,0,1,0
L2P1,2513.875,0,1,0
L2P1,2514,0,1,0
L2P1,2514.125,0,1,0
L2P1,2514.25,0,1,0
L2P1,2514.375,0,1,0
L2P1,2514.5,0,1,0
L2P1,2514.625,0,1,0
L2P1,2514.75,3,1,0
L2P1,2514.875,3,1,0
L2P1,2515,3,1,0
L2P1,2515.125,3,1,0
L2P1,2515.25,3,1,0
L2P1,2515.375,3,0,0
L2P1,2515.5,3,0,0
L2P1,2515.625,3,0,0
L2P1,2515.75,0,0,1
L2P1,2515.875,0,0,1
L2P1,2516,0,0,1
L2P1,2516.125,0,0,1
L2P1,2516.25,0,0,1
L2P1,2516.375,0,0,1
L2P1,2516.5,0,0,1
L2P1,2516.625,0,0,1
L2P1,2516.75,0,0,1
L2P1,2516.875,0,0,1
L2P1,2517,0,0,1
L2P1,2517.125,0,0,1
L2P1,2517.25,0,0,1
L2P1,2517.375,0,0,1
L2P1,2517.5,0,0,1
L2P1,2517.625,0,0,1
L2P1,2517.75,0,0,1
L2P1,2517.875,0,0,1
L2P1,2518,0,0,1
L2P1,2518.125,0,0,1
L2P1,2518.25,0,0,1
L2P1,2518.375,0,0,1
L2P1,2518.5,0,0,1
L2P1,2518.625,0,0,1
L2P1,2518.75,0,0,1
L2P1,2518.875,0,0,1
L2P1,2519,0,0,1
L2P1,2519.125,0,0,1
L2P1,2519.25,0,0,1
L2P1,2519.375,0,0,1
L2P1,2519.5,0,0,1
L2P1,2519.625,0,0,1
L2P1,2519.75,0,0,1
L2P1,2519.875,0,0,1
L2P1,2520,0,0,1
L2P1,2520.125,0,0,1
L2P1,2520.25,0,0,1
L2P1,2520.375,0,0,1
L2P1,2520.5,0,0,1
L2P1,2520.625,0,0,1
L2P1,2520.75,0,0,1
L2P1,2520.875,0,0,1
L2P1,2521,0,0,1
L2P1,2521.125,0,0,1
L2P1,2521.25,0,0,1
L2P1,2521.375,0,0,1
L2P1,2521.5,0,0,1
L2P1,2521.625,0,0,1
L2P1,2521.75,0,0,1
L2P1,2521.875,1,0,0
L2P1,2522,1,0,0
L2P1,2522.125,1,0,0
L2P1,2522.25,1,0,0
L2P1,2522.375,1,0,0
L2P1,2522.5,1,0,0
L2P1,2522.625,1,0,0
L2P1,2522.75,1,0,0
L2P1,2522.875,1,1,1
L2P1,2523,1,1,1
L2P1,2523.125,1,1,1
L2P1,2523.25,1,1,1
L2P1,2523.375,1,1,1
L2P1,2523.5,1,1,1
L2P1,2523.625,1,1,1
L2P1,2523.75,1,1,1
L2P1,2523.875,1,1,1
L2P1,2524,1,1,1
L2P1,2524.125,1,1,1
L2P1,2524.25,1,1,1
L2P1,2524.375,1,1,1
L2P1,2524.5,1,1,1
L2P1,2524.625,1,1,1
L2P1,2524.75,1,1,1
L2P1,2524.875,1,1,1
L2P1,2525,1,1,1
L2P1,2525.125,1,1,1
L2P1,2525.25,1,1,1
L2P1,2525.375,1,1,1
L2P1,2525.5,1,1,1
L2P1,2525.625,0,1,0
L2P1,2525.75,0,1,0
L2P1,2525.875,0,1,0
L2P1,2526,0,1,0
L2P1,2526.125,0,0,1
L2P1,2526.25,0,0,1
L2P1,2526.375,0,0,1
L2P1,2526.5,0,0,1
L2P1,2526.625,0,0,1
L2P1,2526.75,0,0,1
L2P1,2526.875,0,0,1
L2P1,2527,0,0,1
L2P1,2527.125,0,0,1
L2P1,2527.25,0,0,1
L2P1,2527.375,0,0,1
L2P1,2527.5,0,0,1
L2P1,2527.625,0,0,1
L2P1,2527.75,0,0,1
L2P1,2527.875,0,0,1
L2P1,2528,0,0,1
L2P1,2528.125,0,0,1
L2P1,2528.25,0,0,1
L2P1,2528.375,0,0,1
L2P1,2528.5,0,0,1
L2P1,2528.625,0,0,1
L2P1,2528.75,0,0,1
L2P1,2528.875,0,0,1
L2P1,2529,0,0,1
L2P1,2529.125,0,0,1
L2P1,2529.25,0,0,1
L2P1,2529.375,0,0,1
L2P1,2529.5,0,0,1
L2P1,2529.625,0,0,1
L2P1,2529.75,0,0,1
L2P1,2529.875,0,0,1
L2P1,2530,0,0,1
L2P1,2530.125,0,0,1
L2P1,2530.25,0,0,1
L2P1,2530.375,0,0,1
L2P1,2530.5,0,0,1
L2P1,2530.625,0,0,1
L2P1,2530.75,0,0,1
L2P1,2530.875,0,0,1
L2P1,2531,0,0,1
L2P1,2531.125,0,0,1
L2P1,2531.25,0,0,1
L2P1,2531.375,0,0,1
L2P1,2531.5,1,0,0
L2P1,2531.625,1,0,0
L2P1,2531.75,1,0,0
L2P1,2531.875,1,0,0
L2P1,2532,1,1,1
L2P1,2532.125,1,1,1
L2P1,2532.25,1,1,1
L2P1,2532.375,1,1,1
L2P1,2532.5,1,1,1
L2P1,2532.625,1,1,1
L2P1,2532.75,1,1,1
L2P1,2532.875,1,1,1
L2P1,2533,1,1,1
L2P1,2533.125,1,1,1
L2P1,2533.25,1,1,1
L2P1,2533.375,1,1,1
L2P1,2533.5,1,1,1
L2P1,2533.625,1,1,1
L2P1,2533.75,1,1,1
L2P1,2533.875,1,1,1
L2P1,2534,1,1,1
L2P1,2534.125,1,1,1
L2P1,2534.25,1,1,1
L2P1,2534.375,1,1,1
L2P1,2534.5,1,1,1
L2P1,2534.625,1,1,1
L2P1,2534.75,1,1,1
L2P1,2534.875,1,1,1
L2P1,2535,1,1,1
L2P1,2535.125,1,1,1
L2P1,2535.25,1,1,1
L2P1,2535.375,1,1,1
L2P1,2535.5,1,1,1
L2P1,2535.625,1,1,1
L2P1,2535.75,1,1,1
L2P1,2535.875,1,1,1
L2P1,2536,1,1,1
L2P1,2536.125,1,1,1
L2P1,2536.25,1,1,1
L2P1,2536.375,1,1,1
L2P1,2536.5,1,1,1
L2P1,2536.625,1,1,1
L2P1,2536.75,1,1,1
L2P1,2536.875,1,1,1
L2P1,2537,1,1,1
L2P1,2537.125,1,1,1
L2P1,2537.25,1,1,1
L2P1,2537.375,1,1,1
L2P1,2537.5,1,1,1
L2P1,2537.625,1,1,1
L2P1,2537.75,1,1,1
L2P1,2537.875,1,1,1
L2P1,2538,1,1,1
L2P1,2538.125,1,1,1
L2P1,2538.25,1,1,1
L2P1,2538.375,1,1,1
L2P1,2538.5,1,1,1
L2P1,2538.625,1,1,1
L2P1,2538.75,1,1,1
L2P1,2538.875,1,1,1
L2P1,2539,1,1,1
L2P1,2539.125,1,1,1
L2P1,2539.25,1,1,1
L2P1,2539.375,1,1,1
L2P1,2539.5,1,1,1
L2P1,2539.625,1,1,1
L2P1,2539.75,1,1,1
L2P1,2539.875,1,1,1
L2P1,2540,1,1,1
L2P1,2540.125,1,1,1
L2P1,2540.25,0,1,0
L2P1,2540.375,0,1,0
L2P1,2540.5,0,1,0
L2P1,2540.625,0,1,0
L2P1,2540.75,0,0,1
L2P1,2540.875,0,0,1
L2P1,2541,0,0,1
L2P1,2541.125,0,0,1
L2P1,2541.25,0,0,1
L2P1,2541.375,0,0,1
L2P1,2541.5,0,0,1
L2P1,2541.625,0,0,1
L2P1,2541.75,0,0,1
L2P1,2541.875,0,0,1
L2P1,2542,0,0,1
L2P1,2542.125,0,0,1
L2P1,2542.25,0,0,1
L2P1,2542.375,0,0,1
L2P1,2542.5,0,0,1
L2P1,2542.625,0,0,1
L2P1,2542.75,0,0,1
L2P1,2542.875,0,0,1
L2P1,2543,0,0,1
L2P1,2543.125,0,0,1
L2P1,2543.25,0,0,1
L2P1,2543.375,0,0,1
L2P1,2543.5,0,0,1
L2P1,2543.625,0,0,1
L2P1,2543.75,0,0,1
L2P1,2543.875,0,0,1
L2P1,2544,0,0,1
L2P1,2544.125,0,0,1
L2P1,2544.25,0,0,1
L2P1,2544.375,0,0,1
L2P1,2544.5,0,0,1
L2P1,2544.625,0,0,1
L2P1,2544.75,0,0,1
L2P1,2544.875,0,0,1
L2P1,2545,0,0,1
L2P1,2545.125,0,0,1
L2P1,2545.25,0,0,1
L2P1,2545.375,0,0,1
L2P1,2545.5,0,0,1
L2P1,2545.625,0,0,1
L2P1,2545.75,0,0,1
L2P1,2545.875,0,0,1
L2P1,2546,0,0,1
L2P1,2546.125,0,0,1
L2P1,2546.25,0,0,1
L2P1,2546.375,0,0,1
L2P1,2546.5,0,0,1
L2P1,2546.625,0,0,1
L2P1,2546.75,0,0,1
L2P1,2546.875,0,0,1
L2P1,2547,0,0,1
L2P1,2547.125,0,0,1
L2P1,2547.25,0,0,1
L2P1,2547.375,0,0,1
L2P1,2547.5,0,0,1
L2P1,2547.625,0,0,1
L2P1,2547.75,0,0,1
L2P1,2547.875,0,0,1
L2P1,2548,0,0,1
L2P1,2548.125,0,0,1
L2P1,2548.25,0,0,1
L2P1,2548.375,0,0,1
L2P1,2548.5,0,0,1
L2P1,2548.625,0,0,1
L2P1,2548.75,0,0,1
L2P1,2548.875,0,0,1
L2P1,2549,0,0,1
L2P1,2549.125,0,0,1
L2P1,2549.25,0,0,1
L2P1,2549.375,0,0,1
L2P1,2549.5,0,0,1
L2P1,2549.625,0,0,1
L2P1,2549.75,0,0,1
L2P1,2549.875,0,0,1
L2P1,2550,0,0,1
L2P1,2550.125,0,0,1
L2P1,2550.25,0,0,1
L2P1,2550.375,0,0,1
L2P1,2550.5,0,0,1
L2P1,2550.625,0,0,1
L2P1,2550.75,0,0,1
L2P1,2550.875,0,0,1
L2P1,2551,0,0,1
L2P1,2551.125,0,0,1
L2P1,2551.25,0,0,1
L2P1,2551.375,0,0,1
L2P1,2551.5,0,0,1
L2P1,2551.625,0,0,1
L2P1,2551.75,0,0,1
L2P1,2551.875,0,0,1
L2P1,2552,0,0,1
L2P1,2552.125,0,0,1
L2P1,2552.25,0,0,1
L2P1,2552.375,0,0,1
L2P1,2552.5,0,0,1
L2P1,2552.625,0,0,1
L2P1,2552.75,0,0,1
L2P1,2552.875,0,0,1
L2P1,2553,0,0,1
L2P1,2553.125,0,0,1
L2P1,2553.25,0,0,1
L2P1,2553.375,0,0,1
L2P1,2553.5,0,0,1
L2P1,2553.625,0,0,1
L2P1,2553.75,0,0,1
L2P1,2553.875,0,0,1
L2P1,2554,0,0,1
L2P1,2554.125,0,0,1
L2P1,2554.25,0,0,1
L2P1,2554.375,0,0,1
L2P1,2554.5,0,0,1
L2P1,2554.625,0,0,1
L2P1,2554.75,0,0,1
L2P1,2554.875,0,0,1
L2P1,2555,0,0,1
L2P1,2555.125,0,0,1
L2P1,2555.25,0,0,1
L2P1,2555.375,0,0,1
L2P1,2555.5,0,0,1
L2P1,2555.625,0,0,1
L2P1,2555.75,0,0,1
L2P1,2555.875,0,0,1
L2P1,2556,0,0,1
L2P1,2556.125,0,0,1
L2P1,2556.25,0,0,1
L2P1,2556.375,0,0,1
L2P1,2556.5,0,0,1
L2P1,2556.625,0,0,1
L2P1,2556.75,0,0,1
L2P1,2556.875,0,0,1
L2P1,2557,0,0,1
L2P1,2557.125,0,0,1
L2P1,2557.25,0,0,1
L2P1,2557.375,0,0,1
L2P1,2557.5,0,0,1
L2P1,2557.625,0,0,1
L2P1,2557.75,0,0,1
L2P1,2557.875,0,0,1
L2P1,2558,0,0,1
L2P1,2558.125,0,0,1
L2P1,2558.25,0,0,1
L2P1,2558.375,0,0,1
L2P1,2558.5,0,0,1
L2P1,2558.625,0,0,1
L2P1,2558.75,0,0,1
L2P1,2558.875,0,0,1
L2P1,2559,0,0,1
L2P1,2559.125,0,0,1
L2P1,2559.25,0,0,1
L2P1,2559.375,0,0,1
L2P1,2559.5,0,0,1
L2P1,2559.625,0,0,1
L2P1,2559.75,0,0,1
L2P1,2559.875,0,0,1
L2P1,2560,0,0,1
L2P1,2560.125,0,0,1
L2P1,2560.25,0,0,1
L2P1,2560.375,0,0,1
L2P1,2560.5,0,0,1
L2P1,2560.625,0,0,1
L2P1,2560.75,0,0,1
L2P1,2560.875,0,0,1
L2P1,2561,0,0,1
L2P1,2561.125,0,0,1
L2P1,2561.25,0,0,1
L2P1,2561.375,0,0,1
L2P1,2561.5,0,0,1
L2P1,2561.625,0,0,1
L2P1,2561.75,0,0,1
L2P1,2561.875,0,0,1
L2P1,2562,0,0,1
L2P1,2562.125,0,0,1
L2P1,2562.25,0,0,1
L2P1,2562.375,0,0,1
L2P1,2562.5,0,0,1
L2P1,2562.625,0,0,1
L2P1,2562.75,0,0,1
L2P1,2562.875,0,0,1
L2P1,2563,0,0,1
L2P1,2563.125,0,0,1
L2P1,2563.25,0,0,1
L2P1,2563.375,0,0,1
L2P1,2563.5,0,0,1
L2P1,2563.625,0,0,1
L2P1,2563.75,0,0,1
L2P1,2563.875,0,0,1
L2P1,2564,0,0,1
L2P1,2564.125,0,0,1
L2P1,2564.25,0,0,1
L2P1,2564.375,0,0,1
L2P1,2564.5,0,0,1
L2P1,2564.625,0,0,1
L2P1,2564.75,0,0,1
L2P1,2564.875,0,0,1
L2P1,2565,0,0,1
L2P1,2565.125,0,0,1
L2P1,2565.25,0,0,1
L2P1,2565.375,0,0,1
L2P1,2565.5,0,0,1
L2P1,2565.625,0,0,1
L2P1,2565.75,0,0,1
L2P1,2565.875,0,0,1
L2P1,2566,0,0,1
L2P1,2566.125,0,0,1
L2P1,2566.25,0,0,1
L2P1,2566.375,0,0,1
L2P1,2566.5,0,0,1
L2P1,2566.625,0,0,1
L2P1,2566.75,0,0,1
L2P1,2566.875,0,0,1
L2P1,2567,0,0,1
L2P1,2567.125,0,0,1
L2P1,2567.25,0,0,1
L2P1,2567.375,0,0,1
L2P1,2567.5,0,0,1
L2P1,2567.625,0,0,1
L2P1,2567.75,0,0,1
L2P1,2567.875,0,0,1
L2P1,2568,0,0,1
L2P1,2568.125,0,0,1
L2P1,2568.25,0,0,1
L2P1,2568.375,0,0,1
L2P1,2568.5,0,0,1
L2P1,2568.625,0,0,1
L2P1,2568.75,0,0,1
L2P1,2568.875,0,0,1
L2P1,2569,0,0,1
L2P1,2569.125,0,0,1
L2P1,2569.25,0,0,1
L2P1,2569.375,0,0,1
L2P1,2569.5,0,0,1
L2P1,2569.625,0,0,1
L2P1,2569.75,0,0,1
L2P1,2569.875,0,0,1
L2P1,2570,0,0,1
L2P1,2570.125,0,0,1
L2P1,2570.25,0,0,1
L2P1,2570.375,0,0,1
L2P1,2570.5,0,0,1
L2P1,2570.625,0,0,1
L2P1,2570.75,0,0,1
L2P1,2570.875,0,0,1
L2P1,2571,0,0,1
L2P1,2571.125,0,0,1
L2P1,2571.25,0,0,1
L2P1,2571.375,0,0,1
L2P1,2571.5,0,0,1
L2P1,2571.625,0,0,1
L2P1,2571.75,0,0,1
L2P1,2571.875,0,0,1
L2P1,2572,0,0,1
L2P1,2572.125,0,0,1
L2P1,2572.25,0,0,1
L2P1,2572.375,0,0,1
L2P1,2572.5,0,0,1
L2P1,2572.625,0,0,1
L2P1,2572.75,0,0,1
L2P1,2572.875,0,0,1
L2P1,2573,0,0,1
L2P1,2573.125,0,0,1
L2P1,2573.25,0,0,1
L2P1,2573.375,0,0,1
L2P1,2573.5,0,0,1
L2P1,2573.625,0,0,1
L2P1,2573.75,0,0,1
L2P1,2573.875,0,0,1
L2P1,2574,0,0,1
L2P1,2574.125,0,0,1
L2P1,2574.25,0,0,1
L2P1,2574.375,0,0,1
L2P1,2574.5,0,0,1
L2P1,2574.625,0,0,1
L2P1,2574.75,0,0,1
L2P1,2574.875,0,0,1
L2P1,2575,0,0,1
L2P1,2575.125,0,0,1
L2P1,2575.25,0,0,1
L2P1,2575.375,0,0,1
L2P1,2575.5,0,0,1
L2P1,2575.625,0,0,1
L2P1,2575.75,0,0,1
L2P1,2575.875,0,0,1
L2P1,2576,0,0,1
L2P1,2576.125,0,0,1
L2P1,2576.25,0,0,1
L2P1,2576.375,0,0,1
L2P1,2576.5,0,0,1
L2P1,2576.625,0,0,1
L2P1,2576.75,0,0,1
L2P1,2576.875,0,0,1
L2P1,2577,0,0,1
L2P1,2577.125,0,0,1
L2P1,2577.25,0,0,1
L2P1,2577.375,0,0,1
L2P1,2577.5,0,0,1
L2P1,2577.625,0,0,1
L2P1,2577.75,0,0,1
L2P1,2577.875,0,0,1
L2P1,2578,0,0,1
L2P1,2578.125,0,0,1
L2P1,2578.25,0,0,1
L2P1,2578.375,0,0,1
L2P1,2578.5,0,0,1
L2P1,2578.625,0,0,1
L2P1,2578.75,0,0,1
L2P1,2578.875,0,0,1
L2P1,2579,0,0,1
L2P1,2579.125,0,0,1
L2P1,2579.25,0,0,1
L2P1,2579.375,0,0,1
L2P1,2579.5,0,0,1
L2P1,2579.625,0,0,1
L2P1,2579.75,0,0,1
L2P1,2579.875,0,0,1
L2P1,2580,0,0,1
L2P1,2580.125,0,0,1
L2P1,2580.25,0,0,1
L2P1,2580.375,0,0,1
L2P1,2580.5,0,0,1
L2P1,2580.625,0,0,1
L2P1,2580.75,0,0,1
L2P1,2580.875,0,0,1
L2P1,2581,0,0,1
L2P1,2581.125,0,0,1
L2P1,2581.25,0,0,1
L2P1,2581.375,0,0,1
L2P1,2581.5,0,0,1
L2P1,2581.625,0,0,1
L2P1,2581.75,0,0,1
L2P1,2581.875,0,0,1
L2P1,2582,0,0,1
L2P1,2582.125,0,0,1
L2P1,2582.25,0,0,1
L2P1,2582.375,0,0,1
L2P1,2582.5,0,0,1
L2P1,2582.625,0,0,1
L2P1,2582.75,0,0,1
L2P1,2582.875,0,0,1
L2P1,2583,0,0,1
L2P1,2583.125,0,0,1
L2P1,2583.25,0,0,1
L2P1,2583.375,0,0,1
L2P1,2583.5,0,0,1
L2P1,2583.625,0,0,1
L2P1,2583.75,0,0,1
L2P1,2583.875,0,0,1
L2P1,2584,0,0,1
L2P1,2584.125,0,0,1
L2P1,2584.25,0,0,1
L2P1,2584.375,0,0,1
L2P1,2584.5,0,0,1
L2P1,2584.625,0,0,1
L2P1,2584.75,0,0,1
L2P1,2584.875,0,0,1
L2P1,2585,0,0,1
L2P1,2585.125,0,0,1
L2P1,2585.25,0,0,1
L2P1,2585.375,0,0,1
L2P1,2585.5,0,0,1
L2P1,2585.625,0,0,1
L2P1,2585.75,0,0,1
L2P1,2585.875,0,0,1
L2P1,2586,0,0,1
L2P1,2586.125,0,0,1
L2P1,2586.25,0,0,1
L2P1,2586.375,0,0,1
L2P1,2586.5,0,0,1
L2P1,2586.625,0,0,1
L2P1,2586.75,0,0,1
L2P1,2586.875,0,0,1
L2P1,2587,0,0,1
L2P1,2587.125,0,0,1
L2P1,2587.25,0,0,1
L2P1,2587.375,0,0,1
L2P1,2587.5,0,0,1
L2P1,2587.625,0,0,1
L2P1,2587.75,0,0,1
L2P1,2587.875,0,0,1
L2P1,2588,0,0,1
L2P1,2588.125,0,0,1
L2P1,2588.25,0,0,1
L2P1,2588.375,0,0,1
L2P1,2588.5,0,0,1
L2P1,2588.625,0,0,1
L2P1,2588.75,0,0,1
L2P1,2588.875,0,0,1
L2P1,2589,0,0,1
L2P1,2589.125,0,0,1
L2P1,2589.25,0,0,1
L2P1,2589.375,0,0,1
L2P1,2589.5,0,0,1
L2P1,2589.625,0,0,1
L2P1,2589.75,0,0,1
L2P1,2589.875,0,0,1
L2P1,2590,0,0,1
L2P1,2590.125,0,0,1
L2P1,2590.25,0,0,1
L2P1,2590.375,0,0,1
L2P1,2590.5,0,0,1
L2P1,2590.625,0,0,1
L2P1,2590.75,0,0,1
L2P1,2590.875,0,0,1
L2P1,2591,0,0,1
L2P1,2591.125,0,0,1
L2P1,2591.25,0,0,1
L2P1,2591.375,0,0,1
L2P1,2591.5,0,0,1
L2P1,2591.625,0,0,1
L2P1,2591.75,0,0,1
L2P1,2591.875,0,0,1
L2P1,2592,0,0,1
L2P1,2592.125,0,0,1
L2P1,2592.25,0,0,1
L2P1,2592.375,0,0,1
L2P1,2592.5,0,0,1
L2P1,2592.625,0,0,1
L2P1,2592.75,0,0,1
L2P1,2592.875,0,0,1
L2P1,2593,0,0,1
L2P1,2593.125,0,0,1
L2P1,2593.25,0,0,1
L2P1,2593.375,0,0,1
L2P1,2593.5,0,0,1
L2P1,2593.625,0,0,1
L2P1,2593.75,0,0,1
L2P1,2593.875,0,0,1
L2P1,2594,0,0,1
L2P1,2594.125,0,0,1
L2P1,2594.25,0,0,1
L2P1,2594.375,0,0,1
L2P1,2594.5,0,0,1
L2P1,2594.625,0,0,1
L2P1,2594.75,0,0,1
L2P1,2594.875,0,0,1
L2P1,2595,0,0,1
L2P1,2595.125,0,0,1
L2P1,2595.25,0,0,1
L2P1,2595.375,0,0,1
L2P1,2595.5,0,0,1
L2P1,2595.625,0,0,1
L2P1,2595.75,0,0,1
L2P1,2595.875,0,0,1
L2P1,2596,0,0,1
L2P1,2596.125,0,0,1
L2P1,2596.25,0,0,1
L2P1,2596.375,0,0,1
L2P1,2596.5,0,0,1
L2P1,2596.625,0,0,1
L2P1,2596.75,0,0,1
L2P1,2596.875,0,0,1
L2P1,2597,0,0,1
L2P1,2597.125,0,0,1
L2P1,2597.25,0,0,1
L2P1,2597.375,0,0,1
L2P1,2597.5,0,0,1
L2P1,2597.625,0,0,1
L2P1,2597.75,0,0,1
L2P1,2597.875,0,0,1
L2P1,2598,0,0,1
L2P1,2598.125,0,0,1
L2P1,2598.25,0,0,1
L2P1,2598.375,0,0,1
L2P1,2598.5,0,0,1
L2P1,2598.625,0,0,1
L2P1,2598.75,0,0,1
L2P1,2598.875,0,0,1
L2P1,2599,0,0,1
L2P1,2599.125,0,0,1
L2P1,2599.25,0,0,1
L2P1,2599.375,0,0,1
L2P1,2599.5,0,0,1
L2P1,2599.625,0,0,1
L2P1,2599.75,0,0,1
L2P1,2599.875,0,0,1
L2P1,2600,0,0,1
L2P1,2600.125,0,0,1
L2P1,2600.25,0,0,1
L2P1,2600.375,0,0,1
L2P1,2600.5,0,0,1
L2P1,2600.625,0,0,1
L2P1,2600.75,0,0,1
L2P1,2600.875,0,0,1
L2P1,2601,0,0,1
L2P1,2601.125,0,0,1
L2P1,2601.25,0,0,1
L2P1,2601.375,0,0,1
L2P1,2601.5,0,0,1
L2P1,2601.625,0,0,1
L2P1,2601.75,0,0,1
L2P1,2601.875,0,0,1
L2P1,2602,0,0,1
L2P1,2602.125,0,1,0
L2P1,2602.25,0,1,0
L2P1,2602.375,0,1,0
L2P1,2602.5,0,1,0
L2P1,2602.625,0,1,0
L2P1,2602.75,0,1,0
L2P1,2602.875,0,1,0
L2P1,2603,0,1,0
L2P1,2603.125,0,1,0
L2P1,2603.25,0,1,0
L2P1,2603.375,0,1,0
L2P1,2603.5,0,1,0
L2P1,2603.625,0,1,0
L2P1,2603.75,0,1,0
L2P1,2603.875,0,1,0
L2P1,2604,0,1,0
L2P1,2604.125,0,1,0
L2P1,2604.25,0,1,0
L2P1,2604.375,0,1,0
L2P1,2604.5,0,1,0
L2P1,2604.625,0,1,0
L2P1,2604.75,0,1,0
L2P1,2604.875,0,1,0
L2P1,2605,0,1,0
L2P1,2605.125,0,1,0
L2P1,2605.25,0,1,0
L2P1,2605.375,0,1,0
L2P1,2605.5,0,1,0
L2P1,2605.625,0,1,0
L2P1,2605.75,0,1,0
L2P1,2605.875,0,1,0
L2P1,2606,0,1,0
L2P1,2606.125,0,1,0
L2P1,2606.25,0,1,0
L2P1,2606.375,0,1,0
L2P1,2606.5,0,1,0
L2P1,2606.625,0,1,0
L2P1,2606.75,0,1,0
L2P1,2606.875,0,1,0
L2P1,2607,0,1,0
L2P1,2607.125,0,1,0
L2P1,2607.25,0,1,0
L2P1,2607.375,0,1,0
L2P1,2607.5,0,1,0
L2P1,2607.625,0,1,0
L2P1,2607.75,0,1,0
L2P1,2607.875,0,1,0
L2P1,2608,0,1,0
L2P1,2608.125,0,1,0
L2P1,2608.25,0,1,0
L2P1,2608.375,0,1,0
L2P1,2608.5,0,1,0
L2P1,2608.625,0,1,0
L2P1,2608.75,0,1,0
L2P1,2608.875,0,1,0
L2P1,2609,0,1,0
L2P1,2609.125,0,1,0
L2P1,2609.25,0,1,0
L2P1,2609.375,0,1,0
L2P1,2609.5,0,1,0
L2P1,2609.625,0,1,0
L2P1,2609.75,0,1,0
L2P1,2609.875,0,1,0
L2P1,2610,0,1,0
L2P1,2610.125,0,1,0
L2P1,2610.25,0,0,1
L2P1,2610.375,0,0,1
L2P1,2610.5,0,0,1
L2P1,2610.625,0,0,1
L2P1,2610.75,0,0,1
L2P1,2610.875,0,0,1
L2P1,2611,0,0,1
L2P1,2611.125,0,0,1
L2P1,2611.25,0,0,1
L2P1,2611.375,0,0,1
L2P1,2611.5,0,0,1
L2P1,2611.625,0,0,1
L2P1,2611.75,0,0,1
L2P1,2611.875,0,0,1
L2P1,2612,0,0,1
L2P1,2612.125,0,0,1
L2P1,2612.25,0,0,1
L2P1,2612.375,0,0,1
L2P1,2612.5,0,0,1
L2P1,2612.625,0,0,1
L2P1,2612.75,0,0,1
L2P1,2612.875,0,0,1
L2P1,2613,0,0,1
L2P1,2613.125,0,0,1
L2P1,2613.25,0,0,1
L2P1,2613.375,0,0,1
L2P1,2613.5,0,0,1
L2P1,2613.625,0,0,1
L2P1,2613.75,0,0,1
L2P1,2613.875,0,0,1
L2P1,2614,0,0,1
L2P1,2614.125,0,0,1
L2P1,2614.25,0,0,1
L2P1,2614.375,0,0,1
L2P1,2614.5,0,0,1
L2P1,2614.625,0,0,1
L2P1,2614.75,0,0,1
L2P1,2614.875,0,0,1
L2P1,2615,0,0,1
L2P1,2615.125,0,0,1
L2P1,2615.25,0,0,1
L2P1,2615.375,0,0,1
L2P1,2615.5,0,0,1
L2P1,2615.625,0,0,1
L2P1,2615.75,0,0,1
L2P1,2615.875,0,0,1
L2P1,2616,0,0,1
L2P1,2616.125,0,0,1
L2P1,2616.25,0,0,1
L2P1,2616.375,0,0,1
L2P1,2616.5,0,0,1
L2P1,2616.625,0,0,1
L2P1,2616.75,0,0,1
L2P1,2616.875,0,0,1
L2P1,2617,0,0,1
L2P1,2617.125,0,0,1
L2P1,2617.25,0,0,1
L2P1,2617.375,0,0,1
L2P1,2617.5,0,0,1
L2P1,2617.625,0,0,1
L2P1,2617.75,0,0,1
L2P1,2617.875,0,0,1
L2P1,2618,0,0,1
L2P1,2618.125,0,0,1
L2P1,2618.25,0,0,1
L2P1,2618.375,0,0,1
L2P1,2618.5,0,0,1
L2P1,2618.625,0,0,1
L2P1,2618.75,0,0,1
L2P1,2618.875,0,0,1
L2P1,2619,0,0,1
L2P1,2619.125,0,0,1
L2P1,2619.25,0,0,1
L2P1,2619.375,0,0,1
L2P1,2619.5,0,0,1
L2P1,2619.625,0,0,1
L2P1,2619.75,0,0,1
L2P1,2619.875,0,0,1
L2P1,2620,0,0,1
L2P1,2620.125,0,0,1
L2P1,2620.25,0,0,1
L2P1,2620.375,0,0,1
L2P1,2620.5,0,0,1
L2P1,2620.625,0,0,1
L2P1,2620.75,0,0,1
L2P1,2620.875,0,0,1
L2P1,2621,0,0,1
L2P1,2621.125,0,0,1
L2P1,2621.25,0,0,1
L2P1,2621.375,0,0,1
L2P1,2621.5,0,0,1
L2P1,2621.625,0,0,1
L2P1,2621.75,0,0,1
L2P1,2621.875,0,0,1
L2P1,2622,0,0,1
L2P1,2622.125,0,0,1
L2P1,2622.25,0,0,1
L2P1,2622.375,0,0,1
L2P1,2622.5,0,0,1
L2P1,2622.625,0,0,1
L2P1,2622.75,0,0,1
L2P1,2622.875,0,0,1
L2P1,2623,0,0,1
L2P1,2623.125,0,0,1
L2P1,2623.25,0,0,1
L2P1,2623.375,0,0,1
L2P1,2623.5,0,0,1
L2P1,2623.625,0,0,1
L2P1,2623.75,0,0,1
L2P1,2623.875,0,0,1
L2P1,2624,0,0,1
L2P1,2624.125,0,0,1
L2P1,2624.25,0,0,1
L2P1,2624.375,0,0,1
L2P1,2624.5,0,0,1
L2P1,2624.625,0,0,1
L2P1,2624.75,0,0,1
L2P1,2624.875,0,0,1
L2P1,2625,0,0,1
L2P1,2625.125,0,0,1
L2P1,2625.25,0,0,1
L2P1,2625.375,0,0,1
L2P1,2625.5,0,0,1
L2P1,2625.625,0,0,1
L2P1,2625.75,0,0,1
L2P1,2625.875,0,0,1
L2P1,2626,0,0,1
L2P1,2626.125,0,0,1
L2P1,2626.25,0,0,1
L2P1,2626.375,0,0,1
L2P1,2626.5,0,0,1
L2P1,2626.625,0,0,1
L2P1,2626.75,0,0,1
L2P1,2626.875,0,0,1
L2P1,2627,0,0,1
L2P1,2627.125,0,0,1
L2P1,2627.25,0,0,1
L2P1,2627.375,0,0,1
L2P1,2627.5,0,0,1
L2P1,2627.625,0,0,1
L2P1,2627.75,0,0,1
L2P1,2627.875,0,0,1
L2P1,2628,0,0,1
L2P1,2628.125,0,0,1
L2P1,2628.25,0,0,1
L2P1,2628.375,0,0,1
L2P1,2628.5,0,0,1
L2P1,2628.625,0,0,1
L2P1,2628.75,0,0,1
L2P1,2628.875,0,0,1
L2P1,2629,0,0,1
L2P1,2629.125,0,0,1
L2P1,2629.25,0,0,1
L2P1,2629.375,0,0,1
L2P1,2629.5,0,0,1
L2P1,2629.625,0,0,1
L2P1,2629.75,0,0,1
L2P1,2629.875,0,0,1
L2P1,2630,0,0,1
L2P1,2630.125,0,0,1
L2P1,2630.25,0,0,1
L2P1,2630.375,0,0,1
L2P1,2630.5,0,0,1
L2P1,2630.625,0,0,1
L2P1,2630.75,0,0,1
L2P1,2630.875,0,0,1
L2P1,2631,0,0,1
L2P1,2631.125,0,0,1
L2P1,2631.25,0,0,1
L2P1,2631.375,0,0,1
L2P1,2631.5,0,0,1
L2P1,2631.625,0,0,1
L2P1,2631.75,0,0,1
L2P1,2631.875,0,0,1
L2P1,2632,0,0,1
L2P1,2632.125,0,0,1
L2P1,2632.25,0,0,1
L2P1,2632.375,0,0,1
L2P1,2632.5,0,0,1
L2P1,2632.625,0,0,1
L2P1,2632.75,0,0,1
L2P1,2632.875,0,0,1
L2P1,2633,0,0,1
L2P1,2633.125,0,0,1
L2P1,2633.25,0,0,1
L2P1,2633.375,0,0,1
L2P1,2633.5,0,0,1
L2P1,2633.625,0,0,1
L2P1,2633.75,0,0,1
L2P1,2633.875,0,0,1
L2P1,2634,0,0,1
L2P1,2634.125,0,0,1
L2P1,2634.25,0,0,1
L2P1,2634.375,0,0,1
L2P1,2634.5,0,0,1
L2P1,2634.625,0,0,1
L2P1,2634.75,0,0,1
L2P1,2634.875,0,0,1
L2P1,2635,0,0,1
L2P1,2635.125,0,0,1
L2P1,2635.25,0,0,1
L2P1,2635.375,0,0,1
L2P1,2635.5,0,0,1
L2P1,2635.625,0,0,1
L2P1,2635.75,0,0,1
L2P1,2635.875,0,0,1
L2P1,2636,0,0,1
L2P1,2636.125,0,0,1
L2P1,2636.25,0,0,1
L2P1,2636.375,0,0,1
L2P1,2636.5,0,0,1
L2P1,2636.625,0,0,1
L2P1,2636.75,0,0,1
L2P1,2636.875,0,0,1
L2P1,2637,0,0,1
L2P1,2637.125,0,0,1
L2P1,2637.25,0,0,1
L2P1,2637.375,0,0,1
L2P1,2637.5,0,0,1
L2P1,2637.625,0,0,1
L2P1,2637.75,0,0,1
L2P1,2637.875,0,0,1
L2P1,2638,0,0,1
L2P1,2638.125,0,0,1
L2P1,2638.25,0,0,1
L2P1,2638.375,0,0,1
L2P1,2638.5,0,0,1
L2P1,2638.625,0,0,1
L2P1,2638.75,0,0,1
L2P1,2638.875,0,0,1
L2P1,2639,0,0,1
L2P1,2639.125,0,0,1
L2P1,2639.25,0,0,1
L2P1,2639.375,0,0,1
L2P1,2639.5,0,0,1
L2P1,2639.625,0,0,1
L2P1,2639.75,0,0,1
L2P1,2639.875,0,0,1
L2P1,2640,0,0,1
L2P1,2640.125,0,0,1
L2P1,2640.25,0,0,1
L2P1,2640.375,0,0,1
L2P1,2640.5,0,0,1
L2P1,2640.625,0,0,1
L2P1,2640.75,0,0,1
L2P1,2640.875,1,0,0
L2P1,2641,1,0,0
L2P1,2641.125,1,0,0
L2P1,2641.25,1,0,0
L2P1,2641.375,1,0,0
L2P1,2641.5,1,0,0
L2P1,2641.625,1,0,0
L2P1,2641.75,1,0,0
L2P1,2641.875,1,0,0
L2P1,2642,1,0,0
L2P1,2642.125,1,0,0
L2P1,2642.25,1,0,0
L2P1,2642.375,1,0,0
L2P1,2642.5,1,0,0
L2P1,2642.625,1,0,0
L2P1,2642.75,1,0,0
L2P1,2642.875,1,0,0
L2P1,2643,1,0,0
L2P1,2643.125,1,0,0
L2P1,2643.25,1,0,0
L2P1,2643.375,1,0,0
L2P1,2643.5,1,0,0
L2P1,2643.625,1,0,0
L2P1,2643.75,1,0,0
L2P1,2643.875,1,0,0
L2P1,2644,1,0,0
L2P1,2644.125,1,0,0
L2P1,2644.25,1,0,0
L2P1,2644.375,0,0,1
L2P1,2644.5,0,0,1
L2P1,2644.625,0,0,1
L2P1,2644.75,0,0,1
L2P1,2644.875,0,0,1
L2P1,2645,0,0,1
L2P1,2645.125,0,0,1
L2P1,2645.25,0,0,1
L2P1,2645.375,0,0,1
L2P1,2645.5,0,0,1
L2P1,2645.625,0,0,1
L2P1,2645.75,0,0,1
L2P1,2645.875,0,0,1
L2P1,2646,0,0,1
L2P1,2646.125,0,0,1
L2P1,2646.25,0,0,1
L2P1,2646.375,0,0,1
L2P1,2646.5,0,0,1
L2P1,2646.625,0,0,1
L2P1,2646.75,0,0,1
L2P1,2646.875,0,0,1
L2P1,2647,0,0,1
L2P1,2647.125,0,0,1
L2P1,2647.25,0,0,1
L2P1,2647.375,0,0,1
L2P1,2647.5,0,0,1
L2P1,2647.625,0,0,1
L2P1,2647.75,0,0,1
L2P1,2647.875,0,0,1
L2P1,2648,0,0,1
L2P1,2648.125,0,0,1
L2P1,2648.25,0,0,1
L2P1,2648.375,0,0,1
L2P1,2648.5,0,0,1
L2P1,2648.625,0,0,1
L2P1,2648.75,0,0,1
L2P1,2648.875,0,0,1
L2P1,2649,0,0,1
L2P1,2649.125,0,0,1
L2P1,2649.25,0,0,1
L2P1,2649.375,0,0,1
L2P1,2649.5,0,0,1
L2P1,2649.625,0,0,1
L2P1,2649.75,0,0,1
L2P1,2649.875,0,0,1
L2P1,2650,0,0,1
L2P1,2650.125,0,0,1
L2P1,2650.25,0,0,1
L2P1,2650.375,0,0,1
L2P1,2650.5,0,0,1
L2P1,2650.625,0,0,1
L2P1,2650.75,0,0,1
L2P1,2650.875,0,0,1
L2P1,2651,0,0,1
L2P1,2651.125,0,0,1
L2P1,2651.25,0,0,1
L2P1,2651.375,0,0,1
L2P1,2651.5,0,0,1
L2P1,2651.625,0,0,1
L2P1,2651.75,0,0,1
L2P1,2651.875,0,0,1
L2P1,2652,0,0,1
L2P1,2652.125,0,0,1
L2P1,2652.25,0,0,1
L2P1,2652.375,0,0,1
L2P1,2652.5,0,0,1
L2P1,2652.625,0,0,1
L2P1,2652.75,0,0,1
L2P1,2652.875,0,0,1
L2P1,2653,0,0,1
L2P1,2653.125,0,0,1
L2P1,2653.25,0,0,1
L2P1,2653.375,0,0,1
L2P1,2653.5,0,0,1
L2P1,2653.625,0,0,1
L2P1,2653.75,0,0,1
L2P1,2653.875,0,0,1
L2P1,2654,0,0,1
L2P1,2654.125,0,0,1
L2P1,2654.25,0,0,1
L2P1,2654.375,0,0,1
L2P1,2654.5,0,0,1
L2P1,2654.625,0,0,1
L2P1,2654.75,0,0,1
L2P1,2654.875,0,0,1
L2P1,2655,0,0,1
L2P1,2655.125,0,0,1
L2P1,2655.25,0,0,1
L2P1,2655.375,0,0,1
L2P1,2655.5,0,0,1
L2P1,2655.625,0,0,1
L2P1,2655.75,0,0,1
L2P1,2655.875,0,0,1
L2P1,2656,0,0,1
L2P1,2656.125,0,0,1
L2P1,2656.25,0,0,1
L2P1,2656.375,0,0,1
L2P1,2656.5,0,0,1
L2P1,2656.625,0,0,1
L2P1,2656.75,0,0,1
L2P1,2656.875,0,0,1
L2P1,2657,0,0,1
L2P1,2657.125,0,0,1
L2P1,2657.25,0,0,1
L2P1,2657.375,0,0,1
L2P1,2657.5,0,0,1
L2P1,2657.625,0,0,1
L2P1,2657.75,0,0,1
L2P1,2657.875,0,0,1
L2P1,2658,0,0,1
L2P1,2658.125,0,0,1
L2P1,2658.25,0,0,1
L2P1,2658.375,0,0,1
L2P1,2658.5,0,0,1
L2P1,2658.625,0,0,1
L2P1,2658.75,0,0,1
L2P1,2658.875,0,0,1
L2P1,2659,0,0,1
L2P1,2659.125,0,0,1
L2P1,2659.25,0,0,1
L2P1,2659.375,0,0,1
L2P1,2659.5,0,0,1
L2P1,2659.625,0,0,1
L2P1,2659.75,0,0,1
L2P1,2659.875,0,0,1
L2P1,2660,0,0,1
L2P1,2660.125,0,0,1
L2P1,2660.25,0,0,1
L2P1,2660.375,0,0,1
L2P1,2660.5,0,0,1
L2P1,2660.625,0,0,1
L2P1,2660.75,0,0,1
L2P1,2660.875,0,0,1
L2P1,2661,0,0,1
L2P1,2661.125,0,0,1
L2P1,2661.25,0,0,1
L2P1,2661.375,0,0,1
L2P1,2661.5,0,0,1
L2P1,2661.625,0,0,1
L2P1,2661.75,0,0,1
L2P1,2661.875,0,0,1
L2P1,2662,0,0,1
L2P1,2662.125,0,0,1
L2P1,2662.25,0,0,1
L2P1,2662.375,0,0,1
L2P1,2662.5,0,0,1
L2P1,2662.625,0,0,1
L2P1,2662.75,0,0,1
L2P1,2662.875,0,0,1
L2P1,2663,0,0,1
L2P1,2663.125,0,0,1
L2P1,2663.25,0,0,1
L2P1,2663.375,0,0,1
L2P1,2663.5,0,0,1
L2P1,2663.625,0,0,1
L2P1,2663.75,0,0,1
L2P1,2663.875,0,0,1
L2P1,2664,0,0,1
L2P1,2664.125,0,0,1
L2P1,2664.25,0,0,1
L2P1,2664.375,0,0,1
L2P1,2664.5,0,0,1
L2P1,2664.625,0,0,1
L2P1,2664.75,0,0,1
L2P1,2664.875,0,0,1
L2P1,2665,0,0,1
L2P1,2665.125,0,0,1
L2P1,2665.25,0,0,1
L2P1,2665.375,0,0,1
L2P1,2665.5,0,0,1
L2P1,2665.625,0,0,1
L2P1,2665.75,0,0,1
L2P1,2665.875,0,0,1
L2P1,2666,0,0,1
L2P1,2666.125,0,0,1
L2P1,2666.25,0,0,1
L2P1,2666.375,0,0,1
L2P1,2666.5,0,0,1
L2P1,2666.625,0,0,1
L2P1,2666.75,0,0,1
L2P1,2666.875,0,0,1
L2P1,2667,0,0,1
L2P1,2667.125,0,0,1
L2P1,2667.25,0,0,1
L2P1,2667.375,0,0,1
L2P1,2667.5,0,0,1
L2P1,2667.625,0,0,1
L2P1,2667.75,0,0,1
L2P1,2667.875,0,0,1
L2P1,2668,0,0,1
L2P1,2668.125,0,0,1
L2P1,2668.25,0,0,1
L2P1,2668.375,0,0,1
L2P1,2668.5,0,0,1
L2P1,2668.625,0,0,1
L2P1,2668.75,0,0,1
L2P1,2668.875,0,0,1
L2P1,2669,0,0,1
L2P1,2669.125,0,0,1
L2P1,2669.25,0,0,1
L2P1,2669.375,0,0,1
L2P1,2669.5,0,0,1
L2P1,2669.625,0,0,1
L2P1,2669.75,0,0,1
L2P1,2669.875,0,0,1
L2P1,2670,0,0,1
L2P1,2670.125,0,0,1
L2P1,2670.25,0,0,1
L2P1,2670.375,0,0,1
L2P1,2670.5,0,0,1
L2P1,2670.625,0,0,1
L2P1,2670.75,0,0,1
L2P1,2670.875,0,0,1
L2P1,2671,0,0,1
L2P1,2671.125,0,0,1
L2P1,2671.25,0,0,1
L2P1,2671.375,0,0,1
L2P1,2671.5,0,0,1
L2P1,2671.625,0,0,1
L2P1,2671.75,0,0,1
L2P1,2671.875,0,0,1
L2P1,2672,0,0,1
L2P1,2672.125,0,0,1
L2P1,2672.25,0,0,1
L2P1,2672.375,0,0,1
L2P1,2672.5,0,0,1
L2P1,2672.625,0,0,1
L2P1,2672.75,0,0,1
L2P1,2672.875,0,0,1
L2P1,2673,0,0,1
L2P1,2673.125,0,0,1
L2P1,2673.25,0,0,1
L2P1,2673.375,0,0,1
L2P1,2673.5,0,0,1
L2P1,2673.625,0,0,1
L2P1,2673.75,0,0,1
L2P1,2673.875,0,0,1
L2P1,2674,0,0,1
L2P1,2674.125,0,0,1
L2P1,2674.25,0,0,1
L2P1,2674.375,0,0,1
L2P1,2674.5,0,0,1
L2P1,2674.625,0,0,1
L2P1,2674.75,1,0,0
L2P1,2674.875,1,0,0
L2P1,2675,1,0,0
L2P1,2675.125,1,0,0
L2P1,2675.25,1,0,0
L2P1,2675.375,1,0,0
L2P1,2675.5,1,0,0
L2P1,2675.625,1,0,0
L2P1,2675.75,1,0,0
L2P1,2675.875,1,0,0
L2P1,2676,1,0,0
L2P1,2676.125,1,0,0
L2P1,2676.25,1,0,0
L2P1,2676.375,1,0,0
L2P1,2676.5,1,0,0
L2P1,2676.625,1,0,0
L2P1,2676.75,0,0,1
L2P1,2676.875,0,0,1
L2P1,2677,0,0,1
L2P1,2677.125,0,0,1
L2P1,2677.25,0,0,1
L2P1,2677.375,0,0,1
L2P1,2677.5,0,0,1
L2P1,2677.625,0,0,1
L2P1,2677.75,0,0,1
L2P1,2677.875,0,0,1
L2P1,2678,0,0,1
L2P1,2678.125,0,0,1
L2P1,2678.25,0,0,1
L2P1,2678.375,0,0,1
L2P1,2678.5,0,0,1
L2P1,2678.625,0,0,1
L2P1,2678.75,0,0,1
L2P1,2678.875,0,0,1
L2P1,2679,0,0,1
L2P1,2679.125,0,0,1
L2P1,2679.25,0,0,1
L2P1,2679.375,0,0,1
L2P1,2679.5,0,0,1
L2P1,2679.625,0,0,1
L2P1,2679.75,0,0,1
L2P1,2679.875,0,0,1
L2P1,2680,0,0,1
L2P1,2680.125,0,0,1
L2P1,2680.25,0,0,1
L2P1,2680.375,0,0,1
L2P1,2680.5,0,0,1
L2P1,2680.625,0,0,1
L2P1,2680.75,0,0,1
L2P1,2680.875,0,0,1
L2P1,2681,0,0,1
L2P1,2681.125,0,0,1
L2P1,2681.25,0,0,1
L2P1,2681.375,0,0,1
L2P1,2681.5,0,0,1
L2P1,2681.625,0,0,1
L2P1,2681.75,0,0,1
L2P1,2681.875,0,0,1
L2P1,2682,0,0,1
L2P1,2682.125,0,0,1
L2P1,2682.25,0,0,1
L2P1,2682.375,0,0,1
L2P1,2682.5,0,0,1
L2P1,2682.625,0,0,1
L2P1,2682.75,0,0,1
L2P1,2682.875,0,0,1
L2P1,2683,0,0,1
L2P1,2683.125,0,0,1
L2P1,2683.25,0,0,1
L2P1,2683.375,0,0,1
L2P1,2683.5,0,0,1
L2P1,2683.625,0,0,1
L2P1,2683.75,0,0,1
L2P1,2683.875,0,0,1
L2P1,2684,0,0,1
L2P1,2684.125,0,0,1
L2P1,2684.25,0,0,1
L2P1,2684.375,0,0,1
L2P1,2684.5,0,0,1
L2P1,2684.625,0,0,1
L2P1,2684.75,0,0,1
L2P1,2684.875,0,0,1
L2P1,2685,0,0,1
L2P1,2685.125,0,0,1
L2P1,2685.25,0,0,1
L2P1,2685.375,0,0,1
L2P1,2685.5,0,0,1
L2P1,2685.625,0,0,1
L2P1,2685.75,0,0,1
L2P1,2685.875,0,0,1
L2P1,2686,0,0,1
L2P1,2686.125,0,0,1
L2P1,2686.25,0,0,1
L2P1,2686.375,0,0,1
L2P1,2686.5,0,0,1
L2P1,2686.625,0,0,1
L2P1,2686.75,0,0,1
L2P1,2686.875,0,0,1
L2P1,2687,0,0,1
L2P1,2687.125,0,0,1
L2P1,2687.25,0,0,1
L2P1,2687.375,0,0,1
L2P1,2687.5,0,0,1
L2P1,2687.625,0,0,1
L2P1,2687.75,0,0,1
L2P1,2687.875,0,0,1
L2P1,2688,0,0,1
L2P1,2688.125,0,0,1
L2P1,2688.25,0,0,1
L2P1,2688.375,0,0,1
L2P1,2688.5,0,0,1
L2P1,2688.625,0,0,1
L2P1,2688.75,0,0,1
L2P1,2688.875,0,0,1
L2P1,2689,0,0,1
L2P1,2689.125,0,0,1
L2P1,2689.25,0,0,1
L2P1,2689.375,0,0,1
L2P1,2689.5,0,0,1
L2P1,2689.625,0,0,1
L2P1,2689.75,0,0,1
L2P1,2689.875,0,0,1
L2P1,2690,0,0,1
L2P1,2690.125,0,0,1
L2P1,2690.25,0,0,1
L2P1,2690.375,0,0,1
L2P1,2690.5,0,0,1
L2P1,2690.625,0,0,1
L2P1,2690.75,0,0,1
L2P1,2690.875,0,0,1
L2P1,2691,0,0,1
L2P1,2691.125,0,0,1
L2P1,2691.25,0,0,1
L2P1,2691.375,0,0,1
L2P1,2691.5,0,0,1
L2P1,2691.625,0,0,1
L2P1,2691.75,1,0,0
L2P1,2691.875,1,0,0
L2P1,2692,1,0,0
L2P1,2692.125,1,1,1
L2P1,2692.25,1,1,1
L2P1,2692.375,1,1,1
L2P1,2692.5,1,1,1
L2P1,2692.625,1,1,1
L2P1,2692.75,1,1,1
L2P1,2692.875,1,1,1
L2P1,2693,1,1,1
L2P1,2693.125,1,1,1
L2P1,2693.25,1,1,1
L2P1,2693.375,1,1,1
L2P1,2693.5,1,1,1
L2P1,2693.625,1,1,1
L2P1,2693.75,1,1,1
L2P1,2693.875,1,1,1
L2P1,2694,1,1,1
L2P1,2694.125,1,1,1
L2P1,2694.25,1,1,1
L2P1,2694.375,1,1,1
L2P1,2694.5,1,1,1
L2P1,2694.625,1,1,1
L2P1,2694.75,1,1,1
L2P1,2694.875,1,1,1
L2P1,2695,1,1,1
L2P1,2695.125,1,1,1
L2P1,2695.25,1,1,1
L2P1,2695.375,1,1,1
L2P1,2695.5,1,1,1
L2P1,2695.625,1,1,1
L2P1,2695.75,1,1,1
L2P1,2695.875,1,1,1
L2P1,2696,1,1,1
L2P1,2696.125,1,1,1
L2P1,2696.25,1,1,1
L2P1,2696.375,1,1,1
L2P1,2696.5,1,1,1
L2P1,2696.625,1,1,1
L2P1,2696.75,1,1,1
L2P1,2696.875,1,1,1
L2P1,2697,1,1,1
L2P1,2697.125,1,1,1
L2P1,2697.25,1,1,1
L2P1,2697.375,1,1,1
L2P1,2697.5,1,1,1
L2P1,2697.625,1,1,1
L2P1,2697.75,1,1,1
L2P1,2697.875,1,1,1
L2P1,2698,1,1,1
L2P1,2698.125,1,1,1
L2P1,2698.25,1,1,1
L2P1,2698.375,1,1,1
L2P1,2698.5,1,1,1
L2P1,2698.625,1,1,1
L2P1,2698.75,1,1,1
L2P1,2698.875,1,0,0
L2P1,2699,1,0,0
L2P1,2699.125,1,0,0
L2P1,2699.25,0,0,1
L2P1,2699.375,0,0,1
L2P1,2699.5,0,0,1
L2P1,2699.625,0,0,1
L2P1,2699.75,0,0,1
L2P1,2699.875,0,0,1
L2P1,2700,0,0,1
L2P1,2700.125,0,0,1
L2P1,2700.25,0,0,1
L2P1,2700.375,0,0,1
L2P1,2700.5,0,0,1
L2P1,2700.625,0,0,1
L2P1,2700.75,0,0,1
L2P1,2700.875,0,0,1
L2P1,2701,0,0,1
L2P1,2701.125,0,0,1
L2P1,2701.25,0,0,1
L2P1,2701.375,0,0,1
L2P1,2701.5,0,0,1
L2P1,2701.625,0,0,1
L2P1,2701.75,0,0,1
L2P1,2701.875,0,0,1
L2P1,2702,0,0,1
L2P1,2702.125,1,0,0
L2P1,2702.25,1,0,0
L2P1,2702.375,1,0,0
L2P1,2702.5,1,0,0
L2P1,2702.625,1,0,0
L2P1,2702.75,1,1,1
L2P1,2702.875,1,1,1
L2P1,2703,1,1,1
L2P1,2703.125,1,1,1
L2P1,2703.25,1,1,1
L2P1,2703.375,1,1,1
L2P1,2703.5,1,1,1
L2P1,2703.625,1,1,1
L2P1,2703.75,1,1,1
L2P1,2703.875,1,1,1
L2P1,2704,1,1,1
L2P1,2704.125,1,1,1
L2P1,2704.25,1,1,1
L2P1,2704.375,1,1,1
L2P1,2704.5,1,1,1
L2P1,2704.625,1,1,1
L2P1,2704.75,1,1,1
L2P1,2704.875,1,1,1
L2P1,2705,1,1,1
L2P1,2705.125,1,1,1
L2P1,2705.25,1,1,1
L2P1,2705.375,1,1,1
L2P1,2705.5,1,1,1
L2P1,2705.625,1,1,1
L2P1,2705.75,1,1,1
L2P1,2705.875,1,1,1
L2P1,2706,1,1,1
L2P1,2706.125,0,1,0
L2P1,2706.25,0,1,0
L2P1,2706.375,0,1,0
L2P1,2706.5,0,1,0
L2P1,2706.625,0,1,0
L2P1,2706.75,0,1,0
L2P1,2706.875,0,1,0
L2P1,2707,0,1,0
L2P1,2707.125,0,1,0
L2P1,2707.25,0,1,0
L2P1,2707.375,0,1,0
L2P1,2707.5,0,1,0
L2P1,2707.625,0,1,0
L2P1,2707.75,0,1,0
L2P1,2707.875,0,1,0
L2P1,2708,0,1,0
L2P1,2708.125,0,1,0
L2P1,2708.25,0,1,0
L2P1,2708.375,0,1,0
L2P1,2708.5,0,1,0
L2P1,2708.625,0,1,0
L2P1,2708.75,0,1,0
L2P1,2708.875,0,1,0
L2P1,2709,0,1,0
L2P1,2709.125,0,1,0
L2P1,2709.25,0,1,0
L2P1,2709.375,0,1,0
L2P1,2709.5,1,1,1
L2P1,2709.625,1,1,1
L2P1,2709.75,1,1,1
L2P1,2709.875,1,1,1
L2P1,2710,1,1,1
L2P1,2710.125,1,1,1
L2P1,2710.25,1,1,1
L2P1,2710.375,1,1,1
L2P1,2710.5,1,1,1
L2P1,2710.625,1,1,1
L2P1,2710.75,1,1,1
L2P1,2710.875,1,1,1
L2P1,2711,1,1,1
L2P1,2711.125,1,1,1
L2P1,2711.25,1,1,1
L2P1,2711.375,1,1,1
L2P1,2711.5,1,1,1
L2P1,2711.625,1,1,1
L2P1,2711.75,1,1,1
L2P1,2711.875,1,1,1
L2P1,2712,1,1,1
L2P1,2712.125,1,1,1
L2P1,2712.25,1,1,1
L2P1,2712.375,1,1,1
L2P1,2712.5,1,1,1
L2P1,2712.625,1,1,1
L2P1,2712.75,1,1,1
L2P1,2712.875,1,1,1
L2P1,2713,1,1,1
L2P1,2713.125,1,1,1
L2P1,2713.25,1,1,1
L2P1,2713.375,1,1,1
L2P1,2713.5,1,1,1
L2P1,2713.625,1,1,1
L2P1,2713.75,1,1,1
L2P1,2713.875,1,1,1
L2P1,2714,1,1,1
L2P1,2714.125,1,1,1
L2P1,2714.25,1,1,1
L2P1,2714.375,1,1,1
L2P1,2714.5,1,1,1
L2P1,2714.625,1,1,1
L2P1,2714.75,1,1,1
L2P1,2714.875,1,1,1
L2P1,2715,1,1,1
L2P1,2715.125,1,1,1
L2P1,2715.25,1,1,1
L2P1,2715.375,1,1,1
L2P1,2715.5,1,1,1
L2P1,2715.625,1,1,1
L2P1,2715.75,1,1,1
L2P1,2715.875,1,1,1
L2P1,2716,1,1,1
L2P1,2716.125,1,1,1
L2P1,2716.25,1,1,1
L2P1,2716.375,1,1,1
L2P1,2716.5,1,1,1
L2P1,2716.625,1,1,1
L2P1,2716.75,1,1,1
L2P1,2716.875,1,1,1
L2P1,2717,1,1,1
L2P1,2717.125,1,1,1
L2P1,2717.25,1,1,1
L2P1,2717.375,1,1,1
L2P1,2717.5,1,1,1
L2P1,2717.625,0,1,0
L2P1,2717.75,0,1,0
L2P1,2717.875,0,1,0
L2P1,2718,0,1,0
L2P1,2718.125,0,1,0
L2P1,2718.25,0,1,0
L2P1,2718.375,0,1,0
L2P1,2718.5,0,1,0
L2P1,2718.625,0,0,1
L2P1,2718.75,0,0,1
L2P1,2718.875,0,0,1
L2P1,2719,0,0,1
L2P1,2719.125,0,0,1
L2P1,2719.25,0,0,1
L2P1,2719.375,0,0,1
L2P1,2719.5,0,0,1
L2P1,2719.625,0,0,1
L2P1,2719.75,0,0,1
L2P1,2719.875,0,0,1
L2P1,2720,0,0,1
L2P1,2720.125,0,0,1
L2P1,2720.25,0,0,1
L2P1,2720.375,0,0,1
L2P1,2720.5,0,0,1
L2P1,2720.625,0,0,1
L2P1,2720.75,0,0,1
L2P1,2720.875,0,0,1
L2P1,2721,0,0,1
L2P1,2721.125,0,0,1
L2P1,2721.25,0,0,1
L2P1,2721.375,0,0,1
L2P1,2721.5,0,0,1
L2P1,2721.625,0,0,1
L2P1,2721.75,0,0,1
L2P1,2721.875,0,0,1
L2P1,2722,0,0,1
L2P1,2722.125,0,0,1
L2P1,2722.25,0,0,1
L2P1,2722.375,0,0,1
L2P1,2722.5,0,0,1
L2P1,2722.625,0,0,1
L2P1,2722.75,0,0,1
L2P1,2722.875,0,0,1
L2P1,2723,0,0,1
L2P1,2723.125,0,0,1
L2P1,2723.25,0,0,1
L2P1,2723.375,0,0,1
L2P1,2723.5,0,0,1
L2P1,2723.625,0,0,1
L2P1,2723.75,0,0,1
L2P1,2723.875,0,0,1
L2P1,2724,0,0,1
L2P1,2724.125,0,0,1
L2P1,2724.25,0,0,1
L2P1,2724.375,0,0,1
L2P1,2724.5,0,0,1
L2P1,2724.625,0,0,1
L2P1,2724.75,0,0,1
L2P1,2724.875,0,0,1
L2P1,2725,0,0,1
L2P1,2725.125,0,0,1
L2P1,2725.25,0,0,1
L2P1,2725.375,0,0,1
L2P1,2725.5,0,0,1
L2P1,2725.625,0,0,1
L2P1,2725.75,0,0,1
L2P1,2725.875,0,0,1
L2P1,2726,0,0,1
L2P1,2726.125,0,0,1
L2P1,2726.25,0,0,1
L2P1,2726.375,0,0,1
L2P1,2726.5,0,0,1
L2P1,2726.625,0,0,1
L2P1,2726.75,0,0,1
L2P1,2726.875,0,0,1
L2P1,2727,0,0,1
L2P1,2727.125,0,0,1
L2P1,2727.25,0,0,1
L2P1,2727.375,0,0,1
L2P1,2727.5,0,0,1
L2P1,2727.625,0,0,1
L2P1,2727.75,0,0,1
L2P1,2727.875,0,0,1
L2P1,2728,0,0,1
L2P1,2728.125,0,0,1
L2P1,2728.25,0,0,1
L2P1,2728.375,0,0,1
L2P1,2728.5,0,0,1
L2P1,2728.625,0,0,1
L2P1,2728.75,0,0,1
L2P1,2728.875,0,0,1
L2P1,2729,0,0,1
L2P1,2729.125,0,0,1
L2P1,2729.25,0,0,1
L2P1,2729.375,0,0,1
L2P1,2729.5,0,0,1
L2P1,2729.625,0,0,1
L2P1,2729.75,0,0,1
L2P1,2729.875,0,0,1
L2P1,2730,1,0,0
L2P1,2730.125,1,0,0
L2P1,2730.25,1,0,0
L2P1,2730.375,1,1,1
L2P1,2730.5,1,1,1
L2P1,2730.625,1,1,1
L2P1,2730.75,1,1,1
L2P1,2730.875,1,1,1
L2P1,2731,1,1,1
L2P1,2731.125,1,1,1
L2P1,2731.25,1,1,1
L2P1,2731.375,1,1,1
L2P1,2731.5,1,1,1
L2P1,2731.625,1,1,1
L2P1,2731.75,1,1,1
L2P1,2731.875,1,1,1
L2P1,2732,1,1,1
L2P1,2732.125,1,1,1
L2P1,2732.25,1,1,1
L2P1,2732.375,1,1,1
L2P1,2732.5,1,1,1
L2P1,2732.625,1,1,1
L2P1,2732.75,1,1,1
L2P1,2732.875,1,1,1
L2P1,2733,1,1,1
L2P1,2733.125,1,1,1
L2P1,2733.25,1,1,1
L2P1,2733.375,1,1,1
L2P1,2733.5,1,1,1
L2P1,2733.625,1,1,1
L2P1,2733.75,1,1,1
L2P1,2733.875,1,1,1
L2P1,2734,1,1,1
L2P1,2734.125,1,1,1
L2P1,2734.25,1,1,1
L2P1,2734.375,1,1,1
L2P1,2734.5,1,1,1
L2P1,2734.625,1,1,1
L2P1,2734.75,1,1,1
L2P1,2734.875,1,1,1
L2P1,2735,1,1,1
L2P1,2735.125,1,1,1
L2P1,2735.25,1,1,1
L2P1,2735.375,1,1,1
L2P1,2735.5,1,1,1
L2P1,2735.625,1,1,1
L2P1,2735.75,1,1,1
L2P1,2735.875,1,1,1
L2P1,2736,1,1,1
L2P1,2736.125,1,1,1
L2P1,2736.25,1,1,1
L2P1,2736.375,1,1,1
L2P1,2736.5,1,1,1
L2P1,2736.625,1,1,1
L2P1,2736.75,1,1,1
L2P1,2736.875,1,1,1
L2P1,2737,1,1,1
L2P1,2737.125,1,1,1
L2P1,2737.25,1,1,1
L2P1,2737.375,1,1,1
L2P1,2737.5,1,1,1
L2P1,2737.625,1,1,1
L2P1,2737.75,1,1,1
L2P1,2737.875,1,1,1
L2P1,2738,1,1,1
L2P1,2738.125,1,1,1
L2P1,2738.25,1,1,1
L2P1,2738.375,1,1,1
L2P1,2738.5,1,1,1
L2P1,2738.625,1,1,1
L2P1,2738.75,1,1,1
L2P1,2738.875,1,1,1
L2P1,2739,1,1,1
L2P1,2739.125,1,1,1
L2P1,2739.25,1,1,1
L2P1,2739.375,1,1,1
L2P1,2739.5,1,1,1
L2P1,2739.625,1,1,1
L2P1,2739.75,1,1,1
L2P1,2739.875,1,1,1
L2P1,2740,1,1,1
L2P1,2740.125,1,1,1
L2P1,2740.25,1,1,1
L2P1,2740.375,1,1,1
L2P1,2740.5,1,1,1
L2P1,2740.625,1,1,1
L2P1,2740.75,1,1,1
L2P1,2740.875,1,1,1
L2P1,2741,1,1,1
L2P1,2741.125,1,1,1
L2P1,2741.25,1,1,1
L2P1,2741.375,1,1,1
L2P1,2741.5,1,1,1
L2P1,2741.625,0,1,0
L2P1,2741.75,0,0,1
L2P1,2741.875,0,0,1
L2P1,2742,0,0,1
L2P1,2742.125,0,0,1
L2P1,2742.25,0,0,1
L2P1,2742.375,0,0,1
L2P1,2742.5,0,0,1
L2P1,2742.625,0,0,1
L2P1,2742.75,0,0,1
L2P1,2742.875,0,0,1
L2P1,2743,0,0,1
L2P1,2743.125,0,0,1
L2P1,2743.25,0,0,1
L2P1,2743.375,0,0,1
L2P1,2743.5,0,0,1
L2P1,2743.625,0,0,1
L2P1,2743.75,0,0,1
L2P1,2743.875,0,0,1
L2P1,2744,0,0,1
L2P1,2744.125,0,0,1
L2P1,2744.25,0,0,1
L2P1,2744.375,0,0,1
L2P1,2744.5,0,0,1
L2P1,2744.625,0,0,1
L2P1,2744.75,0,0,1
L2P1,2744.875,0,0,1
L2P1,2745,0,0,1
L2P1,2745.125,0,0,1
L2P1,2745.25,0,0,1
L2P1,2745.375,0,0,1
L2P1,2745.5,0,0,1
L2P1,2745.625,0,0,1
L2P1,2745.75,0,0,1
L2P1,2745.875,0,0,1
L2P1,2746,0,0,1
L2P1,2746.125,0,0,1
L2P1,2746.25,0,0,1
L2P1,2746.375,0,0,1
L2P1,2746.5,0,0,1
L2P1,2746.625,0,0,1
L2P1,2746.75,0,0,1
L2P1,2746.875,0,0,1
L2P1,2747,0,0,1
L2P1,2747.125,0,0,1
L2P1,2747.25,0,0,1
L2P1,2747.375,0,0,1
L2P1,2747.5,0,0,1
L2P1,2747.625,0,0,1
L2P1,2747.75,0,0,1
L2P1,2747.875,0,0,1
L2P1,2748,0,0,1
L2P1,2748.125,0,0,1
L2P1,2748.25,0,0,1
L2P1,2748.375,0,0,1
L2P1,2748.5,0,0,1
L2P1,2748.625,0,0,1
L2P1,2748.75,0,0,1
L2P1,2748.875,0,0,1
L2P1,2749,0,0,1
L2P1,2749.125,0,0,1
L2P1,2749.25,0,0,1
L2P1,2749.375,0,0,1
L2P1,2749.5,0,0,1
L2P1,2749.625,0,0,1
L2P1,2749.75,0,0,1
L2P1,2749.875,0,0,1
L2P1,2750,0,0,1
L2P1,2750.125,0,0,1
L2P1,2750.25,0,0,1
L2P1,2750.375,0,0,1
L2P1,2750.5,0,0,1
L2P1,2750.625,0,0,1
L2P1,2750.75,0,0,1
L2P1,2750.875,0,0,1
L2P1,2751,0,0,1
L2P1,2751.125,0,0,1
L2P1,2751.25,0,0,1
L2P1,2751.375,0,0,1
L2P1,2751.5,0,0,1
L2P1,2751.625,0,0,1
L2P1,2751.75,0,0,1
L2P1,2751.875,0,0,1
L2P1,2752,0,0,1
L2P1,2752.125,0,0,1
L2P1,2752.25,0,0,1
L2P1,2752.375,0,0,1
L2P1,2752.5,0,0,1
L2P1,2752.625,0,0,1
L2P1,2752.75,0,0,1
L2P1,2752.875,0,0,1
L2P1,2753,0,0,1
L2P1,2753.125,0,0,1
L2P1,2753.25,0,0,1
L2P1,2753.375,0,0,1
L2P1,2753.5,0,0,1
L2P1,2753.625,0,0,1
L2P1,2753.75,0,0,1
L2P1,2753.875,0,0,1
L2P1,2754,0,0,1
L2P1,2754.125,0,0,1
L2P1,2754.25,0,0,1
L2P1,2754.375,0,0,1
L2P1,2754.5,0,0,1
L2P1,2754.625,0,0,1
L2P1,2754.75,0,0,1
L2P1,2754.875,0,0,1
L2P1,2755,0,0,1
L2P1,2755.125,0,0,1
L2P1,2755.25,0,0,1
L2P1,2755.375,0,0,1
L2P1,2755.5,0,0,1
L2P1,2755.625,0,0,1
L2P1,2755.75,0,0,1
L2P1,2755.875,0,0,1
L2P1,2756,0,0,1
L2P1,2756.125,0,0,1
L2P1,2756.25,0,0,1
L2P1,2756.375,0,0,1
L2P1,2756.5,0,0,1
L2P1,2756.625,0,0,1
L2P1,2756.75,0,0,1
L2P1,2756.875,0,0,1
L2P1,2757,0,0,1
L2P1,2757.125,0,0,1
L2P1,2757.25,0,0,1
L2P1,2757.375,0,0,1
L2P1,2757.5,0,0,1
L2P1,2757.625,0,0,1
L2P1,2757.75,0,0,1
L2P1,2757.875,0,0,1
L2P1,2758,0,0,1
L2P1,2758.125,0,0,1
L2P1,2758.25,0,0,1
L2P1,2758.375,0,0,1
L2P1,2758.5,0,0,1
L2P1,2758.625,0,0,1
L2P1,2758.75,0,0,1
L2P1,2758.875,0,0,1
L2P1,2759,0,0,1
L2P1,2759.125,0,0,1
L2P1,2759.25,0,0,1
L2P1,2759.375,0,0,1
L2P1,2759.5,0,0,1
L2P1,2759.625,0,0,1
L2P1,2759.75,0,0,1
L2P1,2759.875,0,0,1
L2P1,2760,0,0,1
L2P1,2760.125,0,0,1
L2P1,2760.25,0,0,1
L2P1,2760.375,0,0,1
L2P1,2760.5,0,0,1
L2P1,2760.625,0,0,1
L2P1,2760.75,0,0,1
L2P1,2760.875,0,0,1
L2P1,2761,0,0,1
L2P1,2761.125,0,0,1
L2P1,2761.25,0,0,1
L2P1,2761.375,0,0,1
L2P1,2761.5,0,0,1
L2P1,2761.625,0,0,1
L2P1,2761.75,0,0,1
L2P1,2761.875,0,0,1
L2P1,2762,0,0,1
L2P1,2762.125,0,0,1
L2P1,2762.25,0,0,1
L2P1,2762.375,0,0,1
L2P1,2762.5,0,0,1
L2P1,2762.625,0,0,1
L2P1,2762.75,0,0,1
L2P1,2762.875,0,0,1
L2P1,2763,0,0,1
L2P1,2763.125,0,0,1
L2P1,2763.25,0,0,1
L2P1,2763.375,0,0,1
L2P1,2763.5,0,0,1
L2P1,2763.625,0,0,1
L2P1,2763.75,0,0,1
L2P1,2763.875,0,0,1
L2P1,2764,0,0,1
L2P1,2764.125,0,0,1
L2P1,2764.25,0,0,1
L2P1,2764.375,0,0,1
L2P1,2764.5,0,0,1
L2P1,2764.625,0,0,1
L2P1,2764.75,0,0,1
L2P1,2764.875,0,0,1
L2P1,2765,0,0,1
L2P1,2765.125,0,0,1
L2P1,2765.25,0,0,1
L2P1,2765.375,0,0,1
L2P1,2765.5,0,0,1
L2P1,2765.625,0,0,1
L2P1,2765.75,0,0,1
L2P1,2765.875,0,0,1
L2P1,2766,0,0,1
L2P1,2766.125,0,0,1
L2P1,2766.25,0,0,1
L2P1,2766.375,0,0,1
L2P1,2766.5,0,0,1
L2P1,2766.625,0,0,1
L2P1,2766.75,0,0,1
L2P1,2766.875,0,0,1
L2P1,2767,0,0,1
L2P1,2767.125,0,0,1
L2P1,2767.25,0,0,1
L2P1,2767.375,0,0,1
L2P1,2767.5,0,0,1
L2P1,2767.625,0,0,1
L2P1,2767.75,0,0,1
L2P1,2767.875,0,0,1
L2P1,2768,0,0,1
L2P1,2768.125,0,0,1
L2P1,2768.25,0,0,1
L2P1,2768.375,0,0,1
L2P1,2768.5,0,0,1
L2P1,2768.625,0,0,1
L2P1,2768.75,0,0,1
L2P1,2768.875,0,0,1
L2P1,2769,0,0,1
L2P1,2769.125,0,0,1
L2P1,2769.25,0,0,1
L2P1,2769.375,0,0,1
L2P1,2769.5,0,0,1
L2P1,2769.625,0,0,1
L2P1,2769.75,0,0,1
L2P1,2769.875,0,0,1
L2P1,2770,0,0,1
L2P1,2770.125,0,0,1
L2P1,2770.25,0,0,1
L2P1,2770.375,0,0,1
L2P1,2770.5,0,0,1
L2P1,2770.625,0,0,1
L2P1,2770.75,0,0,1
L2P1,2770.875,0,0,1
L2P1,2771,0,0,1
L2P1,2771.125,0,0,1
L2P1,2771.25,0,0,1
L2P1,2771.375,0,0,1
L2P1,2771.5,0,0,1
L2P1,2771.625,0,0,1
L2P1,2771.75,0,0,1
L2P1,2771.875,0,0,1
L2P1,2772,0,0,1
L2P1,2772.125,0,0,1
L2P1,2772.25,0,0,1
L2P1,2772.375,0,0,1
L2P1,2772.5,0,0,1
L2P1,2772.625,0,0,1
L2P1,2772.75,0,0,1
L2P1,2772.875,0,0,1
L2P1,2773,0,0,1
L2P1,2773.125,0,0,1
L2P1,2773.25,0,0,1
L2P1,2773.375,0,0,1
L2P1,2773.5,0,0,1
L2P1,2773.625,0,0,1
L2P1,2773.75,0,0,1
L2P1,2773.875,0,0,1
L2P1,2774,0,0,1
L2P1,2774.125,0,0,1
L2P1,2774.25,0,0,1
L2P1,2774.375,0,0,1
L2P1,2774.5,0,0,1
L2P1,2774.625,0,0,1
L2P1,2774.75,0,0,1
L2P1,2774.875,0,0,1
L2P1,2775,0,0,1
L2P1,2775.125,0,0,1
L2P1,2775.25,0,0,1
L2P1,2775.375,0,0,1
L2P1,2775.5,0,0,1
L2P1,2775.625,0,0,1
L2P1,2775.75,0,0,1
L2P1,2775.875,0,0,1
L2P1,2776,0,0,1
L2P1,2776.125,0,0,1
L2P1,2776.25,0,0,1
L2P1,2776.375,0,0,1
L2P1,2776.5,0,0,1
L2P1,2776.625,0,0,1
L2P1,2776.75,0,0,1
L2P1,2776.875,0,0,1
L2P1,2777,0,0,1
L2P1,2777.125,0,0,1
L2P1,2777.25,0,0,1
L2P1,2777.375,0,0,1
L2P1,2777.5,0,0,1
L2P1,2777.625,0,0,1
L2P1,2777.75,0,0,1
L2P1,2777.875,0,0,1
L2P1,2778,0,0,1
L2P1,2778.125,0,0,1
L2P1,2778.25,0,0,1
L2P1,2778.375,0,0,1
L2P1,2778.5,0,0,1
L2P1,2778.625,0,0,1
L2P1,2778.75,0,0,1
L2P1,2778.875,0,0,1
L2P1,2779,0,0,1
L2P1,2779.125,0,0,1
L2P1,2779.25,0,0,1
L2P1,2779.375,0,0,1
L2P1,2779.5,0,0,1
L2P1,2779.625,0,0,1
L2P1,2779.75,0,0,1
L2P1,2779.875,0,0,1
L2P1,2780,0,0,1
L2P1,2780.125,0,0,1
L2P1,2780.25,0,0,1
L2P1,2780.375,0,0,1
L2P1,2780.5,0,0,1
L2P1,2780.625,0,0,1
L2P1,2780.75,0,0,1
L2P1,2780.875,0,0,1
L2P1,2781,0,0,1
L2P1,2781.125,0,0,1
L2P1,2781.25,0,0,1
L2P1,2781.375,0,0,1
L2P1,2781.5,0,0,1
L2P1,2781.625,0,0,1
L2P1,2781.75,0,0,1
L2P1,2781.875,0,0,1
L2P1,2782,0,0,1
L2P1,2782.125,0,0,1
L2P1,2782.25,0,0,1
L2P1,2782.375,0,0,1
L2P1,2782.5,0,0,1
L2P1,2782.625,0,0,1
L2P1,2782.75,0,0,1
L2P1,2782.875,0,0,1
L2P1,2783,0,0,1
L2P1,2783.125,0,0,1
L2P1,2783.25,0,0,1
L2P1,2783.375,0,0,1
L2P1,2783.5,0,0,1
L2P1,2783.625,0,0,1
L2P1,2783.75,0,0,1
L2P1,2783.875,0,0,1
L2P1,2784,0,0,1
L2P1,2784.125,0,0,1
L2P1,2784.25,0,0,1
L2P1,2784.375,0,0,1
L2P1,2784.5,0,0,1
L2P1,2784.625,0,0,1
L2P1,2784.75,0,0,1
L2P1,2784.875,0,0,1
L2P1,2785,0,0,1
L2P1,2785.125,0,0,1
L2P1,2785.25,0,0,1
L2P1,2785.375,0,0,1
L2P1,2785.5,0,0,1
L2P1,2785.625,0,0,1
L2P1,2785.75,0,0,1
L2P1,2785.875,0,0,1
L2P1,2786,0,0,1
L2P1,2786.125,0,0,1
L2P1,2786.25,0,0,1
L2P1,2786.375,0,0,1
L2P1,2786.5,0,0,1
L2P1,2786.625,0,0,1
L2P1,2786.75,0,0,1
L2P1,2786.875,0,0,1
L2P1,2787,0,0,1
L2P1,2787.125,0,0,1
L2P1,2787.25,0,0,1
L2P1,2787.375,0,0,1
L2P1,2787.5,0,0,1
L2P1,2787.625,0,0,1
L2P1,2787.75,0,0,1
L2P1,2787.875,0,0,1
L2P1,2788,0,0,1
L2P1,2788.125,0,0,1
L2P1,2788.25,0,0,1
L2P1,2788.375,0,0,1
L2P1,2788.5,0,0,1
L2P1,2788.625,0,0,1
L2P1,2788.75,0,0,1
L2P1,2788.875,0,0,1
L2P1,2789,0,0,1
L2P1,2789.125,0,0,1
L2P1,2789.25,0,0,1
L2P1,2789.375,0,0,1
L2P1,2789.5,0,0,1
L2P1,2789.625,0,0,1
L2P1,2789.75,0,0,1
L2P1,2789.875,0,0,1
L2P1,2790,0,0,1
L2P1,2790.125,0,0,1
L2P1,2790.25,0,0,1
L2P1,2790.375,0,0,1
L2P1,2790.5,0,0,1
L2P1,2790.625,0,0,1
L2P1,2790.75,0,0,1
L2P1,2790.875,0,0,1
L2P1,2791,0,0,1
L2P1,2791.125,0,0,1
L2P1,2791.25,0,0,1
L2P1,2791.375,0,0,1
L2P1,2791.5,0,0,1
L2P1,2791.625,0,0,1
L2P1,2791.75,0,0,1
L2P1,2791.875,0,0,1
L2P1,2792,0,0,1
L2P1,2792.125,0,0,1
L2P1,2792.25,0,0,1
L2P1,2792.375,0,0,1
L2P1,2792.5,0,0,1
L2P1,2792.625,3,0,0
L2P1,2792.75,3,0,0
L2P1,2792.875,3,0,0
L2P1,2793,3,0,0
L2P1,2793.125,3,0,0
L2P1,2793.25,3,0,0
L2P1,2793.375,3,0,0
L2P1,2793.5,3,0,0
L2P1,2793.625,3,0,0
L2P1,2793.75,3,0,0
L2P1,2793.875,3,0,0
L2P1,2794,0,0,1
L2P1,2794.125,0,0,1
L2P1,2794.25,0,0,1
L2P1,2794.375,0,0,1
L2P1,2794.5,0,0,1
L2P1,2794.625,0,0,1
L2P1,2794.75,0,0,1
L2P1,2794.875,0,0,1
L2P1,2795,0,0,1
L2P1,2795.125,0,0,1
L2P1,2795.25,0,1,0
L2P1,2795.375,0,1,0
L2P1,2795.5,0,1,0
L2P1,2795.625,0,1,0
L2P1,2795.75,0,1,0
L2P1,2795.875,0,1,0
L2P1,2796,0,1,0
L2P1,2796.125,0,1,0
L2P1,2796.25,0,1,0
L2P1,2796.375,0,1,0
L2P1,2796.5,0,1,0
L2P1,2796.625,0,1,0
L2P1,2796.75,0,1,0
L2P1,2796.875,0,1,0
L2P1,2797,0,1,0
L2P1,2797.125,0,1,0
L2P1,2797.25,0,0,1
L2P1,2797.375,0,0,1
L2P1,2797.5,0,0,1
L2P1,2797.625,0,0,1
L2P1,2797.75,0,0,1
L2P1,2797.875,0,0,1
L2P1,2798,0,0,1
L2P1,2798.125,0,0,1
L2P1,2798.25,0,0,1
L2P1,2798.375,0,0,1
L2P1,2798.5,0,0,1
L2P1,2798.625,0,0,1
L2P1,2798.75,0,0,1
L2P1,2798.875,0,0,1
L2P1,2799,0,0,1
L2P1,2799.125,0,0,1
L2P1,2799.25,0,0,1
L2P1,2799.375,0,0,1
L2P1,2799.5,1,0,0
L2P1,2799.625,1,0,0
L2P1,2799.75,1,0,0
L2P1,2799.875,1,0,0
L2P1,2800,1,0,0
L2P1,2800.125,1,0,0
L2P1,2800.25,1,0,0
L2P1,2800.375,1,0,0
L2P1,2800.5,1,0,0
L2P1,2800.625,1,0,0
L2P1,2800.75,1,0,0
L2P1,2800.875,1,0,0
L2P1,2801,1,0,0
L2P1,2801.125,1,0,0
L2P1,2801.25,1,0,0
L2P1,2801.375,1,0,0
L2P1,2801.5,1,0,0
L2P1,2801.625,1,0,0
L2P1,2801.75,1,0,0
L2P1,2801.875,1,0,0
L2P1,2802,1,0,0
L2P1,2802.125,1,0,0
L2P1,2802.25,1,0,0
L2P1,2802.375,1,0,0
L2P1,2802.5,1,0,0
L2P1,2802.625,0,0,1
L2P1,2802.75,0,0,1
L2P1,2802.875,0,0,1
L2P1,2803,0,0,1
L2P1,2803.125,0,0,1
L2P1,2803.25,0,0,1
L2P1,2803.375,0,0,1
L2P1,2803.5,0,0,1
L2P1,2803.625,0,0,1
L2P1,2803.75,0,0,1
L2P1,2803.875,0,0,1
L2P1,2804,0,0,1
L2P1,2804.125,0,0,1
L2P1,2804.25,0,0,1
L2P1,2804.375,0,0,1
L2P1,2804.5,0,0,1
L2P1,2804.625,0,0,1
L2P1,2804.75,0,0,1
L2P1,2804.875,0,0,1
L2P1,2805,0,0,1
L2P1,2805.125,0,0,1
L2P1,2805.25,0,0,1
L2P1,2805.375,0,0,1
L2P1,2805.5,0,0,1
L2P1,2805.625,0,0,1
L2P1,2805.75,0,0,1
L2P1,2805.875,0,0,1
L2P1,2806,1,0,0
L2P1,2806.125,1,1,1
L2P1,2806.25,1,1,1
L2P1,2806.375,1,1,1
L2P1,2806.5,1,1,1
L2P1,2806.625,1,1,1
L2P1,2806.75,1,1,1
L2P1,2806.875,1,1,1
L2P1,2807,1,1,1
L2P1,2807.125,1,1,1
L2P1,2807.25,1,1,1
L2P1,2807.375,1,1,1
L2P1,2807.5,1,1,1
L2P1,2807.625,1,1,1
L2P1,2807.75,1,1,1
L2P1,2807.875,1,1,1
L2P1,2808,1,1,1
L2P1,2808.125,1,1,1
L2P1,2808.25,1,1,1
L2P1,2808.375,1,1,1
L2P1,2808.5,1,1,1
L2P1,2808.625,1,1,1
L2P1,2808.75,1,1,1
L2P1,2808.875,1,1,1
L2P1,2809,1,1,1
L2P1,2809.125,1,1,1
L2P1,2809.25,1,1,1
L2P1,2809.375,1,1,1
L2P1,2809.5,1,1,1
L2P1,2809.625,1,1,1
L2P1,2809.75,0,1,0
L2P1,2809.875,0,0,1
L2P1,2810,0,0,1
L2P1,2810.125,0,0,1
L2P1,2810.25,0,0,1
L2P1,2810.375,0,0,1
L2P1,2810.5,0,0,1
L2P1,2810.625,0,0,1
L2P1,2810.75,0,0,1
L2P1,2810.875,0,0,1
L2P1,2811,0,0,1
L2P1,2811.125,0,0,1
L2P1,2811.25,0,0,1
L2P1,2811.375,0,0,1
L2P1,2811.5,0,0,1
L2P1,2811.625,0,0,1
L2P1,2811.75,0,0,1
L2P1,2811.875,0,0,1
L2P1,2812,0,0,1
L2P1,2812.125,0,0,1
L2P1,2812.25,0,0,1
L2P1,2812.375,0,0,1
L2P1,2812.5,0,0,1
L2P1,2812.625,0,0,1
L2P1,2812.75,0,0,1
L2P1,2812.875,0,0,1
L2P1,2813,0,0,1
L2P1,2813.125,0,0,1
L2P1,2813.25,0,0,1
L2P1,2813.375,0,0,1
L2P1,2813.5,0,0,1
L2P1,2813.625,0,0,1
L2P1,2813.75,0,0,1
L2P1,2813.875,0,0,1
L2P1,2814,0,0,1
L2P1,2814.125,0,0,1
L2P1,2814.25,0,0,1
L2P1,2814.375,0,0,1
L2P1,2814.5,0,0,1
L2P1,2814.625,0,0,1
L2P1,2814.75,0,0,1
L2P1,2814.875,0,0,1
L2P1,2815,0,0,1
L2P1,2815.125,0,0,1
L2P1,2815.25,0,0,1
L2P1,2815.375,0,0,1
L2P1,2815.5,0,0,1
L2P1,2815.625,0,0,1
L2P1,2815.75,0,0,1
L2P1,2815.875,0,0,1
L2P1,2816,0,0,1
L2P1,2816.125,0,0,1
L2P1,2816.25,0,0,1
L2P1,2816.375,0,0,1
L2P1,2816.5,0,0,1
L2P1,2816.625,0,0,1
L2P1,2816.75,0,0,1
L2P1,2816.875,0,0,1
L2P1,2817,0,0,1
L2P1,2817.125,0,0,1
L2P1,2817.25,0,0,1
L2P1,2817.375,0,0,1
L2P1,2817.5,0,0,1
L2P1,2817.625,0,0,1
L2P1,2817.75,0,0,1
L2P1,2817.875,0,0,1
L2P1,2818,0,0,1
L2P1,2818.125,0,0,1
L2P1,2818.25,0,0,1
L2P1,2818.375,0,0,1
L2P1,2818.5,0,0,1
L2P1,2818.625,0,0,1
L2P1,2818.75,0,0,1
L2P1,2818.875,0,0,1
L2P1,2819,0,0,1
L2P1,2819.125,0,0,1
L2P1,2819.25,0,0,1
L2P1,2819.375,0,0,1
L2P1,2819.5,0,0,1
L2P1,2819.625,0,0,1
L2P1,2819.75,0,0,1
L2P1,2819.875,0,0,1
L2P1,2820,0,0,1
L2P1,2820.125,0,0,1
L2P1,2820.25,0,0,1
L2P1,2820.375,0,0,1
L2P1,2820.5,0,0,1
L2P1,2820.625,0,0,1
L2P1,2820.75,0,0,1
L2P1,2820.875,3,0,0
L2P1,2821,3,0,0
L2P1,2821.125,3,0,0
L2P1,2821.25,3,0,0
L2P1,2821.375,3,0,0
L2P1,2821.5,3,0,0
L2P1,2821.625,3,0,0
L2P1,2821.75,3,0,0
L2P1,2821.875,0,0,1
L2P1,2822,0,0,1
L2P1,2822.125,0,0,1
L2P1,2822.25,0,0,1
L2P1,2822.375,0,0,1
L2P1,2822.5,0,0,1
L2P1,2822.625,0,0,1
L2P1,2822.75,0,0,1
L2P1,2822.875,0,0,1
L2P1,2823,0,0,1
L2P1,2823.125,0,0,1
L2P1,2823.25,0,0,1
L2P1,2823.375,0,0,1
L2P1,2823.5,0,0,1
L2P1,2823.625,0,0,1
L2P1,2823.75,0,0,1
L2P1,2823.875,0,0,1
L2P1,2824,0,0,1
L2P1,2824.125,0,0,1
L2P1,2824.25,0,0,1
L2P1,2824.375,0,0,1
L2P1,2824.5,0,0,1
L2P1,2824.625,0,0,1
L2P1,2824.75,0,0,1
L2P1,2824.875,0,0,1
L2P1,2825,0,0,1
L2P1,2825.125,0,0,1
L2P1,2825.25,0,0,1
L2P1,2825.375,0,0,1
L2P1,2825.5,0,0,1
L2P1,2825.625,0,0,1
L2P1,2825.75,0,0,1
L2P1,2825.875,0,0,1
L2P1,2826,0,0,1
L2P1,2826.125,0,0,1
L2P1,2826.25,0,0,1
L2P1,2826.375,0,0,1
L2P1,2826.5,0,0,1
L2P1,2826.625,0,0,1
L2P1,2826.75,0,0,1
L2P1,2826.875,0,0,1
L2P1,2827,0,0,1
L2P1,2827.125,0,0,1
L2P1,2827.25,0,0,1
L2P1,2827.375,0,0,1
L2P1,2827.5,0,0,1
L2P1,2827.625,0,0,1
L2P1,2827.75,0,0,1
L2P1,2827.875,0,0,1
L2P1,2828,0,0,1
L2P1,2828.125,0,0,1
L2P1,2828.25,0,0,1
L2P1,2828.375,0,0,1
L2P1,2828.5,0,0,1
L2P1,2828.625,0,0,1
L2P1,2828.75,0,0,1
L2P1,2828.875,0,0,1
L2P1,2829,0,0,1
L2P1,2829.125,0,0,1
L2P1,2829.25,0,0,1
L2P1,2829.375,0,0,1
L2P1,2829.5,0,0,1
L2P1,2829.625,0,0,1
L2P1,2829.75,0,0,1
L2P1,2829.875,0,0,1
L2P1,2830,0,0,1
L2P1,2830.125,0,0,1
L2P1,2830.25,0,0,1
L2P1,2830.375,0,0,1
L2P1,2830.5,0,0,1
L2P1,2830.625,0,0,1
L2P1,2830.75,0,0,1
L2P1,2830.875,0,0,1
L2P1,2831,0,0,1
L2P1,2831.125,0,0,1
L2P1,2831.25,0,0,1
L2P1,2831.375,0,0,1
L2P1,2831.5,0,0,1
L2P1,2831.625,0,0,1
L2P1,2831.75,0,0,1
L2P1,2831.875,0,0,1
L2P1,2832,0,0,1
L2P1,2832.125,0,0,1
L2P1,2832.25,0,0,1
L2P1,2832.375,0,0,1
L2P1,2832.5,0,0,1
L2P1,2832.625,0,0,1
L2P1,2832.75,0,0,1
L2P1,2832.875,0,0,1
L2P1,2833,0,0,1
L2P1,2833.125,0,0,1
L2P1,2833.25,0,0,1
L2P1,2833.375,0,0,1
L2P1,2833.5,0,0,1
L2P1,2833.625,0,0,1
L2P1,2833.75,0,0,1
L2P1,2833.875,0,0,1
L2P1,2834,0,0,1
L2P1,2834.125,0,0,1
L2P1,2834.25,0,0,1
L2P1,2834.375,0,0,1
L2P1,2834.5,0,0,1
L14-251,2529.75,0,0,1
L14-251,2529.875,0,0,1
L14-251,2530,0,0,1
L14-251,2530.125,0,0,1
L14-251,2530.25,0,0,1
L14-251,2530.375,0,0,1
L14-251,2530.5,0,0,1
L14-251,2530.625,0,0,1
L14-251,2530.75,0,0,1
L14-251,2530.875,0,0,1
L14-251,2531,0,0,1
L14-251,2531.125,0,0,1
L14-251,2531.25,0,0,1
L14-251,2531.375,0,0,1
L14-251,2531.5,0,0,1
L14-251,2531.625,0,0,1
L14-251,2531.75,0,0,1
L14-251,2531.875,0,0,1
L14-251,2532,0,0,1
L14-251,2532.125,0,0,1
L14-251,2532.25,0,0,1
L14-251,2532.375,0,0,1
L14-251,2532.5,0,0,1
L14-251,2532.625,0,0,1
L14-251,2532.75,0,0,1
L14-251,2532.875,0,0,1
L14-251,2533,0,0,1
L14-251,2533.125,0,0,1
L14-251,2533.25,0,0,1
L14-251,2533.375,0,0,1
L14-251,2533.5,0,0,1
L14-251,2533.625,0,0,1
L14-251,2533.75,0,0,1
L14-251,2533.875,0,0,1
L14-251,2534,0,0,1
L14-251,2534.125,0,0,1
L14-251,2534.25,0,0,1
L14-251,2534.375,0,0,1
L14-251,2534.5,0,0,1
L14-251,2534.625,0,0,1
L14-251,2534.75,0,0,1
L14-251,2534.875,0,0,1
L14-251,2535,0,0,1
L14-251,2535.125,0,0,1
L14-251,2535.25,0,0,1
L14-251,2535.375,0,0,1
L14-251,2535.5,0,0,1
L14-251,2535.625,0,0,1
L14-251,2535.75,0,0,1
L14-251,2535.875,0,0,1
L14-251,2536,0,0,1
L14-251,2536.125,0,0,1
L14-251,2536.25,0,0,1
L14-251,2536.375,0,0,1
L14-251,2536.5,0,0,1
L14-251,2536.625,0,0,1
L14-251,2536.75,0,0,1
L14-251,2536.875,0,0,1
L14-251,2537,0,0,1
L14-251,2537.125,0,0,1
L14-251,2537.25,0,0,1
L14-251,2537.375,0,0,1
L14-251,2537.5,0,0,1
L14-251,2537.625,0,0,1
L14-251,2537.75,0,0,1
L14-251,2537.875,0,0,1
L14-251,2538,0,0,1
L14-251,2538.125,0,0,1
L14-251,2538.25,0,0,1
L14-251,2538.375,0,0,1
L14-251,2538.5,0,0,1
L14-251,2538.625,0,0,1
L14-251,2538.75,0,0,1
L14-251,2538.875,0,0,1
L14-251,2539,0,0,1
L14-251,2539.125,0,0,1
L14-251,2539.25,0,0,1
L14-251,2539.375,0,0,1
L14-251,2539.5,0,0,1
L14-251,2539.625,0,0,1
L14-251,2539.75,0,0,1
L14-251,2539.875,0,0,1
L14-251,2540,0,0,1
L14-251,2540.125,0,0,1
L14-251,2540.25,0,0,1
L14-251,2540.375,0,0,1
L14-251,2540.5,0,0,1
L14-251,2540.625,0,0,1
L14-251,2540.75,0,0,1
L14-251,2540.875,0,0,1
L14-251,2541,0,0,1
L14-251,2541.125,0,0,1
L14-251,2541.25,0,0,1
L14-251,2541.375,0,0,1
L14-251,2541.5,0,0,1
L14-251,2541.625,0,0,1
L14-251,2541.75,0,0,1
L14-251,2541.875,0,0,1
L14-251,2542,0,0,1
L14-251,2542.125,0,0,1
L14-251,2542.25,0,0,1
L14-251,2542.375,0,0,1
L14-251,2542.5,0,0,1
L14-251,2542.625,0,0,1
L14-251,2542.75,0,0,1
L14-251,2542.875,0,0,1
L14-251,2543,0,0,1
L14-251,2543.125,0,0,1
L14-251,2543.25,0,0,1
L14-251,2543.375,0,0,1
L14-251,2543.5,0,0,1
L14-251,2543.625,0,0,1
L14-251,2543.75,0,0,1
L14-251,2543.875,0,0,1
L14-251,2544,0,0,1
L14-251,2544.125,0,0,1
L14-251,2544.25,0,0,1
L14-251,2544.375,0,0,1
L14-251,2544.5,0,0,1
L14-251,2544.625,0,0,1
L14-251,2544.75,0,0,1
L14-251,2544.875,0,0,1
L14-251,2545,0,0,1
L14-251,2545.125,0,0,1
L14-251,2545.25,0,0,1
L14-251,2545.375,0,0,1
L14-251,2545.5,0,0,1
L14-251,2545.625,0,0,1
L14-251,2545.75,0,0,1
L14-251,2545.875,0,0,1
L14-251,2546,0,0,1
L14-251,2546.125,0,0,1
L14-251,2546.25,0,0,1
L14-251,2546.375,0,0,1
L14-251,2546.5,0,0,1
L14-251,2546.625,0,0,1
L14-251,2546.75,0,0,1
L14-251,2546.875,0,0,1
L14-251,2547,0,0,1
L14-251,2547.125,0,0,1
L14-251,2547.25,0,0,1
L14-251,2547.375,0,0,1
L14-251,2547.5,0,0,1
L14-251,2547.625,0,0,1
L14-251,2547.75,0,0,1
L14-251,2547.875,0,0,1
L14-251,2548,0,0,1
L14-251,2548.125,0,0,1
L14-251,2548.25,0,0,1
L14-251,2548.375,0,0,1
L14-251,2548.5,0,0,1
L14-251,2548.625,0,0,1
L14-251,2548.75,0,0,1
L14-251,2548.875,0,0,1
L14-251,2549,0,0,1
L14-251,2549.125,0,0,1
L14-251,2549.25,0,0,1
L14-251,2549.375,0,0,1
L14-251,2549.5,0,0,1
L14-251,2549.625,0,0,1
L14-251,2549.75,0,0,1
L14-251,2549.875,0,0,1
L14-251,2550,0,0,1
L14-251,2550.125,0,0,1
L14-251,2550.25,0,0,1
L14-251,2550.375,0,0,1
L14-251,2550.5,0,0,1
L14-251,2550.625,0,0,1
L14-251,2550.75,0,0,1
L14-251,2550.875,0,0,1
L14-251,2551,0,0,1
L14-251,2551.125,0,0,1
L14-251,2551.25,0,0,1
L14-251,2551.375,0,0,1
L14-251,2551.5,0,0,1
L14-251,2551.625,0,0,1
L14-251,2551.75,0,0,1
L14-251,2551.875,0,0,1
L14-251,2552,0,0,1
L14-251,2552.125,0,0,1
L14-251,2552.25,0,0,1
L14-251,2552.375,0,0,1
L14-251,2552.5,0,0,1
L14-251,2552.625,0,0,1
L14-251,2552.75,0,0,1
L14-251,2552.875,0,0,1
L14-251,2553,0,0,1
L14-251,2553.125,0,0,1
L14-251,2553.25,0,0,1
L14-251,2553.375,0,0,1
L14-251,2553.5,0,0,1
L14-251,2553.625,0,0,1
L14-251,2553.75,0,0,1
L14-251,2553.875,0,0,1
L14-251,2554,0,0,1
L14-251,2554.125,0,0,1
L14-251,2554.25,0,0,1
L14-251,2554.375,0,0,1
L14-251,2554.5,0,0,1
L14-251,2554.625,0,0,1
L14-251,2554.75,0,0,1
L14-251,2554.875,0,0,1
L14-251,2555,0,0,1
L14-251,2555.125,0,0,1
L14-251,2555.25,0,0,1
L14-251,2555.375,0,0,1
L14-251,2555.5,0,0,1
L14-251,2555.625,0,0,1
L14-251,2555.75,0,0,1
L14-251,2555.875,0,0,1
L14-251,2556,0,0,1
L14-251,2556.125,0,0,1
L14-251,2556.25,0,0,1
L14-251,2556.375,0,0,1
L14-251,2556.5,1,0,0
L14-251,2556.625,1,0,0
L14-251,2556.75,1,0,0
L14-251,2556.875,1,0,0
L14-251,2557,1,0,0
L14-251,2557.125,1,0,0
L14-251,2557.25,1,0,0
L14-251,2557.375,1,0,0
L14-251,2557.5,1,0,0
L14-251,2557.625,1,0,0
L14-251,2557.75,1,0,0
L14-251,2557.875,1,0,0
L14-251,2558,1,0,0
L14-251,2558.125,1,1,1
L14-251,2558.25,1,1,1
L14-251,2558.375,1,1,1
L14-251,2558.5,1,1,1
L14-251,2558.625,1,1,1
L14-251,2558.75,1,1,1
L14-251,2558.875,1,1,1
L14-251,2559,1,1,1
L14-251,2559.125,1,1,1
L14-251,2559.25,1,1,1
L14-251,2559.375,1,1,1
L14-251,2559.5,1,1,1
L14-251,2559.625,1,1,1
L14-251,2559.75,1,1,1
L14-251,2559.875,1,1,1
L14-251,2560,1,1,1
L14-251,2560.125,1,1,1
L14-251,2560.25,1,1,1
L14-251,2560.375,1,1,1
L14-251,2560.5,1,1,1
L14-251,2560.625,1,1,1
L14-251,2560.75,1,1,1
L14-251,2560.875,1,1,1
L14-251,2561,1,1,1
L14-251,2561.125,1,1,1
L14-251,2561.25,1,1,1
L14-251,2561.375,1,1,1
L14-251,2561.5,1,1,1
L14-251,2561.625,1,1,1
L14-251,2561.75,1,1,1
L14-251,2561.875,1,1,1
L14-251,2562,1,1,1
L14-251,2562.125,1,1,1
L14-251,2562.25,1,1,1
L14-251,2562.375,1,1,1
L14-251,2562.5,1,1,1
L14-251,2562.625,1,1,1
L14-251,2562.75,1,1,1
L14-251,2562.875,1,1,1
L14-251,2563,1,1,1
L14-251,2563.125,1,1,1
L14-251,2563.25,1,1,1
L14-251,2563.375,1,1,1
L14-251,2563.5,1,1,1
L14-251,2563.625,1,1,1
L14-251,2563.75,1,1,1
L14-251,2563.875,1,1,1
L14-251,2564,1,1,1
L14-251,2564.125,1,1,1
L14-251,2564.25,1,1,1
L14-251,2564.375,1,1,1
L14-251,2564.5,1,1,1
L14-251,2564.625,1,1,1
L14-251,2564.75,1,1,1
L14-251,2564.875,1,1,1
L14-251,2565,1,1,1
L14-251,2565.125,1,1,1
L14-251,2565.25,1,1,1
L14-251,2565.375,1,1,1
L14-251,2565.5,1,1,1
L14-251,2565.625,1,1,1
L14-251,2565.75,1,1,1
L14-251,2565.875,1,1,1
L14-251,2566,1,1,1
L14-251,2566.125,1,1,1
L14-251,2566.25,1,1,1
L14-251,2566.375,1,1,1
L14-251,2566.5,1,1,1
L14-251,2566.625,1,1,1
L14-251,2566.75,1,1,1
L14-251,2566.875,1,1,1
L14-251,2567,1,1,1
L14-251,2567.125,1,1,1
L14-251,2567.25,1,1,1
L14-251,2567.375,1,1,1
L14-251,2567.5,1,1,1
L14-251,2567.625,1,1,1
L14-251,2567.75,0,1,0
L14-251,2567.875,0,1,0
L14-251,2568,0,1,0
L14-251,2568.125,0,0,1
L14-251,2568.25,0,0,1
L14-251,2568.375,0,0,1
L14-251,2568.5,0,0,1
L14-251,2568.625,0,0,1
L14-251,2568.75,0,0,1
L14-251,2568.875,0,0,1
L14-251,2569,0,0,1
L14-251,2569.125,0,0,1
L14-251,2569.25,0,0,1
L14-251,2569.375,0,0,1
L14-251,2569.5,0,0,1
L14-251,2569.625,0,0,1
L14-251,2569.75,0,0,1
L14-251,2569.875,0,0,1
L14-251,2570,0,0,1
L14-251,2570.125,0,0,1
L14-251,2570.25,0,0,1
L14-251,2570.375,0,0,1
L14-251,2570.5,0,0,1
L14-251,2570.625,0,0,1
L14-251,2570.75,0,0,1
L14-251,2570.875,0,0,1
L14-251,2571,0,0,1
L14-251,2571.125,0,0,1
L14-251,2571.25,0,0,1
L14-251,2571.375,0,0,1
L14-251,2571.5,0,0,1
L14-251,2571.625,0,0,1
L14-251,2571.75,0,0,1
L14-251,2571.875,0,0,1
L14-251,2572,0,0,1
L14-251,2572.125,0,0,1
L14-251,2572.25,0,0,1
L14-251,2572.375,0,0,1
L14-251,2572.5,0,0,1
L14-251,2572.625,0,0,1
L14-251,2572.75,0,0,1
L14-251,2572.875,0,0,1
L14-251,2573,0,0,1
L14-251,2573.125,0,0,1
L14-251,2573.25,0,0,1
L14-251,2573.375,0,0,1
L14-251,2573.5,0,0,1
L14-251,2573.625,0,0,1
L14-251,2573.75,0,0,1
L14-251,2573.875,0,0,1
L14-251,2574,0,0,1
L14-251,2574.125,0,0,1
L14-251,2574.25,0,0,1
L14-251,2574.375,0,0,1
L14-251,2574.5,0,0,1
L14-251,2574.625,0,0,1
L14-251,2574.75,0,0,1
L14-251,2574.875,0,0,1
L14-251,2575,0,0,1
L14-251,2575.125,0,0,1
L14-251,2575.25,0,0,1
L14-251,2575.375,0,0,1
L14-251,2575.5,0,0,1
L14-251,2575.625,0,0,1
L14-251,2575.75,0,0,1
L14-251,2575.875,0,0,1
L14-251,2576,0,0,1
L14-251,2576.125,0,0,1
L14-251,2576.25,0,0,1
L14-251,2576.375,0,0,1
L14-251,2576.5,0,0,1
L14-251,2576.625,0,0,1
L14-251,2576.75,0,0,1
L14-251,2576.875,0,0,1
L14-251,2577,0,0,1
L14-251,2577.125,0,0,1
L14-251,2577.25,0,0,1
L14-251,2577.375,0,0,1
L14-251,2577.5,0,0,1
L14-251,2577.625,0,0,1
L14-251,2577.75,0,0,1
L14-251,2577.875,0,0,1
L14-251,2578,0,0,1
L14-251,2578.125,0,0,1
L14-251,2578.25,0,0,1
L14-251,2578.375,0,0,1
L14-251,2578.5,0,0,1
L14-251,2578.625,0,0,1
L14-251,2578.75,0,0,1
L14-251,2578.875,0,0,1
L14-251,2579,0,0,1
L14-251,2579.125,0,0,1
L14-251,2579.25,0,0,1
L14-251,2579.375,1,1,1
L14-251,2579.5,1,1,1
L14-251,2579.625,1,1,1
L14-251,2579.75,1,1,1
L14-251,2579.875,1,1,1
L14-251,2580,1,1,1
L14-251,2580.125,1,1,1
L14-251,2580.25,1,1,1
L14-251,2580.375,1,1,1
L14-251,2580.5,1,1,1
L14-251,2580.625,1,1,1
L14-251,2580.75,1,1,1
L14-251,2580.875,1,1,1
L14-251,2581,1,1,1
L14-251,2581.125,1,1,1
L14-251,2581.25,1,1,1
L14-251,2581.375,1,1,1
L14-251,2581.5,1,0,0
L14-251,2581.625,1,0,0
L14-251,2581.75,1,0,0
L14-251,2581.875,1,0,0
L14-251,2582,0,0,1
L14-251,2582.125,0,0,1
L14-251,2582.25,0,0,1
L14-251,2582.375,0,0,1
L14-251,2582.5,0,0,1
L14-251,2582.625,0,0,1
L14-251,2582.75,0,0,1
L14-251,2582.875,0,0,1
L14-251,2583,0,0,1
L14-251,2583.125,0,0,1
L14-251,2583.25,0,0,1
L14-251,2583.375,0,0,1
L14-251,2583.5,0,0,1
L14-251,2583.625,0,0,1
L14-251,2583.75,0,0,1
L14-251,2583.875,0,0,1
L14-251,2584,0,0,1
L14-251,2584.125,0,0,1
L14-251,2584.25,0,0,1
L14-251,2584.375,0,0,1
L14-251,2584.5,0,0,1
L14-251,2584.625,0,0,1
L14-251,2584.75,0,0,1
L14-251,2584.875,0,0,1
L14-251,2585,0,0,1
L14-251,2585.125,0,0,1
L14-251,2585.25,0,0,1
L14-251,2585.375,0,0,1
L14-251,2585.5,0,0,1
L14-251,2585.625,0,0,1
L14-251,2585.75,0,0,1
L14-251,2585.875,0,0,1
L14-251,2586,0,0,1
L14-251,2586.125,0,0,1
L14-251,2586.25,0,0,1
L14-251,2586.375,0,0,1
L14-251,2586.5,0,0,1
L14-251,2586.625,0,0,1
L14-251,2586.75,0,0,1
L14-251,2586.875,0,0,1
L14-251,2587,0,0,1
L14-251,2587.125,0,0,1
L14-251,2587.25,0,0,1
L14-251,2587.375,0,0,1
L14-251,2587.5,0,0,1
L14-251,2587.625,0,0,1
L14-251,2587.75,0,0,1
L14-251,2587.875,0,0,1
L14-251,2588,0,0,1
L14-251,2588.125,0,0,1
L14-251,2588.25,0,0,1
L14-251,2588.375,0,0,1
L14-251,2588.5,0,0,1
L14-251,2588.625,0,0,1
L14-251,2588.75,0,0,1
L14-251,2588.875,0,0,1
L14-251,2589,0,0,1
L14-251,2589.125,0,0,1
L14-251,2589.25,0,0,1
L14-251,2589.375,0,0,1
L14-251,2589.5,0,0,1
L14-251,2589.625,0,0,1
L14-251,2589.75,0,0,1
L14-251,2589.875,0,0,1
L14-251,2590,0,0,1
L14-251,2590.125,0,0,1
L14-251,2590.25,0,0,1
L14-251,2590.375,0,0,1
L14-251,2590.5,0,0,1
L14-251,2590.625,0,0,1
L14-251,2590.75,0,0,1
L14-251,2590.875,0,0,1
L14-251,2591,0,0,1
L14-251,2591.125,0,0,1
L14-251,2591.25,0,0,1
L14-251,2591.375,0,0,1
L14-251,2591.5,0,0,1
L14-251,2591.625,0,0,1
L14-251,2591.75,0,0,1
L14-251,2591.875,0,0,1
L14-251,2592,0,0,1
L14-251,2592.125,0,0,1
L14-251,2592.25,0,0,1
L14-251,2592.375,0,0,1
L14-251,2592.5,0,0,1
L14-251,2592.625,0,0,1
L14-251,2592.75,0,0,1
L14-251,2592.875,0,0,1
L14-251,2593,0,0,1
L14-251,2593.125,0,0,1
L14-251,2593.25,0,0,1
L14-251,2593.375,0,0,1
L14-251,2593.5,0,0,1
L14-251,2593.625,0,0,1
L14-251,2593.75,0,0,1
L14-251,2593.875,0,0,1
L14-251,2594,0,0,1
L14-251,2594.125,0,0,1
L14-251,2594.25,0,0,1
L14-251,2594.375,0,0,1
L14-251,2594.5,0,0,1
L14-251,2594.625,0,0,1
L14-251,2594.75,0,0,1
L14-251,2594.875,0,0,1
L14-251,2595,0,0,1
L14-251,2595.125,0,0,1
L14-251,2595.25,0,0,1
L14-251,2595.375,0,0,1
L14-251,2595.5,0,0,1
L14-251,2595.625,0,0,1
L14-251,2595.75,0,0,1
L14-251,2595.875,0,0,1
L14-251,2596,0,0,1
L14-251,2596.125,0,0,1
L14-251,2596.25,0,0,1
L14-251,2596.375,0,0,1
L14-251,2596.5,0,0,1
L14-251,2596.625,0,0,1
L14-251,2596.75,0,0,1
L14-251,2596.875,0,0,1
L14-251,2597,0,0,1
L14-251,2597.125,0,0,1
L14-251,2597.25,0,0,1
L14-251,2597.375,0,0,1
L14-251,2597.5,0,0,1
L14-251,2597.625,0,0,1
L14-251,2597.75,0,0,1
L14-251,2597.875,0,0,1
L14-251,2598,0,0,1
L14-251,2598.125,0,0,1
L14-251,2598.25,0,0,1
L14-251,2598.375,0,0,1
L14-251,2598.5,0,0,1
L14-251,2598.625,0,0,1
L14-251,2598.75,0,0,1
L14-251,2598.875,0,0,1
L14-251,2599,0,0,1
L14-251,2599.125,0,0,1
L14-251,2599.25,0,0,1
L14-251,2599.375,0,0,1
L14-251,2599.5,0,0,1
L14-251,2599.625,0,0,1
L14-251,2599.75,0,0,1
L14-251,2599.875,0,0,1
L14-251,2600,0,0,1
L14-251,2600.125,0,0,1
L14-251,2600.25,0,0,1
L14-251,2600.375,0,0,1
L14-251,2600.5,0,0,1
L14-251,2600.625,0,0,1
L14-251,2600.75,0,0,1
L14-251,2600.875,0,0,1
L14-251,2601,0,0,1
L14-251,2601.125,0,0,1
L14-251,2601.25,0,0,1
L14-251,2601.375,0,0,1
L14-251,2601.5,0,0,1
L14-251,2601.625,0,0,1
L14-251,2601.75,0,0,1
L14-251,2601.875,0,0,1
L14-251,2602,0,0,1
L14-251,2602.125,0,0,1
L14-251,2602.25,0,0,1
L14-251,2602.375,0,0,1
L14-251,2602.5,0,0,1
L14-251,2602.625,0,0,1
L14-251,2602.75,0,0,1
L14-251,2602.875,0,0,1
L14-251,2603,0,0,1
L14-251,2603.125,1,0,0
L14-251,2603.25,1,1,1
L14-251,2603.375,1,1,1
L14-251,2603.5,1,1,1
L14-251,2603.625,1,1,1
L14-251,2603.75,1,1,1
L14-251,2603.875,1,1,1
L14-251,2604,1,1,1
L14-251,2604.125,1,1,1
L14-251,2604.25,1,1,1
L14-251,2604.375,1,1,1
L14-251,2604.5,1,1,1
L14-251,2604.625,1,1,1
L14-251,2604.75,1,1,1
L14-251,2604.875,1,0,0
L14-251,2605,0,0,1
L14-251,2605.125,0,0,1
L14-251,2605.25,0,0,1
L14-251,2605.375,0,0,1
L14-251,2605.5,0,0,1
L14-251,2605.625,1,0,0
L14-251,2605.75,1,0,0
L14-251,2605.875,1,0,0
L14-251,2606,1,0,0
L14-251,2606.125,1,0,0
L14-251,2606.25,1,0,0
L14-251,2606.375,1,0,0
L14-251,2606.5,1,0,0
L14-251,2606.625,1,0,0
L14-251,2606.75,1,0,0
L14-251,2606.875,1,0,0
L14-251,2607,0,0,1
L14-251,2607.125,0,0,1
L14-251,2607.25,0,0,1
L14-251,2607.375,0,0,1
L14-251,2607.5,0,0,1
L14-251,2607.625,0,0,1
L14-251,2607.75,0,0,1
L14-251,2607.875,0,0,1
L14-251,2608,0,0,1
L14-251,2608.125,0,0,1
L14-251,2608.25,0,0,1
L14-251,2608.375,0,0,1
L14-251,2608.5,0,0,1
L14-251,2608.625,0,0,1
L14-251,2608.75,0,0,1
L14-251,2608.875,0,0,1
L14-251,2609,0,0,1
L14-251,2609.125,0,0,1
L14-251,2609.25,0,0,1
L14-251,2609.375,0,0,1
L14-251,2609.5,0,0,1
L14-251,2609.625,0,0,1
L14-251,2609.75,0,0,1
L14-251,2609.875,0,0,1
L14-251,2610,0,0,1
L14-251,2610.125,0,0,1
L14-251,2610.25,0,0,1
L14-251,2610.375,0,0,1
L14-251,2610.5,0,0,1
L14-251,2610.625,0,0,1
L14-251,2610.75,0,0,1
L14-251,2610.875,0,0,1
L14-251,2611,0,0,1
L14-251,2611.125,0,0,1
L14-251,2611.25,0,0,1
L14-251,2611.375,0,0,1
L14-251,2611.5,0,0,1
L14-251,2611.625,0,0,1
L14-251,2611.75,0,0,1
L14-251,2611.875,0,0,1
L14-251,2612,0,0,1
L14-251,2612.125,0,0,1
L14-251,2612.25,0,0,1
L14-251,2612.375,0,0,1
L14-251,2612.5,0,0,1
L14-251,2612.625,0,0,1
L14-251,2612.75,0,0,1
L14-251,2612.875,0,0,1
L14-251,2613,0,0,1
L14-251,2613.125,0,0,1
L14-251,2613.25,0,0,1
L14-251,2613.375,0,0,1
L14-251,2613.5,0,0,1
L14-251,2613.625,0,0,1
L14-251,2613.75,0,0,1
L14-251,2613.875,0,0,1
L14-251,2614,0,0,1
L14-251,2614.125,0,0,1
L14-251,2614.25,0,0,1
L14-251,2614.375,0,0,1
L14-251,2614.5,0,0,1
L14-251,2614.625,0,0,1
L14-251,2614.75,0,0,1
L14-251,2614.875,0,0,1
L14-251,2615,0,0,1
L14-251,2615.125,0,0,1
L14-251,2615.25,0,0,1
L14-251,2615.375,0,0,1
L14-251,2615.5,0,0,1
L14-251,2615.625,0,0,1
L14-251,2615.75,0,0,1
L14-251,2615.875,0,0,1
L14-251,2616,0,0,1
L14-251,2616.125,0,0,1
L14-251,2616.25,0,0,1
L14-251,2616.375,0,0,1
L14-251,2616.5,0,0,1
L14-251,2616.625,0,0,1
L14-251,2616.75,0,0,1
L14-251,2616.875,0,0,1
L14-251,2617,0,0,1
L14-251,2617.125,0,0,1
L14-251,2617.25,0,0,1
L14-251,2617.375,0,0,1
L14-251,2617.5,0,0,1
L14-251,2617.625,0,0,1
L14-251,2617.75,0,0,1
L14-251,2617.875,0,0,1
L14-251,2618,0,0,1
L14-251,2618.125,0,0,1
L14-251,2618.25,0,0,1
L14-251,2618.375,0,0,1
L14-251,2618.5,0,0,1
L14-251,2618.625,0,0,1
L14-251,2618.75,0,0,1
L14-251,2618.875,0,0,1
L14-251,2619,0,0,1
L14-251,2619.125,0,0,1
L14-251,2619.25,0,0,1
L14-251,2619.375,0,0,1
L14-251,2619.5,0,0,1
L14-251,2619.625,0,0,1
L14-251,2619.75,0,0,1
L14-251,2619.875,0,0,1
L14-251,2620,0,0,1
L14-251,2620.125,0,0,1
L14-251,2620.25,0,0,1
L14-251,2620.375,0,0,1
L14-251,2620.5,0,0,1
L14-251,2620.625,0,0,1
L14-251,2620.75,0,0,1
L14-251,2620.875,0,0,1
L14-251,2621,0,0,1
L14-251,2621.125,0,0,1
L14-251,2621.25,0,0,1
L14-251,2621.375,0,0,1
L14-251,2621.5,0,0,1
L14-251,2621.625,0,0,1
L14-251,2621.75,0,0,1
L14-251,2621.875,0,0,1
L14-251,2622,0,0,1
L14-251,2622.125,0,0,1
L14-251,2622.25,0,0,1
L14-251,2622.375,0,0,1
L14-251,2622.5,0,0,1
L14-251,2622.625,0,0,1
L14-251,2622.75,0,0,1
L14-251,2622.875,0,0,1
L14-251,2623,0,0,1
L14-251,2623.125,0,0,1
L14-251,2623.25,0,0,1
L14-251,2623.375,0,0,1
L14-251,2623.5,0,0,1
L14-251,2623.625,0,0,1
L14-251,2623.75,0,0,1
L14-251,2623.875,0,0,1
L14-251,2624,0,0,1
L14-251,2624.125,0,0,1
L14-251,2624.25,0,0,1
L14-251,2624.375,0,0,1
L14-251,2624.5,0,0,1
L14-251,2624.625,0,0,1
L14-251,2624.75,0,0,1
L14-251,2624.875,0,0,1
L14-251,2625,0,0,1
L14-251,2625.125,0,0,1
L14-251,2625.25,0,0,1
L14-251,2625.375,0,0,1
L14-251,2625.5,0,0,1
L14-251,2625.625,0,0,1
L14-251,2625.75,0,0,1
L14-251,2625.875,0,0,1
L14-251,2626,0,0,1
L14-251,2626.125,0,0,1
L14-251,2626.25,0,0,1
L14-251,2626.375,0,0,1
L14-251,2626.5,1,0,0
L14-251,2626.625,1,0,0
L14-251,2626.75,1,0,0
L14-251,2626.875,1,0,0
L14-251,2627,1,0,0
L14-251,2627.125,1,0,0
L14-251,2627.25,1,0,0
L14-251,2627.375,1,1,1
L14-251,2627.5,1,1,1
L14-251,2627.625,1,1,1
L14-251,2627.75,1,1,1
L14-251,2627.875,1,1,1
L14-251,2628,1,0,0
L14-251,2628.125,1,0,0
L14-251,2628.25,1,0,0
L14-251,2628.375,1,0,0
L14-251,2628.5,1,0,0
L14-251,2628.625,1,0,0
L14-251,2628.75,1,0,0
L14-251,2628.875,1,0,0
L14-251,2629,1,0,0
L14-251,2629.125,1,1,1
L14-251,2629.25,1,1,1
L14-251,2629.375,1,1,1
L14-251,2629.5,1,1,1
L14-251,2629.625,1,1,1
L14-251,2629.75,1,1,1
L14-251,2629.875,1,1,1
L14-251,2630,1,1,1
L14-251,2630.125,1,1,1
L14-251,2630.25,1,1,1
L14-251,2630.375,1,1,1
L14-251,2630.5,1,1,1
L14-251,2630.625,1,1,1
L14-251,2630.75,1,1,1
L14-251,2630.875,1,1,1
L14-251,2631,1,1,1
L14-251,2631.125,1,1,1
L14-251,2631.25,1,1,1
L14-251,2631.375,1,1,1
L14-251,2631.5,1,1,1
L14-251,2631.625,1,1,1
L14-251,2631.75,1,1,1
L14-251,2631.875,1,1,1
L14-251,2632,1,1,1
L14-251,2632.125,1,1,1
L14-251,2632.25,1,1,1
L14-251,2632.375,1,1,1
L14-251,2632.5,1,1,1
L14-251,2632.625,1,1,1
L14-251,2632.75,1,0,0
L14-251,2632.875,1,0,0
L14-251,2633,1,0,0
L14-251,2633.125,1,0,0
L14-251,2633.25,0,0,1
L14-251,2633.375,0,0,1
L14-251,2633.5,0,0,1
L14-251,2633.625,0,0,1
L14-251,2633.75,0,0,1
L14-251,2633.875,0,0,1
L14-251,2634,0,0,1
L14-251,2634.125,0,0,1
L14-251,2634.25,0,0,1
L14-251,2634.375,0,0,1
L14-251,2634.5,0,0,1
L14-251,2634.625,0,0,1
L14-251,2634.75,0,0,1
L14-251,2634.875,0,0,1
L14-251,2635,0,0,1
L14-251,2635.125,0,0,1
L14-251,2635.25,0,0,1
L14-251,2635.375,0,0,1
L14-251,2635.5,0,0,1
L14-251,2635.625,0,0,1
L14-251,2635.75,0,0,1
L14-251,2635.875,0,0,1
L14-251,2636,0,0,1
L14-251,2636.125,0,0,1
L14-251,2636.25,0,0,1
L14-251,2636.375,0,0,1
L14-251,2636.5,0,0,1
L14-251,2636.625,0,0,1
L14-251,2636.75,0,0,1
L14-251,2636.875,0,0,1
L14-251,2637,0,0,1
L14-251,2637.125,0,0,1
L14-251,2637.25,0,0,1
L14-251,2637.375,0,0,1
L14-251,2637.5,0,0,1
L14-251,2637.625,0,0,1
L14-251,2637.75,0,0,1
L14-251,2637.875,0,0,1
L14-251,2638,0,0,1
L14-251,2638.125,0,0,1
L14-251,2638.25,0,0,1
L14-251,2638.375,0,0,1
L14-251,2638.5,0,0,1
L14-251,2638.625,0,0,1
L14-251,2638.75,0,0,1
L14-251,2638.875,0,0,1
L14-251,2639,0,0,1
L14-251,2639.125,0,0,1
L14-251,2639.25,0,0,1
L14-251,2639.375,0,0,1
L14-251,2639.5,0,0,1
L14-251,2639.625,0,0,1
L14-251,2639.75,0,0,1
L14-251,2639.875,0,0,1
L14-251,2640,0,0,1
L14-251,2640.125,0,0,1
L14-251,2640.25,0,0,1
L14-251,2640.375,0,0,1
L14-251,2640.5,0,0,1
L14-251,2640.625,0,0,1
L14-251,2640.75,0,0,1
L14-251,2640.875,0,0,1
L14-251,2641,0,0,1
L14-251,2641.125,0,0,1
L14-251,2641.25,0,0,1
L14-251,2641.375,0,0,1
L14-251,2641.5,0,0,1
L14-251,2641.625,0,0,1
L14-251,2641.75,0,0,1
L14-251,2641.875,0,0,1
L14-251,2642,0,0,1
L14-251,2642.125,0,0,1
L14-251,2642.25,0,0,1
L14-251,2642.375,0,0,1
L14-251,2642.5,0,0,1
L14-251,2642.625,0,0,1
L14-251,2642.75,0,0,1
L14-251,2642.875,0,0,1
L14-251,2643,0,0,1
L14-251,2643.125,0,0,1
L14-251,2643.25,0,0,1
L14-251,2643.375,0,0,1
L14-251,2643.5,0,0,1
L14-251,2643.625,0,0,1
L14-251,2643.75,0,0,1
L14-251,2643.875,0,0,1
L14-251,2644,0,0,1
L14-251,2644.125,0,0,1
L14-251,2644.25,0,0,1
L14-251,2644.375,0,0,1
L14-251,2644.5,0,0,1
L14-251,2644.625,0,0,1
L14-251,2644.75,0,0,1
L14-251,2644.875,0,0,1
L14-251,2645,0,0,1
L14-251,2645.125,0,0,1
L14-251,2645.25,0,0,1
L14-251,2645.375,0,0,1
L14-251,2645.5,0,0,1
L14-251,2645.625,0,0,1
L14-251,2645.75,0,0,1
L14-251,2645.875,0,0,1
L14-251,2646,0,0,1
L14-251,2646.125,0,0,1
L14-251,2646.25,0,0,1
L14-251,2646.375,0,0,1
L14-251,2646.5,0,0,1
L14-251,2646.625,0,0,1
L14-251,2646.75,0,0,1
L14-251,2646.875,0,0,1
L14-251,2647,0,0,1
L14-251,2647.125,0,0,1
L14-251,2647.25,0,0,1
L14-251,2647.375,0,0,1
L14-251,2647.5,0,0,1
L14-251,2647.625,0,0,1
L14-251,2647.75,0,0,1
L14-251,2647.875,0,0,1
L14-251,2648,0,0,1
L14-251,2648.125,0,0,1
L14-251,2648.25,0,0,1
L14-251,2648.375,0,0,1
L14-251,2648.5,0,0,1
L14-251,2648.625,0,0,1
L14-251,2648.75,0,0,1
L14-251,2648.875,0,0,1
L14-251,2649,0,0,1
L14-251,2649.125,0,0,1
L14-251,2649.25,0,0,1
L14-251,2649.375,0,0,1
L14-251,2649.5,0,0,1
L14-251,2649.625,0,0,1
L14-251,2649.75,0,0,1
L14-251,2649.875,0,0,1
L14-251,2650,0,0,1
L14-251,2650.125,0,0,1
L14-251,2650.25,0,0,1
L14-251,2650.375,0,0,1
L14-251,2650.5,0,0,1
L14-251,2650.625,0,0,1
L14-251,2650.75,0,0,1
L14-251,2650.875,0,0,1
L14-251,2651,0,0,1
L14-251,2651.125,0,0,1
L14-251,2651.25,0,0,1
L14-251,2651.375,0,0,1
L14-251,2651.5,0,0,1
L14-251,2651.625,0,0,1
L14-251,2651.75,0,0,1
L14-251,2651.875,0,0,1
L14-251,2652,0,0,1
L14-251,2652.125,0,0,1
L14-251,2652.25,0,0,1
L14-251,2652.375,0,0,1
L14-251,2652.5,0,0,1
L14-251,2652.625,0,0,1
L14-251,2652.75,0,0,1
L14-251,2652.875,0,0,1
L14-251,2653,0,0,1
L14-251,2653.125,0,0,1
L14-251,2653.25,0,0,1
L14-251,2653.375,0,0,1
L14-251,2653.5,0,0,1
L14-251,2653.625,0,0,1
L14-251,2653.75,0,0,1
L14-251,2653.875,0,0,1
L14-251,2654,0,0,1
L14-251,2654.125,0,0,1
L14-251,2654.25,0,0,1
L14-251,2654.375,0,0,1
L14-251,2654.5,0,0,1
L14-251,2654.625,0,0,1
L14-251,2654.75,0,0,1
L14-251,2654.875,0,0,1
L14-251,2655,0,0,1
L14-251,2655.125,0,0,1
L14-251,2655.25,0,0,1
L14-251,2655.375,0,0,1
L14-251,2655.5,0,0,1
L14-251,2655.625,0,0,1
L14-251,2655.75,0,0,1
L14-251,2655.875,0,0,1
L14-251,2656,0,0,1
L14-251,2656.125,0,0,1
L14-251,2656.25,0,0,1
L14-251,2656.375,0,0,1
L14-251,2656.5,0,0,1
L14-251,2656.625,0,0,1
L14-251,2656.75,0,0,1
L14-251,2656.875,0,0,1
L14-251,2657,0,0,1
L14-251,2657.125,0,0,1
L14-251,2657.25,0,0,1
L14-251,2657.375,0,0,1
L14-251,2657.5,0,0,1
L14-251,2657.625,0,0,1
L14-251,2657.75,0,0,1
L14-251,2657.875,0,0,1
L14-251,2658,0,0,1
L14-251,2658.125,0,0,1
L14-251,2658.25,0,0,1
L14-251,2658.375,0,0,1
L14-251,2658.5,0,0,1
L14-251,2658.625,0,0,1
L14-251,2658.75,0,0,1
L14-251,2658.875,0,0,1
L14-251,2659,0,0,1
L14-251,2659.125,0,0,1
L14-251,2659.25,0,0,1
L14-251,2659.375,0,0,1
L14-251,2659.5,0,0,1
L14-251,2659.625,0,0,1
L14-251,2659.75,0,0,1
L14-251,2659.875,0,0,1
L14-251,2660,0,0,1
L14-251,2660.125,0,0,1
L14-251,2660.25,0,0,1
L14-251,2660.375,0,0,1
L14-251,2660.5,0,0,1
L14-251,2660.625,0,0,1
L14-251,2660.75,0,0,1
L14-251,2660.875,0,0,1
L14-251,2661,0,0,1
L14-251,2661.125,0,0,1
L14-251,2661.25,0,0,1
L14-251,2661.375,0,0,1
L14-251,2661.5,0,0,1
L14-251,2661.625,0,0,1
L14-251,2661.75,0,0,1
L14-251,2661.875,0,0,1
L14-251,2662,0,0,1
L14-251,2662.125,0,0,1
L14-251,2662.25,0,0,1
L14-251,2662.375,0,0,1
L14-251,2662.5,0,0,1
L14-251,2662.625,0,0,1
L14-251,2662.75,0,0,1
L14-251,2662.875,0,0,1
L14-251,2663,0,0,1
L14-251,2663.125,0,0,1
L14-251,2663.25,0,0,1
L14-251,2663.375,0,0,1
L14-251,2663.5,0,0,1
L14-251,2663.625,0,0,1
L14-251,2663.75,0,0,1
L14-251,2663.875,0,0,1
L14-251,2664,0,0,1
L14-251,2664.125,0,0,1
L14-251,2664.25,0,0,1
L14-251,2664.375,0,0,1
L14-251,2664.5,0,0,1
L14-251,2664.625,0,0,1
L14-251,2664.75,0,0,1
L14-251,2664.875,0,0,1
L14-251,2665,0,0,1
L14-251,2665.125,0,0,1
L14-251,2665.25,0,0,1
L14-251,2665.375,0,0,1
L14-251,2665.5,0,0,1
L14-251,2665.625,0,0,1
L14-251,2665.75,0,0,1
L14-251,2665.875,0,0,1
L14-251,2666,0,0,1
L14-251,2666.125,0,0,1
L14-251,2666.25,0,0,1
L14-251,2666.375,0,0,1
L14-251,2666.5,0,0,1
L14-251,2666.625,0,0,1
L14-251,2666.75,0,0,1
L14-251,2666.875,0,0,1
L14-251,2667,0,0,1
L14-251,2667.125,0,0,1
L14-251,2667.25,0,0,1
L14-251,2667.375,0,0,1
L14-251,2667.5,0,0,1
L14-251,2667.625,0,0,1
L14-251,2667.75,0,0,1
L14-251,2667.875,0,0,1
L14-251,2668,0,0,1
L14-251,2668.125,0,0,1
L14-251,2668.25,0,0,1
L14-251,2668.375,0,0,1
L14-251,2668.5,0,0,1
L14-251,2668.625,0,0,1
L14-251,2668.75,0,0,1
L14-251,2668.875,0,0,1
L14-251,2669,0,0,1
L14-251,2669.125,0,0,1
L14-251,2669.25,0,0,1
L14-251,2669.375,0,0,1
L14-251,2669.5,0,0,1
L14-251,2669.625,0,0,1
L14-251,2669.75,0,0,1
L14-251,2669.875,0,0,1
L14-251,2670,0,0,1
L14-251,2670.125,0,0,1
L14-251,2670.25,0,0,1
L14-251,2670.375,0,0,1
L14-251,2670.5,0,0,1
L14-251,2670.625,0,0,1
L14-251,2670.75,0,0,1
L14-251,2670.875,0,0,1
L14-251,2671,0,0,1
L14-251,2671.125,0,0,1
L14-251,2671.25,0,0,1
L14-251,2671.375,0,0,1
L14-251,2671.5,0,0,1
L14-251,2671.625,0,0,1
L14-251,2671.75,0,0,1
L14-251,2671.875,0,0,1
L14-251,2672,0,0,1
L14-251,2672.125,0,0,1
L14-251,2672.25,0,0,1
L14-251,2672.375,0,0,1
L14-251,2672.5,0,0,1
L14-251,2672.625,0,0,1
L14-251,2672.75,0,0,1
L14-251,2672.875,0,0,1
L14-251,2673,0,0,1
L14-251,2673.125,0,0,1
L14-251,2673.25,0,0,1
L14-251,2673.375,0,0,1
L14-251,2673.5,0,0,1
L14-251,2673.625,0,0,1
L14-251,2673.75,0,0,1
L14-251,2673.875,0,0,1
L14-251,2674,0,0,1
L14-251,2674.125,0,0,1
L14-251,2674.25,0,0,1
L14-251,2674.375,0,0,1
L14-251,2674.5,0,0,1
L14-251,2674.625,0,0,1
L14-251,2674.75,0,0,1
L14-251,2674.875,0,0,1
L14-251,2675,0,0,1
L14-251,2675.125,0,0,1
L14-251,2675.25,0,0,1
L14-251,2675.375,0,0,1
L14-251,2675.5,0,0,1
L14-251,2675.625,0,0,1
L14-251,2675.75,0,0,1
L14-251,2675.875,0,0,1
L14-251,2676,0,0,1
L14-251,2676.125,0,0,1
L14-251,2676.25,0,0,1
L14-251,2676.375,0,0,1
L14-251,2676.5,0,0,1
L14-251,2676.625,0,0,1
L14-251,2676.75,0,0,1
L14-251,2676.875,0,0,1
L14-251,2677,0,0,1
L14-251,2677.125,0,0,1
L14-251,2677.25,0,0,1
L14-251,2677.375,0,0,1
L14-251,2677.5,0,0,1
L14-251,2677.625,0,0,1
L14-251,2677.75,0,0,1
L14-251,2677.875,0,0,1
L14-251,2678,0,0,1
L14-251,2678.125,0,0,1
L14-251,2678.25,0,0,1
L14-251,2678.375,0,0,1
L14-251,2678.5,0,0,1
L14-251,2678.625,0,0,1
L14-251,2678.75,0,0,1
L14-251,2678.875,0,0,1
L14-251,2679,0,0,1
L14-251,2679.125,0,0,1
L14-251,2679.25,0,0,1
L14-251,2679.375,0,0,1
L14-251,2679.5,0,0,1
L14-251,2679.625,0,0,1
L14-251,2679.75,0,0,1
L14-251,2679.875,0,0,1
L14-251,2680,0,0,1
L14-251,2680.125,0,0,1
L14-251,2680.25,0,0,1
L14-251,2680.375,0,0,1
L14-251,2680.5,0,0,1
L14-251,2680.625,1,1,1
L14-251,2680.75,1,1,1
L14-251,2680.875,1,1,1
L14-251,2681,1,1,1
L14-251,2681.125,1,1,1
L14-251,2681.25,1,1,1
L14-251,2681.375,1,1,1
L14-251,2681.5,1,1,1
L14-251,2681.625,1,1,1
L14-251,2681.75,1,1,1
L14-251,2681.875,1,1,1
L14-251,2682,1,1,1
L14-251,2682.125,1,1,1
L14-251,2682.25,1,1,1
L14-251,2682.375,1,1,1
L14-251,2682.5,1,1,1
L14-251,2682.625,1,1,1
L14-251,2682.75,1,1,1
L14-251,2682.875,1,1,1
L14-251,2683,1,1,1
L14-251,2683.125,1,1,1
L14-251,2683.25,1,1,1
L14-251,2683.375,1,1,1
L14-251,2683.5,1,1,1
L14-251,2683.625,1,1,1
L14-251,2683.75,1,1,1
L14-251,2683.875,1,1,1
L14-251,2684,1,1,1
L14-251,2684.125,1,1,1
L14-251,2684.25,1,1,1
L14-251,2684.375,1,1,1
L14-251,2684.5,1,1,1
L14-251,2684.625,1,1,1
L14-251,2684.75,1,1,1
L14-251,2684.875,1,1,1
L14-251,2685,1,1,1
L14-251,2685.125,1,1,1
L14-251,2685.25,1,1,1
L14-251,2685.375,1,1,1
L14-251,2685.5,1,1,1
L14-251,2685.625,1,1,1
L14-251,2685.75,1,1,1
L14-251,2685.875,1,1,1
L14-251,2686,1,1,1
L14-251,2686.125,1,1,1
L14-251,2686.25,1,1,1
L14-251,2686.375,1,1,1
L14-251,2686.5,0,1,0
L14-251,2686.625,0,1,0
L14-251,2686.75,0,1,0
L14-251,2686.875,0,1,0
L14-251,2687,0,1,0
L14-251,2687.125,0,1,0
L14-251,2687.25,0,1,0
L14-251,2687.375,0,1,0
L14-251,2687.5,1,1,1
L14-251,2687.625,1,1,1
L14-251,2687.75,1,1,1
L14-251,2687.875,1,1,1
L14-251,2688,1,1,1
L14-251,2688.125,1,1,1
L14-251,2688.25,1,1,1
L14-251,2688.375,1,1,1
L14-251,2688.5,1,1,1
L14-251,2688.625,1,1,1
L14-251,2688.75,1,1,1
L14-251,2688.875,1,1,1
L14-251,2689,1,1,1
L14-251,2689.125,1,1,1
L14-251,2689.25,1,1,1
L14-251,2689.375,1,1,1
L14-251,2689.5,1,1,1
L14-251,2689.625,1,1,1
L14-251,2689.75,1,1,1
L14-251,2689.875,1,1,1
L14-251,2690,1,1,1
L14-251,2690.125,1,1,1
L14-251,2690.25,1,1,1
L14-251,2690.375,1,1,1
L14-251,2690.5,1,1,1
L14-251,2690.625,0,0,1
L14-251,2690.75,0,0,1
L14-251,2690.875,0,0,1
L14-251,2691,0,0,1
L14-251,2691.125,0,0,1
L14-251,2691.25,0,0,1
L14-251,2691.375,0,0,1
L14-251,2691.5,0,0,1
L14-251,2691.625,0,0,1
L14-251,2691.75,0,0,1
L14-251,2691.875,0,0,1
L14-251,2692,0,0,1
L14-251,2692.125,0,0,1
L14-251,2692.25,0,0,1
L14-251,2692.375,0,0,1
L14-251,2692.5,0,0,1
L14-251,2692.625,0,0,1
L14-251,2692.75,0,0,1
L14-251,2692.875,0,0,1
L14-251,2693,0,0,1
L14-251,2693.125,0,0,1
L14-251,2693.25,0,0,1
L14-251,2693.375,0,0,1
L14-251,2693.5,0,0,1
L14-251,2693.625,0,0,1
L14-251,2693.75,0,0,1
L14-251,2693.875,0,0,1
L14-251,2694,0,0,1
L14-251,2694.125,0,0,1
L14-251,2694.25,0,0,1
L14-251,2694.375,0,0,1
L14-251,2694.5,0,0,1
L14-251,2694.625,0,0,1
L14-251,2694.75,0,0,1
L14-251,2694.875,0,0,1
L14-251,2695,0,0,1
L14-251,2695.125,0,0,1
L14-251,2695.25,0,0,1
L14-251,2695.375,0,0,1
L14-251,2695.5,0,0,1
L14-251,2695.625,0,0,1
L14-251,2695.75,0,0,1
L14-251,2695.875,0,0,1
L14-251,2696,0,0,1
L14-251,2696.125,0,0,1
L14-251,2696.25,0,0,1
L14-251,2696.375,0,0,1
L14-251,2696.5,0,0,1
L14-251,2696.625,0,0,1
L14-251,2696.75,0,0,1
L14-251,2696.875,0,0,1
L14-251,2697,0,0,1
L14-251,2697.125,0,0,1
L14-251,2697.25,0,0,1
L14-251,2697.375,0,0,1
L14-251,2697.5,0,0,1
L14-251,2697.625,0,0,1
L14-251,2697.75,0,0,1
L14-251,2697.875,0,0,1
L14-251,2698,0,0,1
L14-251,2698.125,0,0,1
L14-251,2698.25,0,0,1
L14-251,2698.375,0,0,1
L14-251,2698.5,0,0,1
L14-251,2698.625,0,0,1
L14-251,2698.75,0,0,1
L14-251,2698.875,0,0,1
L14-251,2699,0,0,1
L14-251,2699.125,0,0,1
L14-251,2699.25,0,0,1
L14-251,2699.375,0,0,1
L14-251,2699.5,0,0,1
L14-251,2699.625,0,0,1
L14-251,2699.75,0,0,1
L14-251,2699.875,0,0,1
L14-251,2700,0,0,1
L14-251,2700.125,0,0,1
L14-251,2700.25,0,0,1
L14-251,2700.375,0,0,1
L14-251,2700.5,0,0,1
L14-251,2700.625,0,0,1
L14-251,2700.75,0,0,1
L14-251,2700.875,0,0,1
L14-251,2701,0,0,1
L14-251,2701.125,0,0,1
L14-251,2701.25,0,0,1
L14-251,2701.375,0,0,1
L14-251,2701.5,0,0,1
L14-251,2701.625,0,0,1
L14-251,2701.75,0,0,1
L14-251,2701.875,0,0,1
L14-251,2702,1,0,0
L14-251,2702.125,1,0,0
L14-251,2702.25,1,0,0
L14-251,2702.375,1,0,0
L14-251,2702.5,1,0,0
L14-251,2702.625,1,0,0
L14-251,2702.75,1,0,0
L14-251,2702.875,1,0,0
L14-251,2703,1,0,0
L14-251,2703.125,1,0,0
L14-251,2703.25,1,0,0
L14-251,2703.375,1,0,0
L14-251,2703.5,1,0,0
L14-251,2703.625,0,0,1
L14-251,2703.75,0,0,1
L14-251,2703.875,0,0,1
L14-251,2704,0,0,1
L14-251,2704.125,0,0,1
L14-251,2704.25,0,0,1
L14-251,2704.375,0,0,1
L14-251,2704.5,0,0,1
L14-251,2704.625,0,0,1
L14-251,2704.75,0,0,1
L14-251,2704.875,0,0,1
L14-251,2705,0,0,1
L14-251,2705.125,0,0,1
L14-251,2705.25,0,0,1
L14-251,2705.375,0,0,1
L14-251,2705.5,0,0,1
L14-251,2705.625,0,0,1
L14-251,2705.75,0,0,1
L14-251,2705.875,0,0,1
L14-251,2706,0,0,1
L14-251,2706.125,0,0,1
L14-251,2706.25,0,0,1
L14-251,2706.375,0,0,1
L14-251,2706.5,0,0,1
L14-251,2706.625,0,0,1
L14-251,2706.75,0,0,1
L14-251,2706.875,0,0,1
L14-251,2707,0,0,1
L14-251,2707.125,0,0,1
L14-251,2707.25,0,0,1
L14-251,2707.375,0,0,1
L14-251,2707.5,0,0,1
L14-251,2707.625,0,0,1
L14-251,2707.75,0,0,1
L14-251,2707.875,0,0,1
L14-251,2708,1,0,0
L14-251,2708.125,1,0,0
L14-251,2708.25,1,0,0
L14-251,2708.375,1,0,0
L14-251,2708.5,1,0,0
L14-251,2708.625,1,0,0
L14-251,2708.75,1,1,1
L14-251,2708.875,1,1,1
L14-251,2709,1,1,1
L14-251,2709.125,1,1,1
L14-251,2709.25,1,1,1
L14-251,2709.375,1,1,1
L14-251,2709.5,1,1,1
L14-251,2709.625,1,1,1
L14-251,2709.75,1,1,1
L14-251,2709.875,1,1,1
L14-251,2710,1,1,1
L14-251,2710.125,1,1,1
L14-251,2710.25,1,1,1
L14-251,2710.375,1,1,1
L14-251,2710.5,1,1,1
L14-251,2710.625,1,1,1
L14-251,2710.75,1,1,1
L14-251,2710.875,1,1,1
L14-251,2711,1,1,1
L14-251,2711.125,1,1,1
L14-251,2711.25,1,1,1
L14-251,2711.375,1,1,1
L14-251,2711.5,1,1,1
L14-251,2711.625,1,1,1
L14-251,2711.75,1,1,1
L14-251,2711.875,1,1,1
L14-251,2712,1,1,1
L14-251,2712.125,1,1,1
L14-251,2712.25,1,1,1
L14-251,2712.375,1,1,1
L14-251,2712.5,1,1,1
L14-251,2712.625,1,1,1
L14-251,2712.75,1,1,1
L14-251,2712.875,1,1,1
L14-251,2713,1,1,1
L14-251,2713.125,1,1,1
L14-251,2713.25,1,1,1
L14-251,2713.375,1,1,1
L14-251,2713.5,1,1,1
L14-251,2713.625,1,1,1
L14-251,2713.75,1,1,1
L14-251,2713.875,1,1,1
L14-251,2714,1,1,1
L14-251,2714.125,1,1,1
L14-251,2714.25,1,1,1
L14-251,2714.375,1,1,1
L14-251,2714.5,1,1,1
L14-251,2714.625,1,1,1
L14-251,2714.75,1,1,1
L14-251,2714.875,1,1,1
L14-251,2715,1,1,1
L14-251,2715.125,1,1,1
L14-251,2715.25,1,1,1
L14-251,2715.375,1,1,1
L14-251,2715.5,1,1,1
L14-251,2715.625,1,1,1
L14-251,2715.75,1,1,1
L14-251,2715.875,1,1,1
L14-251,2716,1,1,1
L14-251,2716.125,1,1,1
L14-251,2716.25,1,1,1
L14-251,2716.375,1,1,1
L14-251,2716.5,1,1,1
L14-251,2716.625,0,1,0
L14-251,2716.75,0,1,0
L14-251,2716.875,0,1,0
L14-251,2717,0,0,1
L14-251,2717.125,0,0,1
L14-251,2717.25,0,0,1
L14-251,2717.375,0,0,1
L14-251,2717.5,0,0,1
L14-251,2717.625,0,0,1
L14-251,2717.75,0,0,1
L14-251,2717.875,0,0,1
L14-251,2718,0,0,1
L14-251,2718.125,0,0,1
L14-251,2718.25,0,0,1
L14-251,2718.375,0,0,1
L14-251,2718.5,0,0,1
L14-251,2718.625,0,0,1
L14-251,2718.75,0,0,1
L14-251,2718.875,0,0,1
L14-251,2719,0,0,1
L14-251,2719.125,0,0,1
L14-251,2719.25,0,0,1
L14-251,2719.375,0,0,1
L14-251,2719.5,0,0,1
L14-251,2719.625,0,0,1
L14-251,2719.75,0,0,1
L14-251,2719.875,0,0,1
L14-251,2720,0,0,1
L14-251,2720.125,0,0,1
L14-251,2720.25,0,0,1
L14-251,2720.375,0,0,1
L14-251,2720.5,0,0,1
L14-251,2720.625,0,0,1
L14-251,2720.75,0,0,1
L14-251,2720.875,0,0,1
L14-251,2721,0,0,1
L14-251,2721.125,0,0,1
L14-251,2721.25,0,0,1
L14-251,2721.375,0,0,1
L14-251,2721.5,0,0,1
L14-251,2721.625,0,0,1
L14-251,2721.75,0,0,1
L14-251,2721.875,0,0,1
L14-251,2722,0,0,1
L14-251,2722.125,0,0,1
L14-251,2722.25,0,0,1
L14-251,2722.375,0,0,1
L14-251,2722.5,0,0,1
L14-251,2722.625,0,0,1
L14-251,2722.75,0,0,1
L14-251,2722.875,0,0,1
L14-251,2723,0,0,1
L14-251,2723.125,0,0,1
L14-251,2723.25,0,0,1
L14-251,2723.375,0,0,1
L14-251,2723.5,0,0,1
L14-251,2723.625,0,0,1
L14-251,2723.75,0,0,1
L14-251,2723.875,0,0,1
L14-251,2724,0,0,1
L14-251,2724.125,0,0,1
L14-251,2724.25,0,0,1
L14-251,2724.375,0,0,1
L14-251,2724.5,0,0,1
L14-251,2724.625,0,0,1
L14-251,2724.75,0,0,1
L14-251,2724.875,0,0,1
L14-251,2725,0,0,1
L14-251,2725.125,0,0,1
L14-251,2725.25,0,0,1
L14-251,2725.375,0,0,1
L14-251,2725.5,0,0,1
L14-251,2725.625,0,0,1
L14-251,2725.75,0,0,1
L14-251,2725.875,0,0,1
L14-251,2726,0,0,1
L14-251,2726.125,0,0,1
L14-251,2726.25,0,0,1
L14-251,2726.375,0,0,1
L14-251,2726.5,0,0,1
L14-251,2726.625,0,0,1
L14-251,2726.75,0,0,1
L14-251,2726.875,0,0,1
L14-251,2727,0,0,1
L14-251,2727.125,0,0,1
L14-251,2727.25,0,0,1
L14-251,2727.375,0,0,1
L14-251,2727.5,0,0,1
L14-251,2727.625,0,1,0
L14-251,2727.75,0,1,0
L14-251,2727.875,0,1,0
L14-251,2728,0,1,0
L14-251,2728.125,0,1,0
L14-251,2728.25,0,1,0
L14-251,2728.375,1,1,1
L14-251,2728.5,1,1,1
L14-251,2728.625,1,1,1
L14-251,2728.75,1,1,1
L14-251,2728.875,1,1,1
L14-251,2729,1,1,1
L14-251,2729.125,1,1,1
L14-251,2729.25,1,1,1
L14-251,2729.375,1,1,1
L14-251,2729.5,1,1,1
L14-251,2729.625,1,1,1
L14-251,2729.75,1,1,1
L14-251,2729.875,1,1,1
L14-251,2730,1,1,1
L14-251,2730.125,1,1,1
L14-251,2730.25,1,1,1
L14-251,2730.375,1,1,1
L14-251,2730.5,1,1,1
L14-251,2730.625,1,1,1
L14-251,2730.75,1,1,1
L14-251,2730.875,1,0,0
L14-251,2731,1,0,0
L14-251,2731.125,0,0,1
L14-251,2731.25,0,0,1
L14-251,2731.375,0,0,1
L14-251,2731.5,0,0,1
L14-251,2731.625,0,0,1
L14-251,2731.75,0,0,1
L14-251,2731.875,0,0,1
L14-251,2732,0,0,1
L14-251,2732.125,0,0,1
L14-251,2732.25,0,0,1
L14-251,2732.375,0,0,1
L14-251,2732.5,0,0,1
L14-251,2732.625,0,0,1
L14-251,2732.75,0,0,1
L14-251,2732.875,0,0,1
L14-251,2733,0,0,1
L14-251,2733.125,0,0,1
L14-251,2733.25,0,0,1
L14-251,2733.375,0,0,1
L14-251,2733.5,0,0,1
L14-251,2733.625,0,0,1
L14-251,2733.75,0,0,1
L14-251,2733.875,0,0,1
L14-251,2734,0,0,1
L14-251,2734.125,0,0,1
L14-251,2734.25,0,0,1
L14-251,2734.375,0,0,1
L14-251,2734.5,0,0,1
L14-251,2734.625,0,0,1
L14-251,2734.75,0,0,1
L14-251,2734.875,0,0,1
L14-251,2735,0,0,1
L14-251,2735.125,0,0,1
L14-251,2735.25,0,0,1
L14-251,2735.375,0,0,1
L14-251,2735.5,0,0,1
L14-251,2735.625,0,0,1
L14-251,2735.75,0,0,1
L14-251,2735.875,0,0,1
L14-251,2736,0,0,1
L14-251,2736.125,0,0,1
L14-251,2736.25,0,0,1
L14-251,2736.375,0,0,1
L14-251,2736.5,0,0,1
L14-251,2736.625,0,0,1
L14-251,2736.75,0,0,1
L14-251,2736.875,0,0,1
L14-251,2737,0,0,1
L14-251,2737.125,0,0,1
L14-251,2737.25,0,0,1
L14-251,2737.375,0,0,1
L14-251,2737.5,0,0,1
L14-251,2737.625,0,0,1
L14-251,2737.75,0,0,1
L14-251,2737.875,0,0,1
L14-251,2738,0,0,1
L14-251,2738.125,0,0,1
L14-251,2738.25,0,0,1
L14-251,2738.375,0,0,1
L14-251,2738.5,0,0,1
L14-251,2738.625,0,0,1
L14-251,2738.75,0,0,1
L14-251,2738.875,0,0,1
L14-251,2739,0,0,1
L14-251,2739.125,0,0,1
L14-251,2739.25,0,0,1
L14-251,2739.375,0,0,1
L14-251,2739.5,0,0,1
L14-251,2739.625,0,0,1
L14-251,2739.75,0,0,1
L14-251,2739.875,0,0,1
L14-251,2740,0,0,1
L14-251,2740.125,0,1,0
L14-251,2740.25,0,1,0
L14-251,2740.375,0,1,0
L14-251,2740.5,1,1,1
L14-251,2740.625,1,1,1
L14-251,2740.75,1,1,1
L14-251,2740.875,1,1,1
L14-251,2741,1,1,1
L14-251,2741.125,1,1,1
L14-251,2741.25,1,1,1
L14-251,2741.375,1,1,1
L14-251,2741.5,1,1,1
L14-251,2741.625,1,1,1
L14-251,2741.75,1,1,1
L14-251,2741.875,1,1,1
L14-251,2742,1,1,1
L14-251,2742.125,1,1,1
L14-251,2742.25,1,1,1
L14-251,2742.375,1,1,1
L14-251,2742.5,1,1,1
L14-251,2742.625,1,1,1
L14-251,2742.75,1,1,1
L14-251,2742.875,1,1,1
L14-251,2743,1,1,1
L14-251,2743.125,1,1,1
L14-251,2743.25,1,1,1
L14-251,2743.375,1,1,1
L14-251,2743.5,1,1,1
L14-251,2743.625,1,1,1
L14-251,2743.75,1,1,1
L14-251,2743.875,1,1,1
L14-251,2744,1,1,1
L14-251,2744.125,1,1,1
L14-251,2744.25,1,1,1
L14-251,2744.375,1,1,1
L14-251,2744.5,1,1,1
L14-251,2744.625,1,1,1
L14-251,2744.75,1,1,1
L14-251,2744.875,1,1,1
L14-251,2745,1,1,1
L14-251,2745.125,1,1,1
L14-251,2745.25,1,1,1
L14-251,2745.375,1,1,1
L14-251,2745.5,1,1,1
L14-251,2745.625,1,1,1
L14-251,2745.75,1,1,1
L14-251,2745.875,1,1,1
L14-251,2746,1,1,1
L14-251,2746.125,1,1,1
L14-251,2746.25,1,1,1
L14-251,2746.375,1,1,1
L14-251,2746.5,1,1,1
L14-251,2746.625,1,1,1
L14-251,2746.75,1,1,1
L14-251,2746.875,1,1,1
L14-251,2747,1,1,1
L14-251,2747.125,1,1,1
L14-251,2747.25,1,1,1
L14-251,2747.375,1,1,1
L14-251,2747.5,1,1,1
L14-251,2747.625,1,1,1
L14-251,2747.75,1,1,1
L14-251,2747.875,1,1,1
L14-251,2748,1,1,1
L14-251,2748.125,1,1,1
L14-251,2748.25,1,1,1
L14-251,2748.375,1,1,1
L14-251,2748.5,1,1,1
L14-251,2748.625,0,1,0
L14-251,2748.75,0,1,0
L14-251,2748.875,0,1,0
L14-251,2749,0,1,0
L14-251,2749.125,0,1,0
L14-251,2749.25,0,1,0
L14-251,2749.375,0,0,1
L14-251,2749.5,0,0,1
L14-251,2749.625,0,0,1
L14-251,2749.75,0,0,1
L14-251,2749.875,0,0,1
L14-251,2750,0,0,1
L14-251,2750.125,0,0,1
L14-251,2750.25,0,0,1
L14-251,2750.375,0,0,1
L14-251,2750.5,0,0,1
L14-251,2750.625,0,0,1
L14-251,2750.75,0,0,1
L14-251,2750.875,0,0,1
L14-251,2751,0,0,1
L14-251,2751.125,0,0,1
L14-251,2751.25,0,0,1
L14-251,2751.375,0,0,1
L14-251,2751.5,0,0,1
L14-251,2751.625,0,0,1
L14-251,2751.75,0,0,1
L14-251,2751.875,0,0,1
L14-251,2752,0,0,1
L14-251,2752.125,0,0,1
L14-251,2752.25,0,0,1
L14-251,2752.375,0,0,1
L14-251,2752.5,0,0,1
L14-251,2752.625,0,0,1
L14-251,2752.75,0,0,1
L14-251,2752.875,0,0,1
L14-251,2753,0,0,1
L14-251,2753.125,0,0,1
L14-251,2753.25,0,0,1
L14-251,2753.375,0,0,1
L14-251,2753.5,0,0,1
L14-251,2753.625,0,0,1
L14-251,2753.75,0,0,1
L14-251,2753.875,0,0,1
L14-251,2754,0,0,1
L14-251,2754.125,0,0,1
L14-251,2754.25,0,0,1
L14-251,2754.375,0,0,1
L14-251,2754.5,0,0,1
L14-251,2754.625,0,0,1
L14-251,2754.75,0,0,1
L14-251,2754.875,0,0,1
L14-251,2755,0,0,1
L14-251,2755.125,0,0,1
L14-251,2755.25,0,0,1
L14-251,2755.375,0,0,1
L14-251,2755.5,0,0,1
L14-251,2755.625,0,0,1
L14-251,2755.75,0,0,1
L14-251,2755.875,0,0,1
L14-251,2756,0,0,1
L14-251,2756.125,0,0,1
L14-251,2756.25,0,0,1
L14-251,2756.375,0,0,1
L14-251,2756.5,0,0,1
L14-251,2756.625,0,0,1
L14-251,2756.75,0,0,1
L14-251,2756.875,0,0,1
L14-251,2757,0,0,1
L14-251,2757.125,0,0,1
L14-251,2757.25,0,0,1
L14-251,2757.375,0,0,1
L14-251,2757.5,0,0,1
L14-251,2757.625,0,0,1
L14-251,2757.75,0,0,1
L14-251,2757.875,0,0,1
L14-251,2758,0,0,1
L14-251,2758.125,0,0,1
L14-251,2758.25,0,0,1
L14-251,2758.375,0,0,1
L14-251,2758.5,0,0,1
L14-251,2758.625,0,0,1
L14-251,2758.75,0,0,1
L14-251,2758.875,0,0,1
L14-251,2759,0,0,1
L14-251,2759.125,0,0,1
L14-251,2759.25,0,0,1
L14-251,2759.375,0,0,1
L14-251,2759.5,0,0,1
L14-251,2759.625,0,0,1
L14-251,2759.75,0,0,1
L14-251,2759.875,0,0,1
L14-251,2760,0,0,1
L14-251,2760.125,0,0,1
L14-251,2760.25,0,0,1
L14-251,2760.375,1,0,0
L14-251,2760.5,1,0,0
L14-251,2760.625,1,0,0
L14-251,2760.75,1,0,0
L14-251,2760.875,1,0,0
L14-251,2761,1,0,0
L14-251,2761.125,1,0,0
L14-251,2761.25,1,1,1
L14-251,2761.375,1,1,1
L14-251,2761.5,1,1,1
L14-251,2761.625,1,1,1
L14-251,2761.75,1,1,1
L14-251,2761.875,1,1,1
L14-251,2762,1,1,1
L14-251,2762.125,1,1,1
L14-251,2762.25,1,1,1
L14-251,2762.375,1,1,1
L14-251,2762.5,1,1,1
L14-251,2762.625,1,1,1
L14-251,2762.75,1,1,1
L14-251,2762.875,1,1,1
L14-251,2763,1,1,1
L14-251,2763.125,1,1,1
L14-251,2763.25,1,1,1
L14-251,2763.375,1,1,1
L14-251,2763.5,1,1,1
L14-251,2763.625,1,1,1
L14-251,2763.75,1,1,1
L14-251,2763.875,1,1,1
L14-251,2764,1,1,1
L14-251,2764.125,1,1,1
L14-251,2764.25,1,1,1
L14-251,2764.375,1,1,1
L14-251,2764.5,1,1,1
L14-251,2764.625,1,1,1
L14-251,2764.75,1,1,1
L14-251,2764.875,1,1,1
L14-251,2765,1,1,1
L14-251,2765.125,1,1,1
L14-251,2765.25,1,1,1
L14-251,2765.375,1,1,1
L14-251,2765.5,1,1,1
L14-251,2765.625,1,1,1
L14-251,2765.75,1,1,1
L14-251,2765.875,1,1,1
L14-251,2766,1,1,1
L14-251,2766.125,1,1,1
L14-251,2766.25,1,1,1
L14-251,2766.375,1,1,1
L14-251,2766.5,1,1,1
L14-251,2766.625,1,1,1
L14-251,2766.75,1,1,1
L14-251,2766.875,1,1,1
L14-251,2767,1,1,1
L14-251,2767.125,1,1,1
L14-251,2767.25,1,1,1
L14-251,2767.375,1,1,1
L14-251,2767.5,1,1,1
L14-251,2767.625,1,1,1
L14-251,2767.75,1,1,1
L14-251,2767.875,1,1,1
L14-251,2768,1,1,1
L14-251,2768.125,1,1,1
L14-251,2768.25,1,1,1
L14-251,2768.375,1,1,1
L14-251,2768.5,1,1,1
L14-251,2768.625,1,1,1
L14-251,2768.75,1,1,1
L14-251,2768.875,1,1,1
L14-251,2769,1,1,1
L14-251,2769.125,1,1,1
L14-251,2769.25,1,1,1
L14-251,2769.375,1,1,1
L14-251,2769.5,1,1,1
L14-251,2769.625,1,1,1
L14-251,2769.75,1,1,1
L14-251,2769.875,1,1,1
L14-251,2770,1,1,1
L14-251,2770.125,1,1,1
L14-251,2770.25,1,1,1
L14-251,2770.375,1,1,1
L14-251,2770.5,1,1,1
L14-251,2770.625,1,1,1
L14-251,2770.75,1,1,1
L14-251,2770.875,1,1,1
L14-251,2771,1,1,1
L14-251,2771.125,1,1,1
L14-251,2771.25,1,1,1
L14-251,2771.375,1,1,1
L14-251,2771.5,1,1,1
L14-251,2771.625,1,0,0
L14-251,2771.75,1,0,0
L14-251,2771.875,1,0,0
L14-251,2772,1,0,0
L14-251,2772.125,1,0,0
L14-251,2772.25,1,0,0
L14-251,2772.375,0,0,1
L14-251,2772.5,0,0,1
L14-251,2772.625,0,0,1
L14-251,2772.75,0,0,1
L14-251,2772.875,0,0,1
L14-251,2773,0,0,1
L14-251,2773.125,0,0,1
L14-251,2773.25,0,0,1
L14-251,2773.375,0,0,1
L14-251,2773.5,0,0,1
L14-251,2773.625,0,0,1
L14-251,2773.75,0,0,1
L14-251,2773.875,0,0,1
L14-251,2774,0,0,1
L14-251,2774.125,0,0,1
L14-251,2774.25,0,0,1
L14-251,2774.375,0,0,1
L14-251,2774.5,0,0,1
L14-251,2774.625,0,0,1
L14-251,2774.75,0,0,1
L14-251,2774.875,0,0,1
L14-251,2775,0,0,1
L14-251,2775.125,0,0,1
L14-251,2775.25,0,0,1
L14-251,2775.375,0,0,1
L14-251,2775.5,0,0,1
L14-251,2775.625,0,0,1
L14-251,2775.75,0,0,1
L14-251,2775.875,0,0,1
L14-251,2776,0,0,1
L14-251,2776.125,0,0,1
L14-251,2776.25,0,0,1
L14-251,2776.375,0,0,1
L14-251,2776.5,0,0,1
L14-251,2776.625,0,0,1
L14-251,2776.75,0,0,1
L14-251,2776.875,0,0,1
L14-251,2777,0,0,1
L14-251,2777.125,0,0,1
L14-251,2777.25,0,0,1
L14-251,2777.375,0,0,1
L14-251,2777.5,0,0,1
L14-251,2777.625,0,0,1
L14-251,2777.75,0,0,1
L14-251,2777.875,0,0,1
L14-251,2778,0,0,1
L14-251,2778.125,0,0,1
L14-251,2778.25,0,0,1
L14-251,2778.375,0,0,1
L14-251,2778.5,0,0,1
L14-251,2778.625,0,0,1
L14-251,2778.75,0,0,1
L14-251,2778.875,0,0,1
L14-251,2779,0,0,1
L14-251,2779.125,0,0,1
L14-251,2779.25,0,0,1
L14-251,2779.375,0,0,1
L14-251,2779.5,0,0,1
L14-251,2779.625,0,0,1
L14-251,2779.75,0,0,1
L14-251,2779.875,0,0,1
L14-251,2780,0,0,1
L14-251,2780.125,0,0,1
L14-251,2780.25,0,0,1
L14-251,2780.375,0,0,1
L14-251,2780.5,0,0,1
L14-251,2780.625,0,0,1
L14-251,2780.75,0,0,1
L14-251,2780.875,0,0,1
L14-251,2781,0,0,1
L14-251,2781.125,0,0,1
L14-251,2781.25,0,0,1
L14-251,2781.375,0,0,1
L14-251,2781.5,0,0,1
L14-251,2781.625,0,0,1
L14-251,2781.75,0,0,1
L14-251,2781.875,0,0,1
L14-251,2782,0,0,1
L14-251,2782.125,0,0,1
L14-251,2782.25,0,0,1
L14-251,2782.375,0,0,1
L14-251,2782.5,0,0,1
L14-251,2782.625,0,0,1
L14-251,2782.75,0,0,1
L14-251,2782.875,0,0,1
L14-251,2783,0,0,1
L14-251,2783.125,0,0,1
L14-251,2783.25,0,0,1
L14-251,2783.375,0,0,1
L14-251,2783.5,0,0,1
L14-251,2783.625,0,0,1
L14-251,2783.75,0,0,1
L14-251,2783.875,0,0,1
L14-251,2784,0,0,1
L14-251,2784.125,0,0,1
L14-251,2784.25,0,0,1
L14-251,2784.375,0,0,1
L14-251,2784.5,0,0,1
L14-251,2784.625,0,0,1
L14-251,2784.75,0,0,1
L14-251,2784.875,0,0,1
L14-251,2785,0,0,1
L14-251,2785.125,0,0,1
L14-251,2785.25,0,0,1
L14-251,2785.375,0,0,1
L14-251,2785.5,0,0,1
L14-251,2785.625,0,0,1
L14-251,2785.75,0,0,1
L14-251,2785.875,0,0,1
L14-251,2786,0,0,1
L14-251,2786.125,0,0,1
L14-251,2786.25,0,0,1
L14-251,2786.375,0,0,1
L14-251,2786.5,0,0,1
L14-251,2786.625,0,0,1
L14-251,2786.75,0,0,1
L14-251,2786.875,0,0,1
L14-251,2787,0,0,1
L14-251,2787.125,0,0,1
L14-251,2787.25,0,0,1
L14-251,2787.375,0,0,1
L14-251,2787.5,0,0,1
L14-251,2787.625,0,0,1
L14-251,2787.75,0,0,1
L14-251,2787.875,0,0,1
L14-251,2788,0,0,1
L14-251,2788.125,0,0,1
L14-251,2788.25,0,0,1
L14-251,2788.375,0,0,1
L14-251,2788.5,0,0,1
L14-251,2788.625,0,0,1
L14-251,2788.75,0,0,1
L14-251,2788.875,0,0,1
L14-251,2789,0,0,1
L14-251,2789.125,0,0,1
L14-251,2789.25,0,0,1
L14-251,2789.375,0,0,1
L14-251,2789.5,0,0,1
L14-251,2789.625,0,0,1
L14-251,2789.75,0,0,1
L14-251,2789.875,0,0,1
L14-251,2790,0,0,1
L14-251,2790.125,0,0,1
L14-251,2790.25,0,0,1
L14-251,2790.375,0,0,1
L14-251,2790.5,0,0,1
L14-251,2790.625,0,0,1
L14-251,2790.75,0,0,1
L14-251,2790.875,0,0,1
L14-251,2791,0,0,1
L14-251,2791.125,0,0,1
L14-251,2791.25,0,0,1
L14-251,2791.375,0,0,1
L14-251,2791.5,0,0,1
L14-251,2791.625,0,0,1
L14-251,2791.75,0,0,1
L14-251,2791.875,0,0,1
L14-251,2792,0,0,1
L14-251,2792.125,0,0,1
L14-251,2792.25,0,0,1
L14-251,2792.375,0,0,1
L14-251,2792.5,0,0,1
L14-251,2792.625,0,0,1
L14-251,2792.75,0,0,1
L14-251,2792.875,0,0,1
L14-251,2793,0,0,1
L14-251,2793.125,0,0,1
L14-251,2793.25,0,0,1
L14-251,2793.375,0,0,1
L14-251,2793.5,0,0,1
L14-251,2793.625,0,0,1
L14-251,2793.75,0,0,1
L14-251,2793.875,0,0,1
L14-251,2794,0,0,1
L14-251,2794.125,0,0,1
L14-251,2794.25,0,0,1
L14-251,2794.375,0,0,1
L14-251,2794.5,0,0,1
L14-251,2794.625,0,0,1
L14-251,2794.75,0,0,1
L14-251,2794.875,0,0,1
L14-251,2795,0,0,1
L14-251,2795.125,0,0,1
L14-251,2795.25,0,0,1
L14-251,2795.375,0,0,1
L14-251,2795.5,0,0,1
L14-251,2795.625,0,0,1
L14-251,2795.75,0,0,1
L14-251,2795.875,0,0,1
L14-251,2796,0,1,0
L14-251,2796.125,0,1,0
L14-251,2796.25,0,1,0
L14-251,2796.375,0,1,0
L14-251,2796.5,0,1,0
L14-251,2796.625,0,0,1
L14-251,2796.75,0,0,1
L14-251,2796.875,0,0,1
L14-251,2797,0,0,1
L14-251,2797.125,0,0,1
L14-251,2797.25,0,0,1
L14-251,2797.375,0,0,1
L14-251,2797.5,0,0,1
L14-251,2797.625,0,0,1
L14-251,2797.75,0,0,1
L14-251,2797.875,0,0,1
L14-251,2798,0,0,1
L14-251,2798.125,0,0,1
L14-251,2798.25,0,0,1
L14-251,2798.375,0,0,1
L14-251,2798.5,0,0,1
L14-251,2798.625,0,0,1
L14-251,2798.75,0,0,1
L14-251,2798.875,0,0,1
L14-251,2799,0,0,1
L14-251,2799.125,0,0,1
L14-251,2799.25,0,0,1
L14-251,2799.375,0,0,1
L14-251,2799.5,0,0,1
L14-251,2799.625,0,0,1
L14-251,2799.75,0,0,1
L14-251,2799.875,0,0,1
L14-251,2800,0,0,1
L14-251,2800.125,0,0,1
L14-251,2800.25,0,0,1
L14-251,2800.375,0,0,1
L14-251,2800.5,0,0,1
L14-251,2800.625,0,0,1
L14-251,2800.75,0,0,1
L14-251,2800.875,0,0,1
L14-251,2801,0,0,1
L14-251,2801.125,0,0,1
L14-251,2801.25,0,0,1
L14-251,2801.375,0,0,1
L14-251,2801.5,0,0,1
L14-251,2801.625,0,0,1
L14-251,2801.75,0,0,1
L14-251,2801.875,0,0,1
L14-251,2802,0,0,1
L14-251,2802.125,0,0,1
L14-251,2802.25,0,0,1
L14-251,2802.375,0,0,1
L14-251,2802.5,0,0,1
L14-251,2802.625,0,0,1
L14-251,2802.75,0,0,1
L14-251,2802.875,0,0,1
L14-251,2803,0,0,1
L14-251,2803.125,0,0,1
L14-251,2803.25,0,0,1
L14-251,2803.375,0,0,1
L14-251,2803.5,0,0,1
L14-251,2803.625,0,0,1
L14-251,2803.75,0,0,1
L14-251,2803.875,0,0,1
L14-251,2804,0,0,1
L14-251,2804.125,0,0,1
L14-251,2804.25,0,0,1
L14-251,2804.375,0,0,1
L14-251,2804.5,0,0,1
L14-251,2804.625,0,0,1
L14-251,2804.75,0,0,1
L14-251,2804.875,0,0,1
L14-251,2805,0,0,1
L14-251,2805.125,0,0,1
L14-251,2805.25,0,0,1
L14-251,2805.375,0,0,1
L14-251,2805.5,0,0,1
L14-251,2805.625,0,0,1
L14-251,2805.75,0,0,1
L14-251,2805.875,0,0,1
L14-251,2806,0,0,1
L14-251,2806.125,0,0,1
L14-251,2806.25,0,0,1
L14-251,2806.375,0,0,1
L14-251,2806.5,0,0,1
L14-251,2806.625,0,0,1
L14-251,2806.75,0,0,1
L14-251,2806.875,0,0,1
L14-251,2807,0,0,1
L14-251,2807.125,0,0,1
L14-251,2807.25,0,0,1
L14-251,2807.375,0,0,1
L14-251,2807.5,0,0,1
L14-251,2807.625,0,0,1
L14-251,2807.75,0,0,1
L14-251,2807.875,0,0,1
L14-251,2808,0,0,1
L14-251,2808.125,0,0,1
L14-251,2808.25,0,0,1
L14-251,2808.375,0,0,1
L14-251,2808.5,0,0,1
L14-251,2808.625,0,0,1
L14-251,2808.75,0,0,1
L14-251,2808.875,0,0,1
L14-251,2809,0,0,1
L14-251,2809.125,0,0,1
L14-251,2809.25,0,0,1
L14-251,2809.375,0,0,1
L14-251,2809.5,0,0,1
L14-251,2809.625,0,0,1
L14-251,2809.75,0,0,1
L14-251,2809.875,0,0,1
L14-251,2810,0,0,1
L14-251,2810.125,0,0,1
L14-251,2810.25,0,0,1
L14-251,2810.375,0,0,1
L14-251,2810.5,0,0,1
L14-251,2810.625,0,0,1
L14-251,2810.75,0,0,1
L14-251,2810.875,0,0,1
L14-251,2811,0,0,1
L14-251,2811.125,0,0,1
L14-251,2811.25,0,0,1
L14-251,2811.375,0,0,1
L14-251,2811.5,0,0,1
L14-251,2811.625,0,0,1
L14-251,2811.75,0,0,1
L14-251,2811.875,0,0,1
L14-251,2812,0,0,1
L14-251,2812.125,0,0,1
L14-251,2812.25,0,0,1
L14-251,2812.375,0,0,1
L14-251,2812.5,0,0,1
L14-251,2812.625,0,0,1
L14-251,2812.75,0,0,1
L14-251,2812.875,0,0,1
L14-251,2813,0,0,1
L14-251,2813.125,0,0,1
L14-251,2813.25,0,0,1
L14-251,2813.375,0,0,1
L14-251,2813.5,0,0,1
L14-251,2813.625,0,0,1
L14-251,2813.75,0,0,1
L14-251,2813.875,0,0,1
L14-251,2814,0,0,1
L14-251,2814.125,0,0,1
L14-251,2814.25,0,0,1
L14-251,2814.375,0,0,1
L14-251,2814.5,0,0,1
L14-251,2814.625,0,0,1
L14-251,2814.75,0,0,1
L14-251,2814.875,0,0,1
L14-251,2815,0,0,1
L14-251,2815.125,0,0,1
L14-251,2815.25,0,0,1
L14-251,2815.375,0,0,1
L14-251,2815.5,0,0,1
L14-251,2815.625,0,0,1
L14-251,2815.75,0,0,1
L14-251,2815.875,0,0,1
L14-251,2816,0,0,1
L14-251,2816.125,0,0,1
L14-251,2816.25,0,0,1
L14-251,2816.375,0,0,1
L14-251,2816.5,0,0,1
L14-251,2816.625,0,0,1
L14-251,2816.75,0,0,1
L14-251,2816.875,0,0,1
L14-251,2817,0,0,1
L14-251,2817.125,0,0,1
L14-251,2817.25,0,0,1
L14-251,2817.375,0,0,1
L14-251,2817.5,0,0,1
L14-251,2817.625,0,0,1
L14-251,2817.75,0,0,1
L14-251,2817.875,0,0,1
L14-251,2818,0,0,1
L14-251,2818.125,0,0,1
L14-251,2818.25,0,0,1
L14-251,2818.375,0,0,1
L14-251,2818.5,0,0,1
L14-251,2818.625,0,0,1
L14-251,2818.75,0,0,1
L14-251,2818.875,0,0,1
L14-251,2819,0,0,1
L14-251,2819.125,0,0,1
L14-251,2819.25,0,0,1
L14-251,2819.375,0,0,1
L14-251,2819.5,0,0,1
L14-251,2819.625,0,0,1
L14-251,2819.75,0,0,1
L14-251,2819.875,0,0,1
L14-251,2820,0,0,1
L14-251,2820.125,0,0,1
L14-251,2820.25,0,0,1
L14-251,2820.375,0,0,1
L14-251,2820.5,0,0,1
L14-251,2820.625,0,0,1
L14-251,2820.75,0,0,1
L14-251,2820.875,0,0,1
L14-251,2821,0,0,1
L14-251,2821.125,0,0,1
L14-251,2821.25,0,0,1
L14-251,2821.375,0,0,1
L14-251,2821.5,0,0,1
L14-251,2821.625,0,0,1
L14-251,2821.75,0,0,1
L14-251,2821.875,0,0,1
L14-251,2822,0,0,1
L14-251,2822.125,0,0,1
L14-251,2822.25,0,0,1
L14-251,2822.375,0,0,1
L14-251,2822.5,0,0,1
L14-251,2822.625,0,0,1
L14-251,2822.75,0,0,1
L14-251,2822.875,0,0,1
L14-251,2823,0,0,1
L14-251,2823.125,0,0,1
L14-251,2823.25,0,0,1
L14-251,2823.375,0,0,1
L14-251,2823.5,0,0,1
L14-251,2823.625,0,0,1
L14-251,2823.75,0,0,1
L14-251,2823.875,0,0,1
L14-251,2824,0,0,1
L14-251,2824.125,0,0,1
L14-251,2824.25,0,0,1
L14-251,2824.375,0,0,1
L14-251,2824.5,0,0,1
L14-251,2824.625,0,0,1
L14-251,2824.75,0,0,1
L14-251,2824.875,0,0,1
L14-251,2825,0,0,1
L14-251,2825.125,0,0,1
L14-251,2825.25,0,0,1
L14-251,2825.375,0,0,1
L14-251,2825.5,0,0,1
L14-251,2825.625,0,0,1
L14-251,2825.75,0,0,1
L14-251,2825.875,0,0,1
L14-251,2826,0,0,1
L14-251,2826.125,0,0,1
L14-251,2826.25,0,0,1
L14-251,2826.375,0,0,1
L14-251,2826.5,0,0,1
L14-251,2826.625,0,0,1
L14-251,2826.75,0,0,1
L14-251,2826.875,0,0,1
L14-251,2827,0,0,1
L14-251,2827.125,0,0,1
L14-251,2827.25,0,0,1
L14-251,2827.375,0,0,1
L14-251,2827.5,0,0,1
L14-251,2827.625,0,0,1
L14-251,2827.75,0,0,1
L14-251,2827.875,0,0,1
L14-251,2828,0,0,1
L14-251,2828.125,0,0,1
L14-251,2828.25,0,0,1
L14-251,2828.375,0,0,1
L14-251,2828.5,0,0,1
L14-251,2828.625,0,0,1
L14-251,2828.75,0,0,1
L14-251,2828.875,0,0,1
L14-251,2829,0,0,1
L14-251,2829.125,0,0,1
L14-251,2829.25,0,0,1
L14-251,2829.375,0,0,1
L14-251,2829.5,0,0,1
L14-251,2829.625,0,0,1
L14-251,2829.75,0,0,1
L14-251,2829.875,0,0,1
L14-251,2830,0,0,1
L14-251,2830.125,0,0,1
L14-251,2830.25,0,0,1
L14-251,2830.375,0,0,1
L14-251,2830.5,0,0,1
L14-251,2830.625,0,0,1
L14-251,2830.75,0,0,1
L14-251,2830.875,0,0,1
L14-251,2831,0,0,1
L14-251,2831.125,0,0,1
L14-251,2831.25,0,0,1
L14-251,2831.375,0,0,1
L14-251,2831.5,0,0,1
L14-251,2831.625,0,0,1
L14-251,2831.75,0,0,1
L14-251,2831.875,0,0,1
L14-251,2832,0,0,1
L14-251,2832.125,0,0,1
L14-251,2832.25,0,0,1
L14-251,2832.375,0,0,1
L14-251,2832.5,0,0,1
L14-251,2832.625,0,0,1
L14-251,2832.75,0,0,1
L14-251,2832.875,0,0,1
L14-251,2833,0,0,1
L14-251,2833.125,0,0,1
L14-251,2833.25,0,0,1
L14-251,2833.375,0,0,1
L14-251,2833.5,0,0,1
L14-251,2833.625,0,0,1
L14-251,2833.75,0,0,1
L14-251,2833.875,0,0,1
L14-251,2834,0,0,1
L14-251,2834.125,0,0,1
L14-251,2834.25,0,0,1
L14-251,2834.375,0,0,1
L14-251,2834.5,0,0,1
L14-251,2834.625,0,0,1
L14-251,2834.75,0,0,1
L14-251,2834.875,0,0,1
L14-251,2835,0,0,1
L14-251,2835.125,0,0,1
L14-251,2835.25,0,0,1
L14-251,2835.375,0,0,1
L14-251,2835.5,0,0,1
L14-251,2835.625,0,0,1
L14-251,2835.75,0,0,1
L14-251,2835.875,0,0,1
L14-251,2836,0,0,1
L14-251,2836.125,0,0,1
L14-251,2836.25,0,0,1
L14-251,2836.375,0,0,1
L14-251,2836.5,0,0,1
L14-251,2836.625,0,0,1
L14-251,2836.75,0,0,1
L14-251,2836.875,0,0,1
L14-251,2837,0,0,1
L14-251,2837.125,0,0,1
L14-251,2837.25,0,0,1
L14-251,2837.375,0,0,1
L14-251,2837.5,0,0,1
L14-251,2837.625,0,0,1
L14-251,2837.75,0,0,1
L14-251,2837.875,0,0,1
L14-251,2838,0,0,1
L14-251,2838.125,0,0,1
L14-251,2838.25,0,0,1
L14-251,2838.375,0,0,1
L14-251,2838.5,0,0,1
L14-251,2838.625,0,0,1
L14-251,2838.75,0,0,1
L14-251,2838.875,0,0,1
L14-251,2839,0,0,1
L14-251,2839.125,0,0,1
L14-251,2839.25,0,0,1
L14-251,2839.375,0,0,1
L14-251,2839.5,0,0,1
L14-251,2839.625,0,0,1
L14-251,2839.75,0,0,1
L14-251,2839.875,0,0,1
L14-251,2840,0,0,1
L14-251,2840.125,0,0,1
L14-251,2840.25,0,0,1
L14-251,2840.375,0,0,1
L14-251,2840.5,0,0,1
L14-251,2840.625,0,0,1
L14-251,2840.75,0,0,1
L14-251,2840.875,0,0,1
L14-251,2841,0,0,1
L14-251,2841.125,0,0,1
L14-251,2841.25,0,0,1
L14-251,2841.375,0,0,1
L14-251,2841.5,0,0,1
L14-251,2841.625,0,0,1
L14-251,2841.75,0,0,1
L14-251,2841.875,0,0,1
L14-251,2842,0,0,1
L14-251,2842.125,0,0,1
L14-251,2842.25,0,0,1
L14-251,2842.375,0,0,1
L14-251,2842.5,0,0,1
L14-251,2842.625,0,0,1
L14-251,2842.75,0,0,1
L14-251,2842.875,0,0,1
L14-251,2843,0,0,1
L14-251,2843.125,0,0,1
L14-251,2843.25,0,0,1
L14-251,2843.375,0,0,1
L14-251,2843.5,0,0,1
L14-251,2843.625,0,0,1
L14-251,2843.75,0,0,1
L14-251,2843.875,0,0,1
L14-251,2844,0,0,1
L14-251,2844.125,0,0,1
L14-251,2844.25,0,0,1
L14-251,2844.375,0,0,1
L14-251,2844.5,0,0,1
L14-251,2844.625,0,0,1
L14-251,2844.75,0,0,1
L14-251,2844.875,0,0,1
L14-251,2845,0,0,1
L14-251,2845.125,0,0,1
L14-251,2845.25,0,0,1
L14-251,2845.375,0,0,1
L14-251,2845.5,0,0,1
L14-251,2845.625,0,0,1
L14-251,2845.75,0,0,1
L14-251,2845.875,0,0,1
L14-251,2846,0,0,1
L14-251,2846.125,0,0,1
L14-251,2846.25,0,0,1
L14-251,2846.375,0,0,1
L14-251,2846.5,0,0,1
L14-251,2846.625,0,0,1
L14-251,2846.75,0,0,1
L14-251,2846.875,0,0,1
L14-251,2847,0,0,1
L14-251,2847.125,0,0,1
L14-251,2847.25,0,0,1
L14-251,2847.375,0,0,1
L14-251,2847.5,0,0,1
L14-251,2847.625,0,0,1
L14-251,2847.75,0,0,1
L14-251,2847.875,0,0,1
L14-251,2848,0,0,1
L14-251,2848.125,0,0,1
L14-251,2848.25,0,0,1
L14-251,2848.375,0,0,1
L14-251,2848.5,0,0,1
L14-251,2848.625,0,0,1
L14-251,2848.75,0,0,1
L14-251,2848.875,0,0,1
L14-251,2849,0,0,1
L14-251,2849.125,0,0,1
L14-251,2849.25,0,0,1
L14-251,2849.375,0,0,1
L14-251,2849.5,0,0,1
L14-251,2849.625,0,0,1
L14-251,2849.75,0,0,1
L14-251,2849.875,0,0,1
L14-251,2850,0,0,1
L14-251,2850.125,0,0,1
L14-251,2850.25,0,0,1
L14-251,2850.375,0,0,1
L14-251,2850.5,0,0,1
L14-251,2850.625,0,0,1
L14-251,2850.75,0,0,1
L14-251,2850.875,0,0,1
L14-251,2851,0,0,1
L14-251,2851.125,0,0,1
L14-251,2851.25,0,0,1
L14-251,2851.375,0,0,1
L14-251,2851.5,0,0,1
L14-251,2851.625,0,0,1
L14-251,2851.75,0,0,1
L14-251,2851.875,0,0,1
L14-251,2852,0,0,1
L14-251,2852.125,0,0,1
L14-251,2852.25,0,0,1
L14-251,2852.375,0,0,1
L14-251,2852.5,0,0,1
L14-251,2852.625,0,0,1
L14-251,2852.75,0,0,1
L14-251,2852.875,0,0,1
L14-251,2853,0,0,1
L14-251,2853.125,0,0,1
L14-251,2853.25,0,0,1
L14-251,2853.375,0,0,1
L14-251,2853.5,0,0,1
L14-251,2853.625,0,0,1
L14-251,2853.75,0,0,1
L14-251,2853.875,0,0,1
L14-251,2854,0,0,1
L14-251,2854.125,0,0,1
L14-251,2854.25,0,0,1
L14-251,2854.375,0,0,1
L14-251,2854.5,0,0,1
L14-251,2854.625,0,0,1
L14-251,2854.75,0,0,1
L14-251,2854.875,0,0,1
L14-251,2855,0,0,1
L14-251,2855.125,0,0,1
L14-251,2855.25,0,0,1
L14-251,2855.375,0,0,1
L14-251,2855.5,0,0,1
L14-251,2855.625,0,0,1
L14-251,2855.75,0,0,1
L14-251,2855.875,0,0,1
L14-251,2856,0,0,1
L14-251,2856.125,0,0,1
L14-251,2856.25,0,0,1
L14-251,2856.375,0,0,1
L14-251,2856.5,0,0,1
L14-251,2856.625,0,0,1
L14-2306,2511.5,0,0,1
L14-2306,2511.625,0,0,1
L14-2306,2511.75,0,0,1
L14-2306,2511.875,0,0,1
L14-2306,2512,0,0,1
L14-2306,2512.125,0,0,1
L14-2306,2512.25,0,0,1
L14-2306,2512.375,0,0,1
L14-2306,2512.5,0,0,1
L14-2306,2512.625,0,0,1
L14-2306,2512.75,0,0,1
L14-2306,2512.875,0,0,1
L14-2306,2513,0,0,1
L14-2306,2513.125,0,0,1
L14-2306,2513.25,0,0,1
L14-2306,2513.375,0,0,1
L14-2306,2513.5,0,0,1
L14-2306,2513.625,0,0,1
L14-2306,2513.75,0,0,1
L14-2306,2513.875,0,0,1
L14-2306,2514,0,0,1
L14-2306,2514.125,0,0,1
L14-2306,2514.25,0,0,1
L14-2306,2514.375,0,0,1
L14-2306,2514.5,0,0,1
L14-2306,2514.625,0,0,1
L14-2306,2514.75,0,0,1
L14-2306,2514.875,0,0,1
L14-2306,2515,0,0,1
L14-2306,2515.125,0,0,1
L14-2306,2515.25,0,0,1
L14-2306,2515.375,0,0,1
L14-2306,2515.5,0,0,1
L14-2306,2515.625,0,0,1
L14-2306,2515.75,0,0,1
L14-2306,2515.875,0,0,1
L14-2306,2516,0,0,1
L14-2306,2516.125,0,0,1
L14-2306,2516.25,0,0,1
L14-2306,2516.375,0,0,1
L14-2306,2516.5,0,0,1
L14-2306,2516.625,0,0,1
L14-2306,2516.75,0,0,1
L14-2306,2516.875,0,0,1
L14-2306,2517,0,0,1
L14-2306,2517.125,0,0,1
L14-2306,2517.25,0,0,1
L14-2306,2517.375,0,0,1
L14-2306,2517.5,0,0,1
L14-2306,2517.625,0,0,1
L14-2306,2517.75,0,0,1
L14-2306,2517.875,0,0,1
L14-2306,2518,0,0,1
L14-2306,2518.125,0,0,1
L14-2306,2518.25,0,0,1
L14-2306,2518.375,0,0,1
L14-2306,2518.5,0,0,1
L14-2306,2518.625,0,0,1
L14-2306,2518.75,0,0,1
L14-2306,2518.875,0,0,1
L14-2306,2519,0,0,1
L14-2306,2519.125,0,0,1
L14-2306,2519.25,0,0,1
L14-2306,2519.375,0,0,1
L14-2306,2519.5,0,0,1
L14-2306,2519.625,0,0,1
L14-2306,2519.75,0,0,1
L14-2306,2519.875,0,0,1
L14-2306,2520,0,0,1
L14-2306,2520.125,0,0,1
L14-2306,2520.25,0,0,1
L14-2306,2520.375,0,0,1
L14-2306,2520.5,0,0,1
L14-2306,2520.625,0,0,1
L14-2306,2520.75,0,0,1
L14-2306,2520.875,0,0,1
L14-2306,2521,0,0,1
L14-2306,2521.125,0,0,1
L14-2306,2521.25,0,0,1
L14-2306,2521.375,0,0,1
L14-2306,2521.5,0,0,1
L14-2306,2521.625,0,0,1
L14-2306,2521.75,0,0,1
L14-2306,2521.875,0,0,1
L14-2306,2522,0,0,1
L14-2306,2522.125,0,0,1
L14-2306,2522.25,0,0,1
L14-2306,2522.375,0,0,1
L14-2306,2522.5,0,0,1
L14-2306,2522.625,0,0,1
L14-2306,2522.75,0,0,1
L14-2306,2522.875,0,0,1
L14-2306,2523,0,0,1
L14-2306,2523.125,0,0,1
L14-2306,2523.25,0,0,1
L14-2306,2523.375,0,0,1
L14-2306,2523.5,0,0,1
L14-2306,2523.625,0,0,1
L14-2306,2523.75,0,0,1
L14-2306,2523.875,0,0,1
L14-2306,2524,0,0,1
L14-2306,2524.125,0,0,1
L14-2306,2524.25,0,0,1
L14-2306,2524.375,0,0,1
L14-2306,2524.5,0,0,1
L14-2306,2524.625,0,0,1
L14-2306,2524.75,0,0,1
L14-2306,2524.875,0,0,1
L14-2306,2525,0,0,1
L14-2306,2525.125,0,0,1
L14-2306,2525.25,0,0,1
L14-2306,2525.375,0,0,1
L14-2306,2525.5,0,0,1
L14-2306,2525.625,0,0,1
L14-2306,2525.75,0,0,1
L14-2306,2525.875,0,0,1
L14-2306,2526,0,0,1
L14-2306,2526.125,0,0,1
L14-2306,2526.25,0,0,1
L14-2306,2526.375,0,0,1
L14-2306,2526.5,0,0,1
L14-2306,2526.625,0,0,1
L14-2306,2526.75,0,0,1
L14-2306,2526.875,0,0,1
L14-2306,2527,0,0,1
L14-2306,2527.125,0,0,1
L14-2306,2527.25,0,0,1
L14-2306,2527.375,0,0,1
L14-2306,2527.5,0,0,1
L14-2306,2527.625,0,0,1
L14-2306,2527.75,0,0,1
L14-2306,2527.875,0,0,1
L14-2306,2528,1,0,0
L14-2306,2528.125,1,0,0
L14-2306,2528.25,1,0,0
L14-2306,2528.375,1,0,0
L14-2306,2528.5,1,0,0
L14-2306,2528.625,1,0,0
L14-2306,2528.75,1,0,0
L14-2306,2528.875,1,0,0
L14-2306,2529,1,0,0
L14-2306,2529.125,1,0,0
L14-2306,2529.25,1,0,0
L14-2306,2529.375,1,0,0
L14-2306,2529.5,1,1,1
L14-2306,2529.625,1,1,1
L14-2306,2529.75,1,1,1
L14-2306,2529.875,1,1,1
L14-2306,2530,1,1,1
L14-2306,2530.125,1,1,1
L14-2306,2530.25,1,1,1
L14-2306,2530.375,1,1,1
L14-2306,2530.5,1,1,1
L14-2306,2530.625,1,1,1
L14-2306,2530.75,1,1,1
L14-2306,2530.875,1,1,1
L14-2306,2531,1,1,1
L14-2306,2531.125,1,1,1
L14-2306,2531.25,1,1,1
L14-2306,2531.375,1,1,1
L14-2306,2531.5,1,1,1
L14-2306,2531.625,1,1,1
L14-2306,2531.75,1,1,1
L14-2306,2531.875,1,1,1
L14-2306,2532,1,1,1
L14-2306,2532.125,1,1,1
L14-2306,2532.25,1,1,1
L14-2306,2532.375,1,1,1
L14-2306,2532.5,1,1,1
L14-2306,2532.625,1,1,1
L14-2306,2532.75,1,1,1
L14-2306,2532.875,1,1,1
L14-2306,2533,1,1,1
L14-2306,2533.125,1,1,1
L14-2306,2533.25,1,1,1
L14-2306,2533.375,1,1,1
L14-2306,2533.5,1,1,1
L14-2306,2533.625,1,1,1
L14-2306,2533.75,1,1,1
L14-2306,2533.875,1,1,1
L14-2306,2534,1,1,1
L14-2306,2534.125,1,1,1
L14-2306,2534.25,1,1,1
L14-2306,2534.375,1,1,1
L14-2306,2534.5,1,1,1
L14-2306,2534.625,1,1,1
L14-2306,2534.75,1,1,1
L14-2306,2534.875,1,1,1
L14-2306,2535,1,1,1
L14-2306,2535.125,1,1,1
L14-2306,2535.25,1,1,1
L14-2306,2535.375,1,1,1
L14-2306,2535.5,1,1,1
L14-2306,2535.625,1,1,1
L14-2306,2535.75,1,1,1
L14-2306,2535.875,1,1,1
L14-2306,2536,1,1,1
L14-2306,2536.125,1,1,1
L14-2306,2536.25,1,1,1
L14-2306,2536.375,1,1,1
L14-2306,2536.5,1,0,0
L14-2306,2536.625,0,0,1
L14-2306,2536.75,0,0,1
L14-2306,2536.875,0,0,1
L14-2306,2537,0,0,1
L14-2306,2537.125,0,0,1
L14-2306,2537.25,0,0,1
L14-2306,2537.375,0,0,1
L14-2306,2537.5,0,0,1
L14-2306,2537.625,0,0,1
L14-2306,2537.75,0,0,1
L14-2306,2537.875,0,0,1
L14-2306,2538,0,0,1
L14-2306,2538.125,0,0,1
L14-2306,2538.25,0,0,1
L14-2306,2538.375,0,0,1
L14-2306,2538.5,0,0,1
L14-2306,2538.625,0,0,1
L14-2306,2538.75,0,0,1
L14-2306,2538.875,0,0,1
L14-2306,2539,0,0,1
L14-2306,2539.125,0,0,1
L14-2306,2539.25,0,0,1
L14-2306,2539.375,0,0,1
L14-2306,2539.5,0,0,1
L14-2306,2539.625,0,0,1
L14-2306,2539.75,0,0,1
L14-2306,2539.875,0,0,1
L14-2306,2540,0,0,1
L14-2306,2540.125,0,0,1
L14-2306,2540.25,0,0,1
L14-2306,2540.375,1,0,0
L14-2306,2540.5,1,1,1
L14-2306,2540.625,1,1,1
L14-2306,2540.75,1,1,1
L14-2306,2540.875,1,1,1
L14-2306,2541,1,1,1
L14-2306,2541.125,1,1,1
L14-2306,2541.25,1,1,1
L14-2306,2541.375,1,1,1
L14-2306,2541.5,1,1,1
L14-2306,2541.625,1,1,1
L14-2306,2541.75,1,1,1
L14-2306,2541.875,1,1,1
L14-2306,2542,1,1,1
L14-2306,2542.125,1,1,1
L14-2306,2542.25,1,1,1
L14-2306,2542.375,1,1,1
L14-2306,2542.5,1,1,1
L14-2306,2542.625,1,1,1
L14-2306,2542.75,1,1,1
L14-2306,2542.875,1,1,1
L14-2306,2543,1,1,1
L14-2306,2543.125,1,1,1
L14-2306,2543.25,1,1,1
L14-2306,2543.375,1,1,1
L14-2306,2543.5,1,1,1
L14-2306,2543.625,1,1,1
L14-2306,2543.75,1,1,1
L14-2306,2543.875,1,1,1
L14-2306,2544,1,1,1
L14-2306,2544.125,1,1,1
L14-2306,2544.25,1,1,1
L14-2306,2544.375,1,1,1
L14-2306,2544.5,1,1,1
L14-2306,2544.625,1,1,1
L14-2306,2544.75,1,1,1
L14-2306,2544.875,1,1,1
L14-2306,2545,1,1,1
L14-2306,2545.125,1,1,1
L14-2306,2545.25,1,1,1
L14-2306,2545.375,1,1,1
L14-2306,2545.5,1,1,1
L14-2306,2545.625,1,1,1
L14-2306,2545.75,1,0,0
L14-2306,2545.875,0,0,1
L14-2306,2546,0,0,1
L14-2306,2546.125,0,0,1
L14-2306,2546.25,0,0,1
L14-2306,2546.375,0,0,1
L14-2306,2546.5,0,0,1
L14-2306,2546.625,0,0,1
L14-2306,2546.75,0,0,1
L14-2306,2546.875,0,0,1
L14-2306,2547,0,0,1
L14-2306,2547.125,0,0,1
L14-2306,2547.25,0,0,1
L14-2306,2547.375,0,0,1
L14-2306,2547.5,0,0,1
L14-2306,2547.625,0,0,1
L14-2306,2547.75,0,0,1
L14-2306,2547.875,0,0,1
L14-2306,2548,0,0,1
L14-2306,2548.125,0,0,1
L14-2306,2548.25,0,0,1
L14-2306,2548.375,0,0,1
L14-2306,2548.5,0,0,1
L14-2306,2548.625,0,0,1
L14-2306,2548.75,0,0,1
L14-2306,2548.875,0,0,1
L14-2306,2549,0,0,1
L14-2306,2549.125,0,0,1
L14-2306,2549.25,0,0,1
L14-2306,2549.375,0,0,1
L14-2306,2549.5,0,0,1
L14-2306,2549.625,0,0,1
L14-2306,2549.75,0,0,1
L14-2306,2549.875,0,0,1
L14-2306,2550,0,0,1
L14-2306,2550.125,0,0,1
L14-2306,2550.25,0,0,1
L14-2306,2550.375,0,0,1
L14-2306,2550.5,0,0,1
L14-2306,2550.625,0,0,1
L14-2306,2550.75,0,0,1
L14-2306,2550.875,0,0,1
L14-2306,2551,0,0,1
L14-2306,2551.125,3,0,0
L14-2306,2551.25,3,0,0
L14-2306,2551.375,3,0,0
L14-2306,2551.5,3,0,0
L14-2306,2551.625,3,0,0
L14-2306,2551.75,3,0,0
L14-2306,2551.875,3,0,0
L14-2306,2552,0,0,1
L14-2306,2552.125,0,0,1
L14-2306,2552.25,0,0,1
L14-2306,2552.375,0,0,1
L14-2306,2552.5,0,0,1
L14-2306,2552.625,0,0,1
L14-2306,2552.75,0,0,1
L14-2306,2552.875,0,0,1
L14-2306,2553,0,0,1
L14-2306,2553.125,0,0,1
L14-2306,2553.25,0,0,1
L14-2306,2553.375,0,0,1
L14-2306,2553.5,0,0,1
L14-2306,2553.625,0,0,1
L14-2306,2553.75,0,0,1
L14-2306,2553.875,0,0,1
L14-2306,2554,0,0,1
L14-2306,2554.125,0,0,1
L14-2306,2554.25,0,0,1
L14-2306,2554.375,0,0,1
L14-2306,2554.5,0,0,1
L14-2306,2554.625,0,0,1
L14-2306,2554.75,0,0,1
L14-2306,2554.875,0,0,1
L14-2306,2555,0,0,1
L14-2306,2555.125,0,0,1
L14-2306,2555.25,0,0,1
L14-2306,2555.375,0,0,1
L14-2306,2555.5,0,0,1
L14-2306,2555.625,0,0,1
L14-2306,2555.75,0,0,1
L14-2306,2555.875,0,0,1
L14-2306,2556,0,0,1
L14-2306,2556.125,0,0,1
L14-2306,2556.25,0,0,1
L14-2306,2556.375,0,0,1
L14-2306,2556.5,0,0,1
L14-2306,2556.625,0,0,1
L14-2306,2556.75,0,0,1
L14-2306,2556.875,0,0,1
L14-2306,2557,0,0,1
L14-2306,2557.125,0,0,1
L14-2306,2557.25,0,0,1
L14-2306,2557.375,0,0,1
L14-2306,2557.5,0,0,1
L14-2306,2557.625,0,0,1
L14-2306,2557.75,0,0,1
L14-2306,2557.875,0,0,1
L14-2306,2558,0,0,1
L14-2306,2558.125,0,0,1
L14-2306,2558.25,0,0,1
L14-2306,2558.375,0,0,1
L14-2306,2558.5,0,0,1
L14-2306,2558.625,0,0,1
L14-2306,2558.75,0,0,1
L14-2306,2558.875,0,0,1
L14-2306,2559,0,0,1
L14-2306,2559.125,0,0,1
L14-2306,2559.25,0,0,1
L14-2306,2559.375,0,0,1
L14-2306,2559.5,0,0,1
L14-2306,2559.625,0,0,1
L14-2306,2559.75,0,0,1
L14-2306,2559.875,0,0,1
L14-2306,2560,0,0,1
L14-2306,2560.125,0,0,1
L14-2306,2560.25,0,0,1
L14-2306,2560.375,0,0,1
L14-2306,2560.5,0,0,1
L14-2306,2560.625,0,0,1
L14-2306,2560.75,0,0,1
L14-2306,2560.875,0,0,1
L14-2306,2561,0,0,1
L14-2306,2561.125,0,0,1
L14-2306,2561.25,0,0,1
L14-2306,2561.375,0,0,1
L14-2306,2561.5,0,0,1
L14-2306,2561.625,0,0,1
L14-2306,2561.75,0,0,1
L14-2306,2561.875,0,0,1
L14-2306,2562,0,0,1
L14-2306,2562.125,0,0,1
L14-2306,2562.25,0,0,1
L14-2306,2562.375,0,0,1
L14-2306,2562.5,0,0,1
L14-2306,2562.625,0,0,1
L14-2306,2562.75,0,0,1
L14-2306,2562.875,0,0,1
L14-2306,2563,0,0,1
L14-2306,2563.125,0,0,1
L14-2306,2563.25,0,0,1
L14-2306,2563.375,0,0,1
L14-2306,2563.5,0,0,1
L14-2306,2563.625,0,0,1
L14-2306,2563.75,0,0,1
L14-2306,2563.875,0,0,1
L14-2306,2564,0,0,1
L14-2306,2564.125,0,0,1
L14-2306,2564.25,0,0,1
L14-2306,2564.375,0,0,1
L14-2306,2564.5,0,0,1
L14-2306,2564.625,0,0,1
L14-2306,2564.75,0,0,1
L14-2306,2564.875,0,0,1
L14-2306,2565,0,0,1
L14-2306,2565.125,0,0,1
L14-2306,2565.25,0,0,1
L14-2306,2565.375,0,0,1
L14-2306,2565.5,0,0,1
L14-2306,2565.625,0,0,1
L14-2306,2565.75,0,0,1
L14-2306,2565.875,0,0,1
L14-2306,2566,0,0,1
L14-2306,2566.125,0,0,1
L14-2306,2566.25,0,0,1
L14-2306,2566.375,0,0,1
L14-2306,2566.5,0,0,1
L14-2306,2566.625,0,0,1
L14-2306,2566.75,0,0,1
L14-2306,2566.875,0,0,1
L14-2306,2567,0,0,1
L14-2306,2567.125,0,0,1
L14-2306,2567.25,0,0,1
L14-2306,2567.375,0,0,1
L14-2306,2567.5,0,0,1
L14-2306,2567.625,0,0,1
L14-2306,2567.75,0,0,1
L14-2306,2567.875,0,0,1
L14-2306,2568,0,0,1
L14-2306,2568.125,0,0,1
L14-2306,2568.25,0,0,1
L14-2306,2568.375,0,0,1
L14-2306,2568.5,0,0,1
L14-2306,2568.625,0,0,1
L14-2306,2568.75,0,0,1
L14-2306,2568.875,0,0,1
L14-2306,2569,0,0,1
L14-2306,2569.125,0,0,1
L14-2306,2569.25,0,0,1
L14-2306,2569.375,0,0,1
L14-2306,2569.5,0,0,1
L14-2306,2569.625,0,0,1
L14-2306,2569.75,0,0,1
L14-2306,2569.875,0,0,1
L14-2306,2570,0,0,1
L14-2306,2570.125,0,0,1
L14-2306,2570.25,0,0,1
L14-2306,2570.375,0,0,1
L14-2306,2570.5,0,0,1
L14-2306,2570.625,0,0,1
L14-2306,2570.75,0,0,1
L14-2306,2570.875,0,0,1
L14-2306,2571,0,0,1
L14-2306,2571.125,0,0,1
L14-2306,2571.25,0,0,1
L14-2306,2571.375,0,0,1
L14-2306,2571.5,0,0,1
L14-2306,2571.625,0,0,1
L14-2306,2571.75,0,0,1
L14-2306,2571.875,0,0,1
L14-2306,2572,0,0,1
L14-2306,2572.125,0,0,1
L14-2306,2572.25,0,0,1
L14-2306,2572.375,0,0,1
L14-2306,2572.5,0,0,1
L14-2306,2572.625,0,0,1
L14-2306,2572.75,0,0,1
L14-2306,2572.875,0,0,1
L14-2306,2573,0,0,1
L14-2306,2573.125,0,0,1
L14-2306,2573.25,0,0,1
L14-2306,2573.375,0,0,1
L14-2306,2573.5,0,0,1
L14-2306,2573.625,0,0,1
L14-2306,2573.75,0,0,1
L14-2306,2573.875,0,0,1
L14-2306,2574,0,0,1
L14-2306,2574.125,0,0,1
L14-2306,2574.25,0,0,1
L14-2306,2574.375,0,0,1
L14-2306,2574.5,0,0,1
L14-2306,2574.625,0,0,1
L14-2306,2574.75,0,0,1
L14-2306,2574.875,0,0,1
L14-2306,2575,0,0,1
L14-2306,2575.125,0,0,1
L14-2306,2575.25,0,0,1
L14-2306,2575.375,0,0,1
L14-2306,2575.5,1,0,0
L14-2306,2575.625,1,0,0
L14-2306,2575.75,1,0,0
L14-2306,2575.875,1,0,0
L14-2306,2576,1,0,0
L14-2306,2576.125,1,0,0
L14-2306,2576.25,1,0,0
L14-2306,2576.375,1,0,0
L14-2306,2576.5,0,0,1
L14-2306,2576.625,0,0,1
L14-2306,2576.75,0,0,1
L14-2306,2576.875,0,0,1
L14-2306,2577,0,0,1
L14-2306,2577.125,0,0,1
L14-2306,2577.25,0,0,1
L14-2306,2577.375,0,0,1
L14-2306,2577.5,0,0,1
L14-2306,2577.625,0,0,1
L14-2306,2577.75,0,0,1
L14-2306,2577.875,0,0,1
L14-2306,2578,0,0,1
L14-2306,2578.125,0,0,1
L14-2306,2578.25,0,0,1
L14-2306,2578.375,0,0,1
L14-2306,2578.5,0,0,1
L14-2306,2578.625,0,0,1
L14-2306,2578.75,0,0,1
L14-2306,2578.875,1,0,0
L14-2306,2579,1,0,0
L14-2306,2579.125,1,0,0
L14-2306,2579.25,1,0,0
L14-2306,2579.375,1,0,0
L14-2306,2579.5,1,0,0
L14-2306,2579.625,1,0,0
L14-2306,2579.75,1,0,0
L14-2306,2579.875,1,0,0
L14-2306,2580,1,0,0
L14-2306,2580.125,1,0,0
L14-2306,2580.25,1,0,0
L14-2306,2580.375,1,0,0
L14-2306,2580.5,1,0,0
L14-2306,2580.625,1,0,0
L14-2306,2580.75,0,0,1
L14-2306,2580.875,0,0,1
L14-2306,2581,0,0,1
L14-2306,2581.125,0,0,1
L14-2306,2581.25,0,0,1
L14-2306,2581.375,0,0,1
L14-2306,2581.5,0,0,1
L14-2306,2581.625,0,0,1
L14-2306,2581.75,0,0,1
L14-2306,2581.875,0,0,1
L14-2306,2582,0,0,1
L14-2306,2582.125,0,0,1
L14-2306,2582.25,0,0,1
L14-2306,2582.375,0,0,1
L14-2306,2582.5,0,0,1
L14-2306,2582.625,0,0,1
L14-2306,2582.75,0,0,1
L14-2306,2582.875,0,0,1
L14-2306,2583,0,0,1
L14-2306,2583.125,0,0,1
L14-2306,2583.25,0,0,1
L14-2306,2583.375,0,0,1
L14-2306,2583.5,0,0,1
L14-2306,2583.625,0,0,1
L14-2306,2583.75,0,0,1
L14-2306,2583.875,0,0,1
L14-2306,2584,0,0,1
L14-2306,2584.125,0,0,1
L14-2306,2584.25,0,0,1
L14-2306,2584.375,0,0,1
L14-2306,2584.5,0,0,1
L14-2306,2584.625,0,0,1
L14-2306,2584.75,0,0,1
L14-2306,2584.875,0,0,1
L14-2306,2585,0,0,1
L14-2306,2585.125,0,0,1
L14-2306,2585.25,0,0,1
L14-2306,2585.375,0,0,1
L14-2306,2585.5,0,0,1
L14-2306,2585.625,0,0,1
L14-2306,2585.75,0,0,1
L14-2306,2585.875,0,0,1
L14-2306,2586,0,0,1
L14-2306,2586.125,0,0,1
L14-2306,2586.25,0,0,1
L14-2306,2586.375,0,0,1
L14-2306,2586.5,0,0,1
L14-2306,2586.625,0,0,1
L14-2306,2586.75,0,0,1
L14-2306,2586.875,0,0,1
L14-2306,2587,0,0,1
L14-2306,2587.125,0,0,1
L14-2306,2587.25,0,0,1
L14-2306,2587.375,0,0,1
L14-2306,2587.5,0,0,1
L14-2306,2587.625,0,0,1
L14-2306,2587.75,0,0,1
L14-2306,2587.875,0,0,1
L14-2306,2588,0,0,1
L14-2306,2588.125,0,0,1
L14-2306,2588.25,0,0,1
L14-2306,2588.375,0,0,1
L14-2306,2588.5,0,0,1
L14-2306,2588.625,0,0,1
L14-2306,2588.75,0,0,1
L14-2306,2588.875,0,0,1
L14-2306,2589,0,0,1
L14-2306,2589.125,0,0,1
L14-2306,2589.25,0,0,1
L14-2306,2589.375,0,0,1
L14-2306,2589.5,0,0,1
L14-2306,2589.625,0,0,1
L14-2306,2589.75,0,0,1
L14-2306,2589.875,0,0,1
L14-2306,2590,0,0,1
L14-2306,2590.125,0,0,1
L14-2306,2590.25,0,0,1
L14-2306,2590.375,0,0,1
L14-2306,2590.5,0,0,1
L14-2306,2590.625,0,0,1
L14-2306,2590.75,0,0,1
L14-2306,2590.875,1,0,0
L14-2306,2591,1,0,0
L14-2306,2591.125,1,0,0
L14-2306,2591.25,1,0,0
L14-2306,2591.375,1,0,0
L14-2306,2591.5,1,0,0
L14-2306,2591.625,1,0,0
L14-2306,2591.75,1,0,0
L14-2306,2591.875,1,0,0
L14-2306,2592,1,0,0
L14-2306,2592.125,1,0,0
L14-2306,2592.25,1,0,0
L14-2306,2592.375,1,0,0
L14-2306,2592.5,0,0,1
L14-2306,2592.625,0,0,1
L14-2306,2592.75,0,0,1
L14-2306,2592.875,0,0,1
L14-2306,2593,0,0,1
L14-2306,2593.125,0,0,1
L14-2306,2593.25,0,0,1
L14-2306,2593.375,0,0,1
L14-2306,2593.5,0,0,1
L14-2306,2593.625,1,0,0
L14-2306,2593.75,1,0,0
L14-2306,2593.875,1,0,0
L14-2306,2594,1,0,0
L14-2306,2594.125,1,0,0
L14-2306,2594.25,1,0,0
L14-2306,2594.375,1,0,0
L14-2306,2594.5,1,0,0
L14-2306,2594.625,1,0,0
L14-2306,2594.75,1,0,0
L14-2306,2594.875,1,0,0
L14-2306,2595,1,0,0
L14-2306,2595.125,1,0,0
L14-2306,2595.25,1,0,0
L14-2306,2595.375,1,0,0
L14-2306,2595.5,1,0,0
L14-2306,2595.625,1,0,0
L14-2306,2595.75,1,0,0
L14-2306,2595.875,1,0,0
L14-2306,2596,1,0,0
L14-2306,2596.125,1,0,0
L14-2306,2596.25,1,0,0
L14-2306,2596.375,1,0,0
L14-2306,2596.5,0,0,1
L14-2306,2596.625,0,0,1
L14-2306,2596.75,0,0,1
L14-2306,2596.875,0,0,1
L14-2306,2597,0,0,1
L14-2306,2597.125,0,0,1
L14-2306,2597.25,0,0,1
L14-2306,2597.375,0,0,1
L14-2306,2597.5,0,0,1
L14-2306,2597.625,0,0,1
L14-2306,2597.75,0,0,1
L14-2306,2597.875,0,0,1
L14-2306,2598,0,0,1
L14-2306,2598.125,0,0,1
L14-2306,2598.25,0,0,1
L14-2306,2598.375,0,0,1
L14-2306,2598.5,0,0,1
L14-2306,2598.625,0,0,1
L14-2306,2598.75,0,0,1
L14-2306,2598.875,0,0,1
L14-2306,2599,0,0,1
L14-2306,2599.125,0,0,1
L14-2306,2599.25,0,0,1
L14-2306,2599.375,0,0,1
L14-2306,2599.5,0,0,1
L14-2306,2599.625,0,0,1
L14-2306,2599.75,0,0,1
L14-2306,2599.875,0,0,1
L14-2306,2600,0,0,1
L14-2306,2600.125,0,0,1
L14-2306,2600.25,0,0,1
L14-2306,2600.375,0,0,1
L14-2306,2600.5,0,0,1
L14-2306,2600.625,0,0,1
L14-2306,2600.75,0,0,1
L14-2306,2600.875,0,0,1
L14-2306,2601,0,0,1
L14-2306,2601.125,0,0,1
L14-2306,2601.25,0,0,1
L14-2306,2601.375,0,0,1
L14-2306,2601.5,0,0,1
L14-2306,2601.625,0,0,1
L14-2306,2601.75,0,0,1
L14-2306,2601.875,0,0,1
L14-2306,2602,0,0,1
L14-2306,2602.125,0,0,1
L14-2306,2602.25,0,0,1
L14-2306,2602.375,0,0,1
L14-2306,2602.5,0,0,1
L14-2306,2602.625,0,0,1
L14-2306,2602.75,0,0,1
L14-2306,2602.875,0,0,1
L14-2306,2603,0,0,1
L14-2306,2603.125,0,0,1
L14-2306,2603.25,0,0,1
L14-2306,2603.375,0,0,1
L14-2306,2603.5,0,1,0
L14-2306,2603.625,0,1,0
L14-2306,2603.75,0,1,0
L14-2306,2603.875,0,1,0
L14-2306,2604,0,1,0
L14-2306,2604.125,0,1,0
L14-2306,2604.25,0,1,0
L14-2306,2604.375,0,1,0
L14-2306,2604.5,0,1,0
L14-2306,2604.625,0,1,0
L14-2306,2604.75,0,1,0
L14-2306,2604.875,0,1,0
L14-2306,2605,0,1,0
L14-2306,2605.125,0,1,0
L14-2306,2605.25,0,1,0
L14-2306,2605.375,0,1,0
L14-2306,2605.5,0,1,0
L14-2306,2605.625,0,1,0
L14-2306,2605.75,0,1,0
L14-2306,2605.875,0,1,0
L14-2306,2606,0,1,0
L14-2306,2606.125,0,1,0
L14-2306,2606.25,0,1,0
L14-2306,2606.375,0,1,0
L14-2306,2606.5,0,1,0
L14-2306,2606.625,0,1,0
L14-2306,2606.75,0,1,0
L14-2306,2606.875,0,1,0
L14-2306,2607,0,1,0
L14-2306,2607.125,0,1,0
L14-2306,2607.25,0,1,0
L14-2306,2607.375,0,1,0
L14-2306,2607.5,0,1,0
L14-2306,2607.625,0,1,0
L14-2306,2607.75,0,1,0
L14-2306,2607.875,0,1,0
L14-2306,2608,0,1,0
L14-2306,2608.125,0,1,0
L14-2306,2608.25,1,1,1
L14-2306,2608.375,1,1,1
L14-2306,2608.5,1,1,1
L14-2306,2608.625,1,1,1
L14-2306,2608.75,1,1,1
L14-2306,2608.875,1,1,1
L14-2306,2609,1,1,1
L14-2306,2609.125,1,1,1
L14-2306,2609.25,1,1,1
L14-2306,2609.375,1,1,1
L14-2306,2609.5,1,1,1
L14-2306,2609.625,1,1,1
L14-2306,2609.75,1,1,1
L14-2306,2609.875,1,1,1
L14-2306,2610,1,1,1
L14-2306,2610.125,1,1,1
L14-2306,2610.25,1,1,1
L14-2306,2610.375,1,1,1
L14-2306,2610.5,1,1,1
L14-2306,2610.625,1,1,1
L14-2306,2610.75,1,1,1
L14-2306,2610.875,1,1,1
L14-2306,2611,1,1,1
L14-2306,2611.125,1,1,1
L14-2306,2611.25,0,1,0
L14-2306,2611.375,0,1,0
L14-2306,2611.5,0,1,0
L14-2306,2611.625,0,1,0
L14-2306,2611.75,0,1,0
L14-2306,2611.875,0,1,0
L14-2306,2612,0,1,0
L14-2306,2612.125,0,1,0
L14-2306,2612.25,0,0,1
L14-2306,2612.375,0,0,1
L14-2306,2612.5,0,0,1
L14-2306,2612.625,0,0,1
L14-2306,2612.75,0,0,1
L14-2306,2612.875,0,0,1
L14-2306,2613,0,0,1
L14-2306,2613.125,0,0,1
L14-2306,2613.25,0,0,1
L14-2306,2613.375,0,0,1
L14-2306,2613.5,0,0,1
L14-2306,2613.625,0,0,1
L14-2306,2613.75,0,0,1
L14-2306,2613.875,0,0,1
L14-2306,2614,0,0,1
L14-2306,2614.125,0,0,1
L14-2306,2614.25,0,0,1
L14-2306,2614.375,0,0,1
L14-2306,2614.5,0,0,1
L14-2306,2614.625,0,0,1
L14-2306,2614.75,0,0,1
L14-2306,2614.875,0,0,1
L14-2306,2615,0,0,1
L14-2306,2615.125,0,0,1
L14-2306,2615.25,0,0,1
L14-2306,2615.375,0,0,1
L14-2306,2615.5,0,0,1
L14-2306,2615.625,0,0,1
L14-2306,2615.75,0,0,1
L14-2306,2615.875,0,0,1
L14-2306,2616,0,0,1
L14-2306,2616.125,0,0,1
L14-2306,2616.25,0,0,1
L14-2306,2616.375,0,0,1
L14-2306,2616.5,0,0,1
L14-2306,2616.625,0,0,1
L14-2306,2616.75,0,0,1
L14-2306,2616.875,0,0,1
L14-2306,2617,0,1,0
L14-2306,2617.125,0,1,0
L14-2306,2617.25,0,1,0
L14-2306,2617.375,0,1,0
L14-2306,2617.5,0,1,0
L14-2306,2617.625,1,1,1
L14-2306,2617.75,1,1,1
L14-2306,2617.875,1,1,1
L14-2306,2618,1,1,1
L14-2306,2618.125,1,1,1
L14-2306,2618.25,1,1,1
L14-2306,2618.375,1,1,1
L14-2306,2618.5,1,1,1
L14-2306,2618.625,1,1,1
L14-2306,2618.75,1,1,1
L14-2306,2618.875,1,1,1
L14-2306,2619,1,1,1
L14-2306,2619.125,1,1,1
L14-2306,2619.25,1,1,1
L14-2306,2619.375,1,1,1
L14-2306,2619.5,1,1,1
L14-2306,2619.625,1,1,1
L14-2306,2619.75,1,1,1
L14-2306,2619.875,1,1,1
L14-2306,2620,1,1,1
L14-2306,2620.125,1,1,1
L14-2306,2620.25,1,1,1
L14-2306,2620.375,1,1,1
L14-2306,2620.5,0,1,0
L14-2306,2620.625,0,1,0
L14-2306,2620.75,0,1,0
L14-2306,2620.875,0,0,1
L14-2306,2621,0,0,1
L14-2306,2621.125,0,0,1
L14-2306,2621.25,0,0,1
L14-2306,2621.375,0,0,1
L14-2306,2621.5,0,0,1
L14-2306,2621.625,0,0,1
L14-2306,2621.75,0,0,1
L14-2306,2621.875,0,0,1
L14-2306,2622,0,0,1
L14-2306,2622.125,0,0,1
L14-2306,2622.25,0,0,1
L14-2306,2622.375,0,0,1
L14-2306,2622.5,0,0,1
L14-2306,2622.625,0,0,1
L14-2306,2622.75,0,0,1
L14-2306,2622.875,0,0,1
L14-2306,2623,0,0,1
L14-2306,2623.125,0,0,1
L14-2306,2623.25,0,0,1
L14-2306,2623.375,0,0,1
L14-2306,2623.5,0,0,1
L14-2306,2623.625,0,0,1
L14-2306,2623.75,0,0,1
L14-2306,2623.875,0,0,1
L14-2306,2624,0,0,1
L14-2306,2624.125,0,0,1
L14-2306,2624.25,0,0,1
L14-2306,2624.375,0,0,1
L14-2306,2624.5,0,0,1
L14-2306,2624.625,0,0,1
L14-2306,2624.75,0,0,1
L14-2306,2624.875,0,0,1
L14-2306,2625,0,0,1
L14-2306,2625.125,0,0,1
L14-2306,2625.25,0,0,1
L14-2306,2625.375,0,0,1
L14-2306,2625.5,0,0,1
L14-2306,2625.625,0,0,1
L14-2306,2625.75,0,0,1
L14-2306,2625.875,0,0,1
L14-2306,2626,0,0,1
L14-2306,2626.125,0,0,1
L14-2306,2626.25,0,0,1
L14-2306,2626.375,0,0,1
L14-2306,2626.5,0,0,1
L14-2306,2626.625,0,0,1
L14-2306,2626.75,0,0,1
L14-2306,2626.875,0,0,1
L14-2306,2627,0,0,1
L14-2306,2627.125,0,0,1
L14-2306,2627.25,0,0,1
L14-2306,2627.375,0,0,1
L14-2306,2627.5,0,0,1
L14-2306,2627.625,0,0,1
L14-2306,2627.75,0,0,1
L14-2306,2627.875,0,0,1
L14-2306,2628,0,0,1
L14-2306,2628.125,0,0,1
L14-2306,2628.25,0,0,1
L14-2306,2628.375,0,0,1
L14-2306,2628.5,0,0,1
L14-2306,2628.625,0,0,1
L14-2306,2628.75,0,0,1
L14-2306,2628.875,0,0,1
L14-2306,2629,0,0,1
L14-2306,2629.125,0,0,1
L14-2306,2629.25,0,0,1
L14-2306,2629.375,0,0,1
L14-2306,2629.5,0,0,1
L14-2306,2629.625,0,0,1
L14-2306,2629.75,0,0,1
L14-2306,2629.875,0,0,1
L14-2306,2630,0,0,1
L14-2306,2630.125,0,0,1
L14-2306,2630.25,0,0,1
L14-2306,2630.375,0,0,1
L14-2306,2630.5,0,0,1
L14-2306,2630.625,0,0,1
L14-2306,2630.75,0,0,1
L14-2306,2630.875,0,0,1
L14-2306,2631,0,0,1
L14-2306,2631.125,0,0,1
L14-2306,2631.25,0,0,1
L14-2306,2631.375,0,0,1
L14-2306,2631.5,0,0,1
L14-2306,2631.625,0,0,1
L14-2306,2631.75,0,0,1
L14-2306,2631.875,0,0,1
L14-2306,2632,0,0,1
L14-2306,2632.125,0,0,1
L14-2306,2632.25,0,0,1
L14-2306,2632.375,0,0,1
L14-2306,2632.5,0,0,1
L14-2306,2632.625,0,0,1
L14-2306,2632.75,0,0,1
L14-2306,2632.875,0,0,1
L14-2306,2633,0,0,1
L14-2306,2633.125,0,0,1
L14-2306,2633.25,0,0,1
L14-2306,2633.375,0,0,1
L14-2306,2633.5,0,0,1
L14-2306,2633.625,0,0,1
L14-2306,2633.75,0,0,1
L14-2306,2633.875,0,0,1
L14-2306,2634,0,0,1
L14-2306,2634.125,0,0,1
L14-2306,2634.25,0,0,1
L14-2306,2634.375,0,0,1
L14-2306,2634.5,0,0,1
L14-2306,2634.625,0,0,1
L14-2306,2634.75,0,0,1
L14-2306,2634.875,0,0,1
L14-2306,2635,0,0,1
L14-2306,2635.125,0,0,1
L14-2306,2635.25,0,0,1
L14-2306,2635.375,0,0,1
L14-2306,2635.5,1,0,0
L14-2306,2635.625,1,0,0
L14-2306,2635.75,1,0,0
L14-2306,2635.875,1,0,0
L14-2306,2636,1,0,0
L14-2306,2636.125,1,0,0
L14-2306,2636.25,1,0,0
L14-2306,2636.375,1,0,0
L14-2306,2636.5,1,0,0
L14-2306,2636.625,1,0,0
L14-2306,2636.75,1,0,0
L14-2306,2636.875,1,0,0
L14-2306,2637,1,0,0
L14-2306,2637.125,1,0,0
L14-2306,2637.25,1,0,0
L14-2306,2637.375,1,0,0
L14-2306,2637.5,1,0,0
L14-2306,2637.625,1,0,0
L14-2306,2637.75,1,0,0
L14-2306,2637.875,1,0,0
L14-2306,2638,1,0,0
L14-2306,2638.125,1,0,0
L14-2306,2638.25,1,0,0
L14-2306,2638.375,0,0,1
L14-2306,2638.5,0,0,1
L14-2306,2638.625,0,0,1
L14-2306,2638.75,0,0,1
L14-2306,2638.875,0,0,1
L14-2306,2639,0,0,1
L14-2306,2639.125,0,0,1
L14-2306,2639.25,0,0,1
L14-2306,2639.375,0,0,1
L14-2306,2639.5,0,0,1
L14-2306,2639.625,0,0,1
L14-2306,2639.75,0,0,1
L14-2306,2639.875,0,0,1
L14-2306,2640,0,0,1
L14-2306,2640.125,0,0,1
L14-2306,2640.25,0,0,1
L14-2306,2640.375,0,0,1
L14-2306,2640.5,0,0,1
L14-2306,2640.625,0,0,1
L14-2306,2640.75,0,0,1
L14-2306,2640.875,0,0,1
L14-2306,2641,0,0,1
L14-2306,2641.125,0,0,1
L14-2306,2641.25,0,0,1
L14-2306,2641.375,0,0,1
L14-2306,2641.5,0,0,1
L14-2306,2641.625,0,0,1
L14-2306,2641.75,0,0,1
L14-2306,2641.875,0,0,1
L14-2306,2642,0,0,1
L14-2306,2642.125,0,0,1
L14-2306,2642.25,0,0,1
L14-2306,2642.375,0,0,1
L14-2306,2642.5,1,0,0
L14-2306,2642.625,1,0,0
L14-2306,2642.75,1,0,0
L14-2306,2642.875,1,0,0
L14-2306,2643,1,0,0
L14-2306,2643.125,1,0,0
L14-2306,2643.25,1,0,0
L14-2306,2643.375,1,0,0
L14-2306,2643.5,1,0,0
L14-2306,2643.625,1,0,0
L14-2306,2643.75,1,0,0
L14-2306,2643.875,1,0,0
L14-2306,2644,1,0,0
L14-2306,2644.125,1,0,0
L14-2306,2644.25,1,0,0
L14-2306,2644.375,1,0,0
L14-2306,2644.5,1,0,0
L14-2306,2644.625,1,0,0
L14-2306,2644.75,1,0,0
L14-2306,2644.875,1,1,1
L14-2306,2645,1,1,1
L14-2306,2645.125,1,1,1
L14-2306,2645.25,1,1,1
L14-2306,2645.375,1,1,1
L14-2306,2645.5,1,1,1
L14-2306,2645.625,1,1,1
L14-2306,2645.75,1,1,1
L14-2306,2645.875,1,1,1
L14-2306,2646,1,1,1
L14-2306,2646.125,1,1,1
L14-2306,2646.25,1,1,1
L14-2306,2646.375,1,1,1
L14-2306,2646.5,1,1,1
L14-2306,2646.625,1,1,1
L14-2306,2646.75,1,1,1
L14-2306,2646.875,1,1,1
L14-2306,2647,1,1,1
L14-2306,2647.125,1,1,1
L14-2306,2647.25,1,1,1
L14-2306,2647.375,1,1,1
L14-2306,2647.5,1,1,1
L14-2306,2647.625,0,1,0
L14-2306,2647.75,0,0,1
L14-2306,2647.875,0,0,1
L14-2306,2648,0,0,1
L14-2306,2648.125,0,0,1
L14-2306,2648.25,0,0,1
L14-2306,2648.375,0,0,1
L14-2306,2648.5,0,0,1
L14-2306,2648.625,0,0,1
L14-2306,2648.75,0,0,1
L14-2306,2648.875,0,0,1
L14-2306,2649,0,0,1
L14-2306,2649.125,0,0,1
L14-2306,2649.25,0,0,1
L14-2306,2649.375,0,0,1
L14-2306,2649.5,0,0,1
L14-2306,2649.625,0,0,1
L14-2306,2649.75,0,0,1
L14-2306,2649.875,0,0,1
L14-2306,2650,0,0,1
L14-2306,2650.125,0,0,1
L14-2306,2650.25,0,0,1
L14-2306,2650.375,0,0,1
L14-2306,2650.5,0,0,1
L14-2306,2650.625,0,0,1
L14-2306,2650.75,0,0,1
L14-2306,2650.875,0,0,1
L14-2306,2651,0,0,1
L14-2306,2651.125,0,0,1
L14-2306,2651.25,0,0,1
L14-2306,2651.375,0,0,1
L14-2306,2651.5,0,0,1
L14-2306,2651.625,0,0,1
L14-2306,2651.75,0,0,1
L14-2306,2651.875,0,0,1
L14-2306,2652,0,0,1
L14-2306,2652.125,0,0,1
L14-2306,2652.25,0,0,1
L14-2306,2652.375,0,0,1
L14-2306,2652.5,0,0,1
L14-2306,2652.625,0,0,1
L14-2306,2652.75,0,0,1
L14-2306,2652.875,0,0,1
L14-2306,2653,0,0,1
L14-2306,2653.125,0,0,1
L14-2306,2653.25,0,0,1
L14-2306,2653.375,0,0,1
L14-2306,2653.5,0,0,1
L14-2306,2653.625,0,0,1
L14-2306,2653.75,0,0,1
L14-2306,2653.875,0,0,1
L14-2306,2654,0,0,1
L14-2306,2654.125,0,0,1
L14-2306,2654.25,0,0,1
L14-2306,2654.375,0,0,1
L14-2306,2654.5,0,0,1
L14-2306,2654.625,0,0,1
L14-2306,2654.75,0,0,1
L14-2306,2654.875,0,0,1
L14-2306,2655,0,0,1
L14-2306,2655.125,0,0,1
L14-2306,2655.25,0,0,1
L14-2306,2655.375,0,0,1
L14-2306,2655.5,0,0,1
L14-2306,2655.625,0,0,1
L14-2306,2655.75,0,0,1
L14-2306,2655.875,0,0,1
L14-2306,2656,0,0,1
L14-2306,2656.125,0,0,1
L14-2306,2656.25,0,0,1
L14-2306,2656.375,0,0,1
L14-2306,2656.5,0,0,1
L14-2306,2656.625,0,0,1
L14-2306,2656.75,0,0,1
L14-2306,2656.875,0,0,1
L14-2306,2657,0,0,1
L14-2306,2657.125,0,0,1
L14-2306,2657.25,0,0,1
L14-2306,2657.375,0,0,1
L14-2306,2657.5,1,0,0
L14-2306,2657.625,1,0,0
L14-2306,2657.75,1,0,0
L14-2306,2657.875,1,0,0
L14-2306,2658,1,0,0
L14-2306,2658.125,1,0,0
L14-2306,2658.25,1,0,0
L14-2306,2658.375,1,0,0
L14-2306,2658.5,1,0,0
L14-2306,2658.625,1,0,0
L14-2306,2658.75,1,0,0
L14-2306,2658.875,1,0,0
L14-2306,2659,1,0,0
L14-2306,2659.125,1,0,0
L14-2306,2659.25,1,0,0
L14-2306,2659.375,1,0,0
L14-2306,2659.5,1,0,0
L14-2306,2659.625,0,0,1
L14-2306,2659.75,0,0,1
L14-2306,2659.875,0,0,1
L14-2306,2660,0,0,1
L14-2306,2660.125,0,0,1
L14-2306,2660.25,0,0,1
L14-2306,2660.375,0,0,1
L14-2306,2660.5,0,0,1
L14-2306,2660.625,0,0,1
L14-2306,2660.75,0,0,1
L14-2306,2660.875,0,0,1
L14-2306,2661,0,0,1
L14-2306,2661.125,0,0,1
L14-2306,2661.25,0,0,1
L14-2306,2661.375,0,0,1
L14-2306,2661.5,0,0,1
L14-2306,2661.625,0,0,1
L14-2306,2661.75,0,0,1
L14-2306,2661.875,0,0,1
L14-2306,2662,0,0,1
L14-2306,2662.125,0,0,1
L14-2306,2662.25,0,0,1
L14-2306,2662.375,0,0,1
L14-2306,2662.5,0,0,1
L14-2306,2662.625,0,0,1
L14-2306,2662.75,0,0,1
L14-2306,2662.875,0,0,1
L14-2306,2663,1,0,0
L14-2306,2663.125,1,0,0
L14-2306,2663.25,1,0,0
L14-2306,2663.375,1,0,0
L14-2306,2663.5,1,0,0
L14-2306,2663.625,1,0,0
L14-2306,2663.75,1,0,0
L14-2306,2663.875,1,0,0
L14-2306,2664,1,0,0
L14-2306,2664.125,1,0,0
L14-2306,2664.25,1,0,0
L14-2306,2664.375,1,0,0
L14-2306,2664.5,1,0,0
L14-2306,2664.625,1,0,0
L14-2306,2664.75,1,0,0
L14-2306,2664.875,1,0,0
L14-2306,2665,1,0,0
L14-2306,2665.125,1,0,0
L14-2306,2665.25,1,0,0
L14-2306,2665.375,1,0,0
L14-2306,2665.5,1,0,0
L14-2306,2665.625,1,0,0
L14-2306,2665.75,1,0,0
L14-2306,2665.875,1,0,0
L14-2306,2666,1,0,0
L14-2306,2666.125,1,0,0
L14-2306,2666.25,1,0,0
L14-2306,2666.375,1,0,0
L14-2306,2666.5,1,0,0
L14-2306,2666.625,0,0,1
L14-2306,2666.75,0,0,1
L14-2306,2666.875,0,0,1
L14-2306,2667,0,0,1
L14-2306,2667.125,0,0,1
L14-2306,2667.25,0,0,1
L14-2306,2667.375,0,0,1
L14-2306,2667.5,0,0,1
L14-2306,2667.625,0,0,1
L14-2306,2667.75,0,0,1
L14-2306,2667.875,0,0,1
L14-2306,2668,0,0,1
L14-2306,2668.125,0,0,1
L14-2306,2668.25,0,0,1
L14-2306,2668.375,0,0,1
L14-2306,2668.5,0,0,1
L14-2306,2668.625,0,0,1
L14-2306,2668.75,0,0,1
L14-2306,2668.875,0,0,1
L14-2306,2669,0,0,1
L14-2306,2669.125,0,0,1
L14-2306,2669.25,0,0,1
L14-2306,2669.375,0,0,1
L14-2306,2669.5,0,0,1
L14-2306,2669.625,0,0,1
L14-2306,2669.75,0,0,1
L14-2306,2669.875,0,0,1
L14-2306,2670,0,0,1
L14-2306,2670.125,0,0,1
L14-2306,2670.25,0,0,1
L14-2306,2670.375,0,0,1
L14-2306,2670.5,0,0,1
L14-2306,2670.625,0,0,1
L14-2306,2670.75,0,0,1
L14-2306,2670.875,0,0,1
L14-2306,2671,0,0,1
L14-2306,2671.125,0,0,1
L14-2306,2671.25,0,0,1
L14-2306,2671.375,0,0,1
L14-2306,2671.5,0,0,1
L14-2306,2671.625,0,0,1
L14-2306,2671.75,0,0,1
L14-2306,2671.875,0,0,1
L14-2306,2672,0,0,1
L14-2306,2672.125,0,0,1
L14-2306,2672.25,0,0,1
L14-2306,2672.375,0,0,1
L14-2306,2672.5,0,0,1
L14-2306,2672.625,0,0,1
L14-2306,2672.75,0,0,1
L14-2306,2672.875,0,0,1
L14-2306,2673,0,0,1
L14-2306,2673.125,0,0,1
L14-2306,2673.25,0,0,1
L14-2306,2673.375,0,0,1
L14-2306,2673.5,0,0,1
L14-2306,2673.625,0,0,1
L14-2306,2673.75,0,0,1
L14-2306,2673.875,0,0,1
L14-2306,2674,0,0,1
L14-2306,2674.125,0,0,1
L14-2306,2674.25,0,0,1
L14-2306,2674.375,0,0,1
L14-2306,2674.5,0,0,1
L14-2306,2674.625,0,0,1
L14-2306,2674.75,0,0,1
L14-2306,2674.875,0,0,1
L14-2306,2675,0,0,1
L14-2306,2675.125,0,0,1
L14-2306,2675.25,0,0,1
L14-2306,2675.375,0,0,1
L14-2306,2675.5,0,0,1
L14-2306,2675.625,0,0,1
L14-2306,2675.75,0,0,1
L14-2306,2675.875,0,0,1
L14-2306,2676,0,0,1
L14-2306,2676.125,0,0,1
L14-2306,2676.25,0,0,1
L14-2306,2676.375,0,0,1
L14-2306,2676.5,0,0,1
L14-2306,2676.625,0,0,1
L14-2306,2676.75,0,0,1
L14-2306,2676.875,0,0,1
L14-2306,2677,0,0,1
L14-2306,2677.125,0,0,1
L14-2306,2677.25,0,0,1
L14-2306,2677.375,0,0,1
L14-2306,2677.5,0,0,1
L14-2306,2677.625,0,0,1
L14-2306,2677.75,0,0,1
L14-2306,2677.875,0,0,1
L14-2306,2678,0,0,1
L14-2306,2678.125,0,0,1
L14-2306,2678.25,0,0,1
L14-2306,2678.375,0,0,1
L14-2306,2678.5,0,0,1
L14-2306,2678.625,0,0,1
L14-2306,2678.75,0,0,1
L14-2306,2678.875,0,0,1
L14-2306,2679,0,0,1
L14-2306,2679.125,0,0,1
L14-2306,2679.25,0,0,1
L14-2306,2679.375,0,0,1
L14-2306,2679.5,0,0,1
L14-2306,2679.625,0,0,1
L14-2306,2679.75,0,0,1
L14-2306,2679.875,0,0,1
L14-2306,2680,0,0,1
L14-2306,2680.125,0,0,1
L14-2306,2680.25,0,0,1
L14-2306,2680.375,0,0,1
L14-2306,2680.5,0,0,1
L14-2306,2680.625,0,0,1
L14-2306,2680.75,0,0,1
L14-2306,2680.875,0,0,1
L14-2306,2681,0,0,1
L14-2306,2681.125,0,0,1
L14-2306,2681.25,0,0,1
L14-2306,2681.375,1,0,0
L14-2306,2681.5,1,0,0
L14-2306,2681.625,1,0,0
L14-2306,2681.75,1,0,0
L14-2306,2681.875,1,0,0
L14-2306,2682,1,0,0
L14-2306,2682.125,1,0,0
L14-2306,2682.25,1,0,0
L14-2306,2682.375,1,0,0
L14-2306,2682.5,1,0,0
L14-2306,2682.625,1,0,0
L14-2306,2682.75,1,0,0
L14-2306,2682.875,1,0,0
L14-2306,2683,1,0,0
L14-2306,2683.125,1,0,0
L14-2306,2683.25,1,0,0
L14-2306,2683.375,1,0,0
L14-2306,2683.5,1,0,0
L14-2306,2683.625,1,0,0
L14-2306,2683.75,1,0,0
L14-2306,2683.875,1,0,0
L14-2306,2684,1,1,1
L14-2306,2684.125,1,1,1
L14-2306,2684.25,1,1,1
L14-2306,2684.375,1,1,1
L14-2306,2684.5,1,1,1
L14-2306,2684.625,1,1,1
L14-2306,2684.75,1,1,1
L14-2306,2684.875,1,1,1
L14-2306,2685,1,1,1
L14-2306,2685.125,1,1,1
L14-2306,2685.25,1,1,1
L14-2306,2685.375,1,1,1
L14-2306,2685.5,1,1,1
L14-2306,2685.625,1,1,1
L14-2306,2685.75,1,1,1
L14-2306,2685.875,1,1,1
L14-2306,2686,1,1,1
L14-2306,2686.125,1,1,1
L14-2306,2686.25,1,1,1
L14-2306,2686.375,1,1,1
L14-2306,2686.5,1,1,1
L14-2306,2686.625,1,1,1
L14-2306,2686.75,1,1,1
L14-2306,2686.875,1,1,1
L14-2306,2687,1,1,1
L14-2306,2687.125,1,1,1
L14-2306,2687.25,1,1,1
L14-2306,2687.375,1,1,1
L14-2306,2687.5,1,1,1
L14-2306,2687.625,1,1,1
L14-2306,2687.75,1,1,1
L14-2306,2687.875,1,1,1
L14-2306,2688,1,1,1
L14-2306,2688.125,1,1,1
L14-2306,2688.25,1,1,1
L14-2306,2688.375,1,1,1
L14-2306,2688.5,1,1,1
L14-2306,2688.625,1,1,1
L14-2306,2688.75,1,1,1
L14-2306,2688.875,1,1,1
L14-2306,2689,1,1,1
L14-2306,2689.125,1,1,1
L14-2306,2689.25,1,1,1
L14-2306,2689.375,1,1,1
L14-2306,2689.5,1,1,1
L14-2306,2689.625,1,1,1
L14-2306,2689.75,1,1,1
L14-2306,2689.875,1,1,1
L14-2306,2690,1,1,1
L14-2306,2690.125,1,1,1
L14-2306,2690.25,1,1,1
L14-2306,2690.375,1,1,1
L14-2306,2690.5,1,1,1
L14-2306,2690.625,1,1,1
L14-2306,2690.75,1,1,1
L14-2306,2690.875,1,1,1
L14-2306,2691,1,1,1
L14-2306,2691.125,1,1,1
L14-2306,2691.25,0,1,0
L14-2306,2691.375,0,1,0
L14-2306,2691.5,0,1,0
L14-2306,2691.625,0,1,0
L14-2306,2691.75,0,1,0
L14-2306,2691.875,0,1,0
L14-2306,2692,0,1,0
L14-2306,2692.125,0,1,0
L14-2306,2692.25,0,1,0
L14-2306,2692.375,0,0,1
L14-2306,2692.5,0,0,1
L14-2306,2692.625,0,0,1
L14-2306,2692.75,0,0,1
L14-2306,2692.875,0,0,1
L14-2306,2693,0,0,1
L14-2306,2693.125,0,0,1
L14-2306,2693.25,0,0,1
L14-2306,2693.375,0,0,1
L14-2306,2693.5,0,0,1
L14-2306,2693.625,0,0,1
L14-2306,2693.75,0,0,1
L14-2306,2693.875,0,0,1
L14-2306,2694,0,0,1
L14-2306,2694.125,0,0,1
L14-2306,2694.25,0,0,1
L14-2306,2694.375,0,0,1
L14-2306,2694.5,0,0,1
L14-2306,2694.625,0,0,1
L14-2306,2694.75,0,0,1
L14-2306,2694.875,0,0,1
L14-2306,2695,0,0,1
L14-2306,2695.125,0,0,1
L14-2306,2695.25,0,0,1
L14-2306,2695.375,0,0,1
L14-2306,2695.5,0,0,1
L14-2306,2695.625,0,0,1
L14-2306,2695.75,0,0,1
L14-2306,2695.875,0,0,1
L14-2306,2696,0,0,1
L14-2306,2696.125,0,0,1
L14-2306,2696.25,0,0,1
L14-2306,2696.375,0,0,1
L14-2306,2696.5,0,0,1
L14-2306,2696.625,0,0,1
L14-2306,2696.75,0,0,1
L14-2306,2696.875,0,0,1
L14-2306,2697,0,0,1
L14-2306,2697.125,0,0,1
L14-2306,2697.25,0,0,1
L14-2306,2697.375,0,0,1
L14-2306,2697.5,0,0,1
L14-2306,2697.625,0,0,1
L14-2306,2697.75,0,0,1
L14-2306,2697.875,0,0,1
L14-2306,2698,0,0,1
L14-2306,2698.125,0,0,1
L14-2306,2698.25,0,0,1
L14-2306,2698.375,0,0,1
L14-2306,2698.5,0,0,1
L14-2306,2698.625,1,0,0
L14-2306,2698.75,1,0,0
L14-2306,2698.875,1,0,0
L14-2306,2699,1,0,0
L14-2306,2699.125,1,0,0
L14-2306,2699.25,1,1,1
L14-2306,2699.375,1,1,1
L14-2306,2699.5,1,1,1
L14-2306,2699.625,1,1,1
L14-2306,2699.75,1,1,1
L14-2306,2699.875,1,1,1
L14-2306,2700,1,1,1
L14-2306,2700.125,1,1,1
L14-2306,2700.25,1,1,1
L14-2306,2700.375,1,1,1
L14-2306,2700.5,1,1,1
L14-2306,2700.625,1,1,1
L14-2306,2700.75,1,1,1
L14-2306,2700.875,1,1,1
L14-2306,2701,1,1,1
L14-2306,2701.125,1,1,1
L14-2306,2701.25,1,1,1
L14-2306,2701.375,1,1,1
L14-2306,2701.5,1,1,1
L14-2306,2701.625,1,1,1
L14-2306,2701.75,1,1,1
L14-2306,2701.875,1,1,1
L14-2306,2702,1,1,1
L14-2306,2702.125,1,1,1
L14-2306,2702.25,1,1,1
L14-2306,2702.375,1,1,1
L14-2306,2702.5,1,1,1
L14-2306,2702.625,1,1,1
L14-2306,2702.75,1,1,1
L14-2306,2702.875,1,1,1
L14-2306,2703,1,1,1
L14-2306,2703.125,1,1,1
L14-2306,2703.25,1,1,1
L14-2306,2703.375,1,1,1
L14-2306,2703.5,1,1,1
L14-2306,2703.625,1,1,1
L14-2306,2703.75,1,1,1
L14-2306,2703.875,1,1,1
L14-2306,2704,1,1,1
L14-2306,2704.125,1,1,1
L14-2306,2704.25,1,1,1
L14-2306,2704.375,1,1,1
L14-2306,2704.5,0,1,0
L14-2306,2704.625,0,1,0
L14-2306,2704.75,0,1,0
L14-2306,2704.875,0,1,0
L14-2306,2705,0,1,0
L14-2306,2705.125,0,1,0
L14-2306,2705.25,1,1,1
L14-2306,2705.375,1,1,1
L14-2306,2705.5,1,1,1
L14-2306,2705.625,1,1,1
L14-2306,2705.75,1,1,1
L14-2306,2705.875,1,1,1
L14-2306,2706,1,1,1
L14-2306,2706.125,1,1,1
L14-2306,2706.25,1,1,1
L14-2306,2706.375,1,1,1
L14-2306,2706.5,1,1,1
L14-2306,2706.625,1,1,1
L14-2306,2706.75,1,1,1
L14-2306,2706.875,1,1,1
L14-2306,2707,1,1,1
L14-2306,2707.125,1,1,1
L14-2306,2707.25,1,1,1
L14-2306,2707.375,1,1,1
L14-2306,2707.5,1,1,1
L14-2306,2707.625,1,1,1
L14-2306,2707.75,1,1,1
L14-2306,2707.875,1,1,1
L14-2306,2708,1,1,1
L14-2306,2708.125,1,1,1
L14-2306,2708.25,1,1,1
L14-2306,2708.375,1,1,1
L14-2306,2708.5,1,1,1
L14-2306,2708.625,1,1,1
L14-2306,2708.75,1,1,1
L14-2306,2708.875,1,1,1
L14-2306,2709,1,1,1
L14-2306,2709.125,1,1,1
L14-2306,2709.25,1,1,1
L14-2306,2709.375,1,1,1
L14-2306,2709.5,1,1,1
L14-2306,2709.625,1,1,1
L14-2306,2709.75,1,1,1
L14-2306,2709.875,1,1,1
L14-2306,2710,1,1,1
L14-2306,2710.125,1,1,1
L14-2306,2710.25,1,1,1
L14-2306,2710.375,1,1,1
L14-2306,2710.5,1,1,1
L14-2306,2710.625,1,1,1
L14-2306,2710.75,1,1,1
L14-2306,2710.875,1,1,1
L14-2306,2711,1,1,1
L14-2306,2711.125,1,1,1
L14-2306,2711.25,1,1,1
L14-2306,2711.375,1,1,1
L14-2306,2711.5,1,1,1
L14-2306,2711.625,1,1,1
L14-2306,2711.75,1,1,1
L14-2306,2711.875,1,1,1
L14-2306,2712,1,1,1
L14-2306,2712.125,1,1,1
L14-2306,2712.25,1,1,1
L14-2306,2712.375,1,1,1
L14-2306,2712.5,1,1,1
L14-2306,2712.625,1,1,1
L14-2306,2712.75,1,1,1
L14-2306,2712.875,1,1,1
L14-2306,2713,1,1,1
L14-2306,2713.125,1,1,1
L14-2306,2713.25,1,1,1
L14-2306,2713.375,1,1,1
L14-2306,2713.5,1,1,1
L14-2306,2713.625,1,1,1
L14-2306,2713.75,1,1,1
L14-2306,2713.875,1,1,1
L14-2306,2714,1,1,1
L14-2306,2714.125,1,1,1
L14-2306,2714.25,1,1,1
L14-2306,2714.375,1,1,1
L14-2306,2714.5,1,1,1
L14-2306,2714.625,1,1,1
L14-2306,2714.75,1,1,1
L14-2306,2714.875,1,1,1
L14-2306,2715,1,1,1
L14-2306,2715.125,1,1,1
L14-2306,2715.25,1,1,1
L14-2306,2715.375,1,1,1
L14-2306,2715.5,1,1,1
L14-2306,2715.625,1,1,1
L14-2306,2715.75,1,1,1
L14-2306,2715.875,1,1,1
L14-2306,2716,0,1,0
L14-2306,2716.125,0,1,0
L14-2306,2716.25,0,1,0
L14-2306,2716.375,0,1,0
L14-2306,2716.5,0,1,0
L14-2306,2716.625,0,1,0
L14-2306,2716.75,1,1,1
L14-2306,2716.875,1,1,1
L14-2306,2717,1,1,1
L14-2306,2717.125,1,1,1
L14-2306,2717.25,1,1,1
L14-2306,2717.375,1,1,1
L14-2306,2717.5,1,1,1
L14-2306,2717.625,1,1,1
L14-2306,2717.75,1,1,1
L14-2306,2717.875,1,1,1
L14-2306,2718,1,1,1
L14-2306,2718.125,1,1,1
L14-2306,2718.25,1,1,1
L14-2306,2718.375,1,1,1
L14-2306,2718.5,1,1,1
L14-2306,2718.625,1,1,1
L14-2306,2718.75,1,1,1
L14-2306,2718.875,1,1,1
L14-2306,2719,1,1,1
L14-2306,2719.125,1,1,1
L14-2306,2719.25,1,1,1
L14-2306,2719.375,1,1,1
L14-2306,2719.5,1,1,1
L14-2306,2719.625,1,1,1
L14-2306,2719.75,1,1,1
L14-2306,2719.875,1,1,1
L14-2306,2720,1,1,1
L14-2306,2720.125,1,1,1
L14-2306,2720.25,1,1,1
L14-2306,2720.375,1,1,1
L14-2306,2720.5,1,1,1
L14-2306,2720.625,1,1,1
L14-2306,2720.75,1,1,1
L14-2306,2720.875,1,1,1
L14-2306,2721,1,1,1
L14-2306,2721.125,1,1,1
L14-2306,2721.25,1,1,1
L14-2306,2721.375,1,1,1
L14-2306,2721.5,1,1,1
L14-2306,2721.625,1,1,1
L14-2306,2721.75,1,1,1
L14-2306,2721.875,1,1,1
L14-2306,2722,1,1,1
L14-2306,2722.125,1,1,1
L14-2306,2722.25,1,1,1
L14-2306,2722.375,1,1,1
L14-2306,2722.5,1,1,1
L14-2306,2722.625,1,1,1
L14-2306,2722.75,1,1,1
L14-2306,2722.875,1,1,1
L14-2306,2723,1,1,1
L14-2306,2723.125,1,1,1
L14-2306,2723.25,1,1,1
L14-2306,2723.375,1,1,1
L14-2306,2723.5,1,1,1
L14-2306,2723.625,1,1,1
L14-2306,2723.75,0,1,0
L14-2306,2723.875,0,1,0
L14-2306,2724,0,1,0
L14-2306,2724.125,0,0,1
L14-2306,2724.25,0,0,1
L14-2306,2724.375,0,0,1
L14-2306,2724.5,0,0,1
L14-2306,2724.625,0,0,1
L14-2306,2724.75,0,0,1
L14-2306,2724.875,0,0,1
L14-2306,2725,0,0,1
L14-2306,2725.125,0,0,1
L14-2306,2725.25,0,0,1
L14-2306,2725.375,0,0,1
L14-2306,2725.5,0,0,1
L14-2306,2725.625,0,0,1
L14-2306,2725.75,0,0,1
L14-2306,2725.875,0,0,1
L14-2306,2726,0,0,1
L14-2306,2726.125,0,0,1
L14-2306,2726.25,0,0,1
L14-2306,2726.375,0,0,1
L14-2306,2726.5,0,0,1
L14-2306,2726.625,0,0,1
L14-2306,2726.75,0,0,1
L14-2306,2726.875,0,0,1
L14-2306,2727,0,0,1
L14-2306,2727.125,0,0,1
L14-2306,2727.25,0,0,1
L14-2306,2727.375,0,0,1
L14-2306,2727.5,0,0,1
L14-2306,2727.625,0,0,1
L14-2306,2727.75,0,0,1
L14-2306,2727.875,0,0,1
L14-2306,2728,0,0,1
L14-2306,2728.125,0,0,1
L14-2306,2728.25,0,0,1
L14-2306,2728.375,0,0,1
L14-2306,2728.5,0,0,1
L14-2306,2728.625,0,0,1
L14-2306,2728.75,0,0,1
L14-2306,2728.875,0,0,1
L14-2306,2729,0,0,1
L14-2306,2729.125,0,0,1
L14-2306,2729.25,0,0,1
L14-2306,2729.375,0,0,1
L14-2306,2729.5,0,0,1
L14-2306,2729.625,0,0,1
L14-2306,2729.75,0,0,1
L14-2306,2729.875,0,0,1
L14-2306,2730,0,0,1
L14-2306,2730.125,0,0,1
L14-2306,2730.25,0,0,1
L14-2306,2730.375,0,0,1
L14-2306,2730.5,0,0,1
L14-2306,2730.625,0,0,1
L14-2306,2730.75,0,0,1
L14-2306,2730.875,0,0,1
L14-2306,2731,0,0,1
L14-2306,2731.125,0,0,1
L14-2306,2731.25,0,0,1
L14-2306,2731.375,0,0,1
L14-2306,2731.5,0,0,1
L14-2306,2731.625,0,0,1
L14-2306,2731.75,0,0,1
L14-2306,2731.875,0,0,1
L14-2306,2732,0,0,1
L14-2306,2732.125,0,0,1
L14-2306,2732.25,0,0,1
L14-2306,2732.375,0,0,1
L14-2306,2732.5,0,0,1
L14-2306,2732.625,0,0,1
L14-2306,2732.75,0,0,1
L14-2306,2732.875,0,0,1
L14-2306,2733,0,0,1
L14-2306,2733.125,0,0,1
L14-2306,2733.25,0,0,1
L14-2306,2733.375,0,0,1
L14-2306,2733.5,0,0,1
L14-2306,2733.625,0,0,1
L14-2306,2733.75,0,0,1
L14-2306,2733.875,0,0,1
L14-2306,2734,0,0,1
L14-2306,2734.125,0,0,1
L14-2306,2734.25,0,0,1
L14-2306,2734.375,0,0,1
L14-2306,2734.5,0,0,1
L14-2306,2734.625,0,0,1
L14-2306,2734.75,3,0,0
L14-2306,2734.875,3,0,0
L14-2306,2735,3,0,0
L14-2306,2735.125,3,0,0
L14-2306,2735.25,3,0,0
L14-2306,2735.375,3,0,0
L14-2306,2735.5,3,0,0
L14-2306,2735.625,0,0,1
L14-2306,2735.75,0,0,1
L14-2306,2735.875,0,0,1
L14-2306,2736,0,0,1
L14-2306,2736.125,0,0,1
L14-2306,2736.25,0,0,1
L14-2306,2736.375,0,0,1
L14-2306,2736.5,0,0,1
L14-2306,2736.625,0,0,1
L14-2306,2736.75,0,0,1
L14-2306,2736.875,0,0,1
L14-2306,2737,0,0,1
L14-2306,2737.125,0,0,1
L14-2306,2737.25,0,0,1
L14-2306,2737.375,0,0,1
L14-2306,2737.5,0,0,1
L14-2306,2737.625,0,0,1
L14-2306,2737.75,0,0,1
L14-2306,2737.875,0,0,1
L14-2306,2738,0,0,1
L14-2306,2738.125,0,0,1
L14-2306,2738.25,0,0,1
L14-2306,2738.375,1,0,0
L14-2306,2738.5,1,0,0
L14-2306,2738.625,1,0,0
L14-2306,2738.75,1,0,0
L14-2306,2738.875,1,0,0
L14-2306,2739,1,0,0
L14-2306,2739.125,1,0,0
L14-2306,2739.25,1,0,0
L14-2306,2739.375,1,0,0
L14-2306,2739.5,1,0,0
L14-2306,2739.625,1,0,0
L14-2306,2739.75,1,0,0
L14-2306,2739.875,1,0,0
L14-2306,2740,1,0,0
L14-2306,2740.125,1,0,0
L14-2306,2740.25,1,0,0
L14-2306,2740.375,1,0,0
L14-2306,2740.5,1,0,0
L14-2306,2740.625,1,0,0
L14-2306,2740.75,1,1,1
L14-2306,2740.875,1,1,1
L14-2306,2741,1,1,1
L14-2306,2741.125,1,1,1
L14-2306,2741.25,1,1,1
L14-2306,2741.375,1,1,1
L14-2306,2741.5,1,1,1
L14-2306,2741.625,1,1,1
L14-2306,2741.75,1,1,1
L14-2306,2741.875,1,1,1
L14-2306,2742,1,1,1
L14-2306,2742.125,1,1,1
L14-2306,2742.25,1,1,1
L14-2306,2742.375,1,1,1
L14-2306,2742.5,1,1,1
L14-2306,2742.625,1,1,1
L14-2306,2742.75,1,1,1
L14-2306,2742.875,1,1,1
L14-2306,2743,1,1,1
L14-2306,2743.125,1,1,1
L14-2306,2743.25,1,1,1
L14-2306,2743.375,1,1,1
L14-2306,2743.5,1,1,1
L14-2306,2743.625,1,1,1
L14-2306,2743.75,1,1,1
L14-2306,2743.875,1,1,1
L14-2306,2744,1,1,1
L14-2306,2744.125,1,1,1
L14-2306,2744.25,1,1,1
L14-2306,2744.375,1,1,1
L14-2306,2744.5,1,1,1
L14-2306,2744.625,1,1,1
L14-2306,2744.75,1,1,1
L14-2306,2744.875,1,1,1
L14-2306,2745,1,1,1
L14-2306,2745.125,1,1,1
L14-2306,2745.25,1,1,1
L14-2306,2745.375,1,1,1
L14-2306,2745.5,1,1,1
L14-2306,2745.625,1,1,1
L14-2306,2745.75,1,1,1
L14-2306,2745.875,1,1,1
L14-2306,2746,1,1,1
L14-2306,2746.125,1,1,1
L14-2306,2746.25,1,1,1
L14-2306,2746.375,1,1,1
L14-2306,2746.5,1,1,1
L14-2306,2746.625,1,1,1
L14-2306,2746.75,1,1,1
L14-2306,2746.875,1,1,1
L14-2306,2747,1,1,1
L14-2306,2747.125,1,1,1
L14-2306,2747.25,1,1,1
L14-2306,2747.375,1,1,1
L14-2306,2747.5,1,1,1
L14-2306,2747.625,1,1,1
L14-2306,2747.75,1,1,1
L14-2306,2747.875,1,1,1
L14-2306,2748,1,1,1
L14-2306,2748.125,1,1,1
L14-2306,2748.25,1,1,1
L14-2306,2748.375,1,1,1
L14-2306,2748.5,1,1,1
L14-2306,2748.625,1,1,1
L14-2306,2748.75,1,1,1
L14-2306,2748.875,1,1,1
L14-2306,2749,1,1,1
L14-2306,2749.125,1,1,1
L14-2306,2749.25,1,1,1
L14-2306,2749.375,1,1,1
L14-2306,2749.5,1,1,1
L14-2306,2749.625,1,1,1
L14-2306,2749.75,1,1,1
L14-2306,2749.875,1,1,1
L14-2306,2750,1,1,1
L14-2306,2750.125,1,1,1
L14-2306,2750.25,1,1,1
L14-2306,2750.375,1,1,1
L14-2306,2750.5,1,1,1
L14-2306,2750.625,1,1,1
L14-2306,2750.75,1,1,1
L14-2306,2750.875,1,1,1
L14-2306,2751,1,1,1
L14-2306,2751.125,0,1,0
L14-2306,2751.25,0,1,0
L14-2306,2751.375,0,1,0
L14-2306,2751.5,0,1,0
L14-2306,2751.625,0,1,0
L14-2306,2751.75,0,1,0
L14-2306,2751.875,0,1,0
L14-2306,2752,0,1,0
L14-2306,2752.125,0,1,0
L14-2306,2752.25,0,0,1
L14-2306,2752.375,0,0,1
L14-2306,2752.5,0,0,1
L14-2306,2752.625,0,0,1
L14-2306,2752.75,0,0,1
L14-2306,2752.875,0,0,1
L14-2306,2753,0,0,1
L14-2306,2753.125,0,0,1
L14-2306,2753.25,0,0,1
L14-2306,2753.375,0,0,1
L14-2306,2753.5,0,0,1
L14-2306,2753.625,0,0,1
L14-2306,2753.75,0,0,1
L14-2306,2753.875,0,0,1
L14-2306,2754,0,0,1
L14-2306,2754.125,0,0,1
L14-2306,2754.25,0,0,1
L14-2306,2754.375,0,0,1
L14-2306,2754.5,0,0,1
L14-2306,2754.625,0,0,1
L14-2306,2754.75,0,0,1
L14-2306,2754.875,0,0,1
L14-2306,2755,0,0,1
L14-2306,2755.125,0,0,1
L14-2306,2755.25,0,0,1
L14-2306,2755.375,0,0,1
L14-2306,2755.5,0,0,1
L14-2306,2755.625,0,0,1
L14-2306,2755.75,0,0,1
L14-2306,2755.875,0,0,1
L14-2306,2756,0,0,1
L14-2306,2756.125,0,0,1
L14-2306,2756.25,0,0,1
L14-2306,2756.375,0,0,1
L14-2306,2756.5,0,0,1
L14-2306,2756.625,0,0,1
L14-2306,2756.75,0,0,1
L14-2306,2756.875,0,0,1
L14-2306,2757,0,0,1
L14-2306,2757.125,0,0,1
L14-2306,2757.25,0,0,1
L14-2306,2757.375,0,0,1
L14-2306,2757.5,0,0,1
L14-2306,2757.625,0,0,1
L14-2306,2757.75,0,0,1
L14-2306,2757.875,0,0,1
L14-2306,2758,0,0,1
L14-2306,2758.125,0,0,1
L14-2306,2758.25,0,0,1
L14-2306,2758.375,0,0,1
L14-2306,2758.5,0,0,1
L14-2306,2758.625,0,0,1
L14-2306,2758.75,0,0,1
L14-2306,2758.875,0,0,1
L14-2306,2759,0,0,1
L14-2306,2759.125,0,0,1
L14-2306,2759.25,0,0,1
L14-2306,2759.375,0,0,1
L14-2306,2759.5,0,0,1
L14-2306,2759.625,0,0,1
L14-2306,2759.75,0,0,1
L14-2306,2759.875,0,0,1
L14-2306,2760,0,0,1
L14-2306,2760.125,0,0,1
L14-2306,2760.25,0,0,1
L14-2306,2760.375,0,0,1
L14-2306,2760.5,3,0,0
L14-2306,2760.625,3,0,0
L14-2306,2760.75,3,0,0
L14-2306,2760.875,3,0,0
L14-2306,2761,3,0,0
L14-2306,2761.125,3,0,0
L14-2306,2761.25,3,0,0
L14-2306,2761.375,3,0,0
L14-2306,2761.5,0,0,1
L14-2306,2761.625,0,0,1
L14-2306,2761.75,0,0,1
L14-2306,2761.875,0,0,1
L14-2306,2762,0,0,1
L14-2306,2762.125,0,0,1
L14-2306,2762.25,0,0,1
L14-2306,2762.375,0,0,1
L14-2306,2762.5,0,0,1
L14-2306,2762.625,0,0,1
L14-2306,2762.75,0,0,1
L14-2306,2762.875,0,0,1
L14-2306,2763,0,0,1
L14-2306,2763.125,1,0,0
L14-2306,2763.25,1,0,0
L14-2306,2763.375,1,0,0
L14-2306,2763.5,1,0,0
L14-2306,2763.625,1,0,0
L14-2306,2763.75,1,0,0
L14-2306,2763.875,1,0,0
L14-2306,2764,1,0,0
L14-2306,2764.125,1,0,0
L14-2306,2764.25,1,0,0
L14-2306,2764.375,1,0,0
L14-2306,2764.5,1,0,0
L14-2306,2764.625,1,0,0
L14-2306,2764.75,1,0,0
L14-2306,2764.875,1,0,0
L14-2306,2765,1,0,0
L14-2306,2765.125,1,0,0
L14-2306,2765.25,1,0,0
L14-2306,2765.375,1,0,0
L14-2306,2765.5,1,0,0
L14-2306,2765.625,1,0,0
L14-2306,2765.75,1,0,0
L14-2306,2765.875,1,0,0
L14-2306,2766,1,0,0
L14-2306,2766.125,1,0,0
L14-2306,2766.25,1,0,0
L14-2306,2766.375,1,0,0
L14-2306,2766.5,1,0,0
L14-2306,2766.625,1,0,0
L14-2306,2766.75,1,0,0
L14-2306,2766.875,1,0,0
L14-2306,2767,1,0,0
L14-2306,2767.125,1,0,0
L14-2306,2767.25,1,0,0
L14-2306,2767.375,1,0,0
L14-2306,2767.5,1,0,0
L14-2306,2767.625,1,0,0
L14-2306,2767.75,1,0,0
L14-2306,2767.875,1,0,0
L14-2306,2768,1,0,0
L14-2306,2768.125,1,0,0
L14-2306,2768.25,1,0,0
L14-2306,2768.375,1,0,0
L14-2306,2768.5,1,0,0
L14-2306,2768.625,1,0,0
L14-2306,2768.75,1,0,0
L14-2306,2768.875,1,0,0
L14-2306,2769,1,0,0
L14-2306,2769.125,0,0,1
L14-2306,2769.25,0,0,1
L14-2306,2769.375,0,0,1
L14-2306,2769.5,0,0,1
L14-2306,2769.625,0,0,1
L14-2306,2769.75,0,0,1
L14-2306,2769.875,0,0,1
L14-2306,2770,0,0,1
L14-2306,2770.125,0,0,1
L14-2306,2770.25,0,0,1
L14-2306,2770.375,0,0,1
L14-2306,2770.5,0,0,1
L14-2306,2770.625,0,0,1
L14-2306,2770.75,0,0,1
L14-2306,2770.875,0,0,1
L14-2306,2771,0,0,1
L14-2306,2771.125,0,0,1
L14-2306,2771.25,0,0,1
L14-2306,2771.375,0,0,1
L14-2306,2771.5,0,0,1
L14-2306,2771.625,0,0,1
L14-2306,2771.75,0,0,1
L14-2306,2771.875,0,0,1
L14-2306,2772,0,0,1
L14-2306,2772.125,0,0,1
L14-2306,2772.25,0,0,1
L14-2306,2772.375,0,0,1
L14-2306,2772.5,0,0,1
L14-2306,2772.625,0,0,1
L14-2306,2772.75,0,0,1
L14-2306,2772.875,0,0,1
L14-2306,2773,0,0,1
L14-2306,2773.125,0,0,1
L14-2306,2773.25,0,0,1
L14-2306,2773.375,0,0,1
L14-2306,2773.5,0,0,1
L14-2306,2773.625,0,0,1
L14-2306,2773.75,0,0,1
L14-2306,2773.875,0,0,1
L14-2306,2774,0,0,1
L14-2306,2774.125,0,0,1
L14-2306,2774.25,0,0,1
L14-2306,2774.375,0,0,1
L14-2306,2774.5,0,0,1
L14-2306,2774.625,0,0,1
L14-2306,2774.75,0,0,1
L14-2306,2774.875,0,0,1
L14-2306,2775,0,0,1
L14-2306,2775.125,0,0,1
L14-2306,2775.25,0,0,1
L14-2306,2775.375,0,0,1
L14-2306,2775.5,0,0,1
L14-2306,2775.625,0,0,1
L14-2306,2775.75,0,0,1
L14-2306,2775.875,0,0,1
L14-2306,2776,0,0,1
L14-2306,2776.125,0,0,1
L14-2306,2776.25,0,0,1
L14-2306,2776.375,0,0,1
L14-2306,2776.5,0,0,1
L14-2306,2776.625,0,0,1
L14-2306,2776.75,0,0,1
L14-2306,2776.875,0,0,1
L14-2306,2777,0,0,1
L14-2306,2777.125,0,0,1
L14-2306,2777.25,0,0,1
L14-2306,2777.375,0,0,1
L14-2306,2777.5,0,0,1
L14-2306,2777.625,0,0,1
L14-2306,2777.75,0,0,1
L14-2306,2777.875,0,0,1
L14-2306,2778,0,0,1
L14-2306,2778.125,0,0,1
L14-2306,2778.25,0,0,1
L14-2306,2778.375,0,0,1
L14-2306,2778.5,0,0,1
L14-2306,2778.625,0,0,1
L14-2306,2778.75,0,0,1
L14-2306,2778.875,0,0,1
L14-2306,2779,0,0,1
L14-2306,2779.125,0,0,1
L14-2306,2779.25,0,0,1
L14-2306,2779.375,0,0,1
L14-2306,2779.5,0,0,1
L14-2306,2779.625,0,0,1
L14-2306,2779.75,0,0,1
L14-2306,2779.875,0,0,1
L14-2306,2780,0,0,1
L14-2306,2780.125,0,0,1
L14-2306,2780.25,0,0,1
L14-2306,2780.375,0,0,1
L14-2306,2780.5,0,0,1
L14-2306,2780.625,0,0,1
L14-2306,2780.75,0,0,1
L14-2306,2780.875,0,0,1
L14-2306,2781,0,0,1
L14-2306,2781.125,0,0,1
L14-2306,2781.25,0,0,1
L14-2306,2781.375,0,0,1
L14-2306,2781.5,0,0,1
L14-2306,2781.625,0,0,1
L14-2306,2781.75,0,0,1
L14-2306,2781.875,0,0,1
L14-2306,2782,0,0,1
L14-2306,2782.125,0,0,1
L14-2306,2782.25,0,0,1
L14-2306,2782.375,0,0,1
L14-2306,2782.5,0,0,1
L14-2306,2782.625,0,0,1
L14-2306,2782.75,0,0,1
L14-2306,2782.875,0,0,1
L14-2306,2783,0,0,1
L14-2306,2783.125,0,0,1
L14-2306,2783.25,0,0,1
L14-2306,2783.375,0,0,1
L14-2306,2783.5,0,0,1
L14-2306,2783.625,0,0,1
L14-2306,2783.75,0,0,1
L14-2306,2783.875,0,0,1
L14-2306,2784,0,0,1
L14-2306,2784.125,0,0,1
L14-2306,2784.25,0,0,1
L14-2306,2784.375,0,0,1
L14-2306,2784.5,0,0,1
L14-2306,2784.625,0,0,1
L14-2306,2784.75,0,0,1
L14-2306,2784.875,0,0,1
L14-2306,2785,0,0,1
L14-2306,2785.125,0,0,1
L14-2306,2785.25,0,0,1
L14-2306,2785.375,0,0,1
L14-2306,2785.5,0,0,1
L14-2306,2785.625,0,0,1
L14-2306,2785.75,0,0,1
L14-2306,2785.875,0,0,1
L14-2306,2786,0,0,1
L14-2306,2786.125,0,0,1
L14-2306,2786.25,0,0,1
L14-2306,2786.375,0,0,1
L14-2306,2786.5,0,0,1
L14-2306,2786.625,0,0,1
L14-2306,2786.75,0,0,1
L14-2306,2786.875,0,0,1
L14-2306,2787,0,0,1
L14-2306,2787.125,0,0,1
L14-2306,2787.25,0,0,1
L14-2306,2787.375,0,0,1
L14-2306,2787.5,0,0,1
L14-2306,2787.625,0,0,1
L14-2306,2787.75,0,0,1
L14-2306,2787.875,0,0,1
L14-2306,2788,0,0,1
L14-2306,2788.125,0,0,1
L14-2306,2788.25,0,0,1
L14-2306,2788.375,0,0,1
L14-2306,2788.5,0,0,1
L14-2306,2788.625,0,0,1
L14-2306,2788.75,0,0,1
L14-2306,2788.875,0,0,1
L14-2306,2789,0,0,1
L14-2306,2789.125,0,0,1
L14-2306,2789.25,0,0,1
L14-2306,2789.375,0,0,1
L14-2306,2789.5,0,0,1
L14-2306,2789.625,0,0,1
L14-2306,2789.75,0,0,1
L14-2306,2789.875,0,0,1
L14-2306,2790,0,0,1
L14-2306,2790.125,0,0,1
L14-2306,2790.25,0,0,1
L14-2306,2790.375,0,0,1
L14-2306,2790.5,0,0,1
L14-2306,2790.625,0,0,1
L14-2306,2790.75,0,0,1
L14-2306,2790.875,0,0,1
L14-2306,2791,0,0,1
L14-2306,2791.125,0,0,1
L14-2306,2791.25,0,0,1
L14-2306,2791.375,0,0,1
L14-2306,2791.5,0,0,1
L14-2306,2791.625,0,0,1
L14-2306,2791.75,0,0,1
L14-2306,2791.875,0,0,1
L14-2306,2792,0,0,1
L14-2306,2792.125,0,0,1
L14-2306,2792.25,0,0,1
L14-2306,2792.375,0,0,1
L14-2306,2792.5,0,0,1
L14-2306,2792.625,0,0,1
L14-2306,2792.75,0,0,1
L14-2306,2792.875,0,0,1
L14-2306,2793,0,0,1
L14-2306,2793.125,0,0,1
L14-2306,2793.25,0,0,1
L14-2306,2793.375,0,0,1
L14-2306,2793.5,0,0,1
L14-2306,2793.625,0,0,1
L14-2306,2793.75,0,0,1
L14-2306,2793.875,0,0,1
L14-2306,2794,0,0,1
L14-2306,2794.125,0,0,1
L14-2306,2794.25,0,0,1
L14-2306,2794.375,0,0,1
L14-2306,2794.5,0,0,1
L14-2306,2794.625,0,0,1
L14-2306,2794.75,0,0,1
L14-2306,2794.875,0,0,1
L14-2306,2795,0,0,1
L14-2306,2795.125,0,0,1
L14-2306,2795.25,0,0,1
L14-2306,2795.375,0,0,1
L14-2306,2795.5,0,0,1
L14-2306,2795.625,0,0,1
L14-2306,2795.75,0,0,1
L14-2306,2795.875,0,0,1
L14-2306,2796,0,0,1
L14-2306,2796.125,0,0,1
L14-2306,2796.25,0,0,1
L14-2306,2796.375,0,0,1
L14-2306,2796.5,0,0,1
L14-2306,2796.625,0,0,1
L14-2306,2796.75,0,0,1
L14-2306,2796.875,0,0,1
L14-2306,2797,0,0,1
L14-2306,2797.125,0,0,1
L14-2306,2797.25,0,0,1
L14-2306,2797.375,0,0,1
L14-2306,2797.5,0,0,1
L14-2306,2797.625,0,0,1
L14-2306,2797.75,0,0,1
L14-2306,2797.875,0,0,1
L14-2306,2798,0,0,1
L14-2306,2798.125,0,0,1
L14-2306,2798.25,0,0,1
L14-2306,2798.375,0,0,1
L14-2306,2798.5,0,0,1
L14-2306,2798.625,0,0,1
L14-2306,2798.75,0,0,1
L14-2306,2798.875,0,0,1
L14-2306,2799,0,0,1
L14-2306,2799.125,0,0,1
L14-2306,2799.25,0,0,1
L14-2306,2799.375,0,0,1
L14-2306,2799.5,0,0,1
L14-2306,2799.625,0,0,1
L14-2306,2799.75,0,0,1
L14-2306,2799.875,0,0,1
L14-2306,2800,0,0,1
L14-2306,2800.125,0,0,1
L14-2306,2800.25,0,0,1
L14-2306,2800.375,0,0,1
L14-2306,2800.5,0,0,1
L14-2306,2800.625,0,0,1
L14-2306,2800.75,0,0,1
L14-2306,2800.875,0,0,1
L14-2306,2801,0,0,1
L14-2306,2801.125,0,0,1
L14-2306,2801.25,0,0,1
L14-2306,2801.375,0,0,1
L14-2306,2801.5,0,0,1
L14-2306,2801.625,0,0,1
L14-2306,2801.75,0,0,1
L14-2306,2801.875,0,0,1
L14-2306,2802,0,0,1
L14-2306,2802.125,0,0,1
L14-2306,2802.25,0,0,1
L14-2306,2802.375,0,0,1
L14-2306,2802.5,0,0,1
L14-2306,2802.625,0,0,1
L14-2306,2802.75,0,0,1
L14-2306,2802.875,0,0,1
L14-2306,2803,0,0,1
L14-2306,2803.125,0,0,1
L14-2306,2803.25,0,0,1
L14-2306,2803.375,0,0,1
L14-2306,2803.5,0,0,1
L14-2306,2803.625,0,0,1
L14-2306,2803.75,0,0,1
L14-2306,2803.875,0,0,1
L14-2306,2804,0,0,1
L14-2306,2804.125,0,0,1
L14-2306,2804.25,0,0,1
L14-2306,2804.375,0,0,1
L14-2306,2804.5,0,0,1
L14-2306,2804.625,0,0,1
L14-2306,2804.75,0,0,1
L14-2306,2804.875,0,0,1
L14-2306,2805,0,0,1
L14-2306,2805.125,0,0,1
L14-2306,2805.25,0,0,1
L14-2306,2805.375,0,0,1
L14-2306,2805.5,0,0,1
L14-2306,2805.625,0,0,1
L14-2306,2805.75,0,0,1
L14-2306,2805.875,0,0,1
L14-2306,2806,0,0,1
L14-2306,2806.125,0,0,1
L14-2306,2806.25,0,0,1
L14-2306,2806.375,0,0,1
L14-2306,2806.5,0,0,1
L14-2306,2806.625,0,0,1
L14-2306,2806.75,0,0,1
L14-2306,2806.875,0,0,1
L14-2306,2807,0,0,1
L14-2306,2807.125,0,0,1
L14-2306,2807.25,0,0,1
L14-2306,2807.375,0,0,1
L14-2306,2807.5,0,0,1
L14-2306,2807.625,0,0,1
L14-2306,2807.75,0,0,1
L14-2306,2807.875,0,0,1
L14-2306,2808,0,0,1
L14-2306,2808.125,0,0,1
L14-2306,2808.25,0,0,1
L14-2306,2808.375,0,0,1
L14-2306,2808.5,0,0,1
L14-2306,2808.625,0,0,1
L14-2306,2808.75,0,0,1
L14-2306,2808.875,0,0,1
L14-2306,2809,0,0,1
L14-2306,2809.125,0,0,1
L14-2306,2809.25,0,0,1
L14-2306,2809.375,0,0,1
L14-2306,2809.5,0,0,1
L14-2306,2809.625,0,0,1
L14-2306,2809.75,0,0,1
L14-2306,2809.875,0,0,1
L14-2306,2810,0,0,1
L14-2306,2810.125,0,0,1
L14-2306,2810.25,0,0,1
L14-2306,2810.375,0,0,1
L14-2306,2810.5,0,0,1
L14-2306,2810.625,0,0,1
L14-2306,2810.75,0,0,1
L14-2306,2810.875,0,0,1
L14-2306,2811,0,0,1
L14-2306,2811.125,0,0,1
L14-2306,2811.25,0,0,1
L14-2306,2811.375,0,0,1
L14-2306,2811.5,0,0,1
L14-2306,2811.625,0,0,1
L14-2306,2811.75,0,0,1
L14-2306,2811.875,0,0,1
L14-2306,2812,0,0,1
L14-2306,2812.125,0,0,1
L14-2306,2812.25,0,0,1
L14-2306,2812.375,0,0,1
L14-2306,2812.5,0,0,1
L14-2306,2812.625,0,0,1
L14-2306,2812.75,0,0,1
L14-2306,2812.875,0,0,1
L14-2306,2813,0,0,1
L14-2306,2813.125,0,0,1
L14-2306,2813.25,0,0,1
L14-2306,2813.375,0,0,1
L14-2306,2813.5,0,0,1
L14-2306,2813.625,0,0,1
L14-2306,2813.75,0,0,1
L14-2306,2813.875,0,0,1
L14-2306,2814,0,0,1
L14-2306,2814.125,0,0,1
L14-2306,2814.25,0,0,1
L14-2306,2814.375,0,0,1
L14-2306,2814.5,0,0,1
L14-2306,2814.625,0,0,1
L14-2306,2814.75,0,0,1
L14-2306,2814.875,0,0,1
L14-2306,2815,0,0,1
L14-2306,2815.125,0,0,1
L14-2306,2815.25,0,0,1
L14-2306,2815.375,0,0,1
L14-2306,2815.5,0,0,1
L14-2306,2815.625,0,0,1
L14-2306,2815.75,0,0,1
L14-2306,2815.875,0,0,1
L14-2306,2816,0,0,1
L14-2306,2816.125,0,0,1
L14-2306,2816.25,0,0,1
L14-2306,2816.375,0,0,1
L14-2306,2816.5,0,0,1
L14-2306,2816.625,0,0,1
L14-2306,2816.75,0,0,1
L14-2306,2816.875,0,0,1
L14-2306,2817,0,0,1
L14-2306,2817.125,0,0,1
L14-2306,2817.25,0,0,1
L14-2306,2817.375,0,0,1
L14-2306,2817.5,0,0,1
L14-2306,2817.625,0,0,1
L14-2306,2817.75,0,0,1
L14-2306,2817.875,0,0,1
L14-2306,2818,0,0,1
L14-2306,2818.125,0,0,1
L14-2306,2818.25,0,0,1
L14-2306,2818.375,0,0,1
L14-2306,2818.5,0,0,1
L14-2306,2818.625,0,0,1
L14-2306,2818.75,0,0,1
L14-2306,2818.875,0,0,1
L14-2306,2819,0,0,1
L14-2306,2819.125,0,0,1
L14-2306,2819.25,0,0,1
L14-2306,2819.375,0,0,1
L14-2306,2819.5,0,0,1
L14-2306,2819.625,0,0,1
L14-2306,2819.75,0,0,1
L14-2306,2819.875,0,0,1
L14-2306,2820,0,0,1
L14-2306,2820.125,0,0,1
L14-2306,2820.25,0,0,1
L14-2306,2820.375,0,0,1
L14-2306,2820.5,0,0,1
L14-2306,2820.625,0,0,1
L14-2306,2820.75,0,0,1
L14-2306,2820.875,0,0,1
L14-2306,2821,0,0,1
L14-2306,2821.125,0,0,1
LJ14-2601,2538.75,0,0,1
LJ14-2601,2538.875,0,0,1
LJ14-2601,2539,0,0,1
LJ14-2601,2539.125,0,0,1
LJ14-2601,2539.25,3,0,0
LJ14-2601,2539.375,3,0,0
LJ14-2601,2539.5,3,0,0
LJ14-2601,2539.625,3,0,0
LJ14-2601,2539.75,3,0,0
LJ14-2601,2539.875,3,0,0
LJ14-2601,2540,3,0,0
LJ14-2601,2540.125,3,0,0
LJ14-2601,2540.25,0,0,1
LJ14-2601,2540.375,0,0,1
LJ14-2601,2540.5,0,0,1
LJ14-2601,2540.625,0,0,1
LJ14-2601,2540.75,0,0,1
LJ14-2601,2540.875,0,0,1
LJ14-2601,2541,0,0,1
LJ14-2601,2541.125,0,0,1
LJ14-2601,2541.25,0,0,1
LJ14-2601,2541.375,0,0,1
LJ14-2601,2541.5,0,0,1
LJ14-2601,2541.625,0,0,1
LJ14-2601,2541.75,0,0,1
LJ14-2601,2541.875,0,0,1
LJ14-2601,2542,0,0,1
LJ14-2601,2542.125,0,0,1
LJ14-2601,2542.25,1,0,0
LJ14-2601,2542.375,1,0,0
LJ14-2601,2542.5,1,0,0
LJ14-2601,2542.625,1,0,0
LJ14-2601,2542.75,1,0,0
LJ14-2601,2542.875,1,0,0
LJ14-2601,2543,1,0,0
LJ14-2601,2543.125,1,0,0
LJ14-2601,2543.25,1,0,0
LJ14-2601,2543.375,1,0,0
LJ14-2601,2543.5,1,0,0
LJ14-2601,2543.625,1,0,0
LJ14-2601,2543.75,1,0,0
LJ14-2601,2543.875,1,0,0
LJ14-2601,2544,1,0,0
LJ14-2601,2544.125,1,0,0
LJ14-2601,2544.25,1,0,0
LJ14-2601,2544.375,1,0,0
LJ14-2601,2544.5,1,0,0
LJ14-2601,2544.625,1,0,0
LJ14-2601,2544.75,1,0,0
LJ14-2601,2544.875,0,0,1
LJ14-2601,2545,0,0,1
LJ14-2601,2545.125,0,0,1
LJ14-2601,2545.25,0,0,1
LJ14-2601,2545.375,0,0,1
LJ14-2601,2545.5,0,0,1
LJ14-2601,2545.625,0,0,1
LJ14-2601,2545.75,0,0,1
LJ14-2601,2545.875,0,0,1
LJ14-2601,2546,0,0,1
LJ14-2601,2546.125,0,0,1
LJ14-2601,2546.25,0,0,1
LJ14-2601,2546.375,0,0,1
LJ14-2601,2546.5,0,0,1
LJ14-2601,2546.625,0,0,1
LJ14-2601,2546.75,0,0,1
LJ14-2601,2546.875,0,0,1
LJ14-2601,2547,0,0,1
LJ14-2601,2547.125,0,0,1
LJ14-2601,2547.25,0,0,1
LJ14-2601,2547.375,0,0,1
LJ14-2601,2547.5,0,0,1
LJ14-2601,2547.625,0,0,1
LJ14-2601,2547.75,0,0,1
LJ14-2601,2547.875,0,0,1
LJ14-2601,2548,0,0,1
LJ14-2601,2548.125,0,0,1
LJ14-2601,2548.25,0,0,1
LJ14-2601,2548.375,0,0,1
LJ14-2601,2548.5,0,0,1
LJ14-2601,2548.625,0,0,1
LJ14-2601,2548.75,0,0,1
LJ14-2601,2548.875,0,0,1
LJ14-2601,2549,0,0,1
LJ14-2601,2549.125,0,0,1
LJ14-2601,2549.25,0,0,1
LJ14-2601,2549.375,0,0,1
LJ14-2601,2549.5,0,0,1
LJ14-2601,2549.625,0,0,1
LJ14-2601,2549.75,0,0,1
LJ14-2601,2549.875,0,0,1
LJ14-2601,2550,0,0,1
LJ14-2601,2550.125,0,0,1
LJ14-2601,2550.25,0,0,1
LJ14-2601,2550.375,0,0,1
LJ14-2601,2550.5,0,0,1
LJ14-2601,2550.625,0,0,1
LJ14-2601,2550.75,0,0,1
LJ14-2601,2550.875,0,0,1
LJ14-2601,2551,0,0,1
LJ14-2601,2551.125,0,0,1
LJ14-2601,2551.25,0,0,1
LJ14-2601,2551.375,0,0,1
LJ14-2601,2551.5,0,0,1
LJ14-2601,2551.625,0,0,1
LJ14-2601,2551.75,0,0,1
LJ14-2601,2551.875,0,0,1
LJ14-2601,2552,0,0,1
LJ14-2601,2552.125,0,0,1
LJ14-2601,2552.25,0,0,1
LJ14-2601,2552.375,0,0,1
LJ14-2601,2552.5,0,0,1
LJ14-2601,2552.625,3,0,0
LJ14-2601,2552.75,3,0,0
LJ14-2601,2552.875,3,0,0
LJ14-2601,2553,3,0,0
LJ14-2601,2553.125,3,0,0
LJ14-2601,2553.25,3,0,0
LJ14-2601,2553.375,3,0,0
LJ14-2601,2553.5,3,0,0
LJ14-2601,2553.625,0,0,1
LJ14-2601,2553.75,0,0,1
LJ14-2601,2553.875,0,0,1
LJ14-2601,2554,0,0,1
LJ14-2601,2554.125,0,0,1
LJ14-2601,2554.25,0,0,1
LJ14-2601,2554.375,0,0,1
LJ14-2601,2554.5,0,0,1
LJ14-2601,2554.625,0,0,1
LJ14-2601,2554.75,0,0,1
LJ14-2601,2554.875,0,0,1
LJ14-2601,2555,0,0,1
LJ14-2601,2555.125,0,0,1
LJ14-2601,2555.25,0,0,1
LJ14-2601,2555.375,0,0,1
LJ14-2601,2555.5,0,0,1
LJ14-2601,2555.625,0,0,1
LJ14-2601,2555.75,0,0,1
LJ14-2601,2555.875,0,0,1
LJ14-2601,2556,0,0,1
LJ14-2601,2556.125,0,0,1
LJ14-2601,2556.25,0,0,1
LJ14-2601,2556.375,0,0,1
LJ14-2601,2556.5,0,0,1
LJ14-2601,2556.625,0,0,1
LJ14-2601,2556.75,0,0,1
LJ14-2601,2556.875,0,0,1
LJ14-2601,2557,0,0,1
LJ14-2601,2557.125,0,0,1
LJ14-2601,2557.25,0,0,1
LJ14-2601,2557.375,0,0,1
LJ14-2601,2557.5,0,0,1
LJ14-2601,2557.625,0,0,1
LJ14-2601,2557.75,1,0,0
LJ14-2601,2557.875,1,0,0
LJ14-2601,2558,1,0,0
LJ14-2601,2558.125,1,0,0
LJ14-2601,2558.25,1,0,0
LJ14-2601,2558.375,1,0,0
LJ14-2601,2558.5,1,0,0
LJ14-2601,2558.625,1,0,0
LJ14-2601,2558.75,1,0,0
LJ14-2601,2558.875,1,0,0
LJ14-2601,2559,1,0,0
LJ14-2601,2559.125,1,0,0
LJ14-2601,2559.25,1,1,1
LJ14-2601,2559.375,1,1,1
LJ14-2601,2559.5,1,1,1
LJ14-2601,2559.625,1,1,1
LJ14-2601,2559.75,1,1,1
LJ14-2601,2559.875,1,1,1
LJ14-2601,2560,1,1,1
LJ14-2601,2560.125,1,1,1
LJ14-2601,2560.25,1,1,1
LJ14-2601,2560.375,1,1,1
LJ14-2601,2560.5,1,1,1
LJ14-2601,2560.625,1,1,1
LJ14-2601,2560.75,1,1,1
LJ14-2601,2560.875,1,1,1
LJ14-2601,2561,1,1,1
LJ14-2601,2561.125,1,1,1
LJ14-2601,2561.25,1,1,1
LJ14-2601,2561.375,1,1,1
LJ14-2601,2561.5,1,1,1
LJ14-2601,2561.625,1,1,1
LJ14-2601,2561.75,1,1,1
LJ14-2601,2561.875,1,1,1
LJ14-2601,2562,1,1,1
LJ14-2601,2562.125,1,1,1
LJ14-2601,2562.25,1,1,1
LJ14-2601,2562.375,1,1,1
LJ14-2601,2562.5,1,1,1
LJ14-2601,2562.625,1,1,1
LJ14-2601,2562.75,1,1,1
LJ14-2601,2562.875,1,1,1
LJ14-2601,2563,1,1,1
LJ14-2601,2563.125,1,1,1
LJ14-2601,2563.25,1,1,1
LJ14-2601,2563.375,1,1,1
LJ14-2601,2563.5,1,1,1
LJ14-2601,2563.625,1,1,1
LJ14-2601,2563.75,1,1,1
LJ14-2601,2563.875,1,1,1
LJ14-2601,2564,1,1,1
LJ14-2601,2564.125,1,1,1
LJ14-2601,2564.25,1,1,1
LJ14-2601,2564.375,1,1,1
LJ14-2601,2564.5,1,1,1
LJ14-2601,2564.625,1,1,1
LJ14-2601,2564.75,1,1,1
LJ14-2601,2564.875,1,1,1
LJ14-2601,2565,1,1,1
LJ14-2601,2565.125,1,1,1
LJ14-2601,2565.25,0,1,0
LJ14-2601,2565.375,0,1,0
LJ14-2601,2565.5,0,1,0
LJ14-2601,2565.625,0,1,0
LJ14-2601,2565.75,0,1,0
LJ14-2601,2565.875,0,1,0
LJ14-2601,2566,0,1,0
LJ14-2601,2566.125,0,1,0
LJ14-2601,2566.25,1,1,1
LJ14-2601,2566.375,1,1,1
LJ14-2601,2566.5,1,1,1
LJ14-2601,2566.625,1,1,1
LJ14-2601,2566.75,1,1,1
LJ14-2601,2566.875,1,1,1
LJ14-2601,2567,1,1,1
LJ14-2601,2567.125,1,1,1
LJ14-2601,2567.25,1,1,1
LJ14-2601,2567.375,1,1,1
LJ14-2601,2567.5,1,1,1
LJ14-2601,2567.625,1,1,1
LJ14-2601,2567.75,1,1,1
LJ14-2601,2567.875,1,1,1
LJ14-2601,2568,1,1,1
LJ14-2601,2568.125,1,1,1
LJ14-2601,2568.25,1,1,1
LJ14-2601,2568.375,1,1,1
LJ14-2601,2568.5,1,1,1
LJ14-2601,2568.625,1,1,1
LJ14-2601,2568.75,1,1,1
LJ14-2601,2568.875,1,1,1
LJ14-2601,2569,1,1,1
LJ14-2601,2569.125,1,1,1
LJ14-2601,2569.25,1,1,1
LJ14-2601,2569.375,1,1,1
LJ14-2601,2569.5,1,1,1
LJ14-2601,2569.625,1,1,1
LJ14-2601,2569.75,1,1,1
LJ14-2601,2569.875,1,1,1
LJ14-2601,2570,1,1,1
LJ14-2601,2570.125,1,1,1
LJ14-2601,2570.25,1,1,1
LJ14-2601,2570.375,1,1,1
LJ14-2601,2570.5,1,1,1
LJ14-2601,2570.625,1,1,1
LJ14-2601,2570.75,1,1,1
LJ14-2601,2570.875,1,1,1
LJ14-2601,2571,1,1,1
LJ14-2601,2571.125,1,1,1
LJ14-2601,2571.25,1,1,1
LJ14-2601,2571.375,1,1,1
LJ14-2601,2571.5,1,1,1
LJ14-2601,2571.625,1,1,1
LJ14-2601,2571.75,1,1,1
LJ14-2601,2571.875,1,1,1
LJ14-2601,2572,1,1,1
LJ14-2601,2572.125,1,1,1
LJ14-2601,2572.25,1,1,1
LJ14-2601,2572.375,1,1,1
LJ14-2601,2572.5,1,1,1
LJ14-2601,2572.625,1,1,1
LJ14-2601,2572.75,1,1,1
LJ14-2601,2572.875,1,1,1
LJ14-2601,2573,1,1,1
LJ14-2601,2573.125,1,1,1
LJ14-2601,2573.25,1,1,1
LJ14-2601,2573.375,1,1,1
LJ14-2601,2573.5,1,1,1
LJ14-2601,2573.625,1,1,1
LJ14-2601,2573.75,1,1,1
LJ14-2601,2573.875,1,1,1
LJ14-2601,2574,1,1,1
LJ14-2601,2574.125,1,1,1
LJ14-2601,2574.25,1,1,1
LJ14-2601,2574.375,1,1,1
LJ14-2601,2574.5,1,1,1
LJ14-2601,2574.625,1,1,1
LJ14-2601,2574.75,1,1,1
LJ14-2601,2574.875,1,1,1
LJ14-2601,2575,1,0,0
LJ14-2601,2575.125,0,0,1
LJ14-2601,2575.25,0,0,1
LJ14-2601,2575.375,0,0,1
LJ14-2601,2575.5,0,0,1
LJ14-2601,2575.625,0,0,1
LJ14-2601,2575.75,0,0,1
LJ14-2601,2575.875,0,0,1
LJ14-2601,2576,0,0,1
LJ14-2601,2576.125,0,0,1
LJ14-2601,2576.25,0,0,1
LJ14-2601,2576.375,0,0,1
LJ14-2601,2576.5,0,0,1
LJ14-2601,2576.625,0,0,1
LJ14-2601,2576.75,0,0,1
LJ14-2601,2576.875,0,0,1
LJ14-2601,2577,0,0,1
LJ14-2601,2577.125,0,0,1
LJ14-2601,2577.25,0,0,1
LJ14-2601,2577.375,0,0,1
LJ14-2601,2577.5,0,0,1
LJ14-2601,2577.625,0,0,1
LJ14-2601,2577.75,0,0,1
LJ14-2601,2577.875,0,0,1
LJ14-2601,2578,0,0,1
LJ14-2601,2578.125,0,0,1
LJ14-2601,2578.25,0,0,1
LJ14-2601,2578.375,0,0,1
LJ14-2601,2578.5,0,0,1
LJ14-2601,2578.625,0,0,1
LJ14-2601,2578.75,0,0,1
LJ14-2601,2578.875,0,0,1
LJ14-2601,2579,0,0,1
LJ14-2601,2579.125,0,0,1
LJ14-2601,2579.25,0,0,1
LJ14-2601,2579.375,0,0,1
LJ14-2601,2579.5,0,0,1
LJ14-2601,2579.625,0,0,1
LJ14-2601,2579.75,0,0,1
LJ14-2601,2579.875,0,0,1
LJ14-2601,2580,0,0,1
LJ14-2601,2580.125,1,0,0
LJ14-2601,2580.25,1,0,0
LJ14-2601,2580.375,1,0,0
LJ14-2601,2580.5,1,0,0
LJ14-2601,2580.625,1,0,0
LJ14-2601,2580.75,1,0,0
LJ14-2601,2580.875,1,0,0
LJ14-2601,2581,1,0,0
LJ14-2601,2581.125,1,0,0
LJ14-2601,2581.25,1,0,0
LJ14-2601,2581.375,1,0,0
LJ14-2601,2581.5,1,0,0
LJ14-2601,2581.625,1,0,0
LJ14-2601,2581.75,1,0,0
LJ14-2601,2581.875,0,0,1
LJ14-2601,2582,0,0,1
LJ14-2601,2582.125,0,0,1
LJ14-2601,2582.25,0,0,1
LJ14-2601,2582.375,0,0,1
LJ14-2601,2582.5,0,0,1
LJ14-2601,2582.625,1,0,0
LJ14-2601,2582.75,1,0,0
LJ14-2601,2582.875,1,0,0
LJ14-2601,2583,1,0,0
LJ14-2601,2583.125,1,0,0
LJ14-2601,2583.25,1,0,0
LJ14-2601,2583.375,1,0,0
LJ14-2601,2583.5,1,0,0
LJ14-2601,2583.625,1,0,0
LJ14-2601,2583.75,1,0,0
LJ14-2601,2583.875,1,0,0
LJ14-2601,2584,1,0,0
LJ14-2601,2584.125,0,0,1
LJ14-2601,2584.25,0,0,1
LJ14-2601,2584.375,0,0,1
LJ14-2601,2584.5,0,0,1
LJ14-2601,2584.625,0,0,1
LJ14-2601,2584.75,0,0,1
LJ14-2601,2584.875,0,0,1
LJ14-2601,2585,0,0,1
LJ14-2601,2585.125,0,0,1
LJ14-2601,2585.25,0,0,1
LJ14-2601,2585.375,0,0,1
LJ14-2601,2585.5,1,0,0
LJ14-2601,2585.625,1,0,0
LJ14-2601,2585.75,1,0,0
LJ14-2601,2585.875,1,0,0
LJ14-2601,2586,1,0,0
LJ14-2601,2586.125,1,0,0
LJ14-2601,2586.25,1,0,0
LJ14-2601,2586.375,1,0,0
LJ14-2601,2586.5,1,0,0
LJ14-2601,2586.625,1,0,0
LJ14-2601,2586.75,1,0,0
LJ14-2601,2586.875,1,0,0
LJ14-2601,2587,1,0,0
LJ14-2601,2587.125,1,0,0
LJ14-2601,2587.25,1,0,0
LJ14-2601,2587.375,1,0,0
LJ14-2601,2587.5,1,0,0
LJ14-2601,2587.625,1,0,0
LJ14-2601,2587.75,1,0,0
LJ14-2601,2587.875,1,0,0
LJ14-2601,2588,1,0,0
LJ14-2601,2588.125,0,0,1
LJ14-2601,2588.25,0,0,1
LJ14-2601,2588.375,0,0,1
LJ14-2601,2588.5,0,0,1
LJ14-2601,2588.625,0,0,1
LJ14-2601,2588.75,0,0,1
LJ14-2601,2588.875,0,0,1
LJ14-2601,2589,0,0,1
LJ14-2601,2589.125,0,0,1
LJ14-2601,2589.25,0,0,1
LJ14-2601,2589.375,0,0,1
LJ14-2601,2589.5,0,0,1
LJ14-2601,2589.625,0,0,1
LJ14-2601,2589.75,0,0,1
LJ14-2601,2589.875,0,0,1
LJ14-2601,2590,0,0,1
LJ14-2601,2590.125,3,0,0
LJ14-2601,2590.25,3,0,0
LJ14-2601,2590.375,3,0,0
LJ14-2601,2590.5,3,0,0
LJ14-2601,2590.625,3,0,0
LJ14-2601,2590.75,3,0,0
LJ14-2601,2590.875,3,0,0
LJ14-2601,2591,3,0,0
LJ14-2601,2591.125,0,0,1
LJ14-2601,2591.25,0,0,1
LJ14-2601,2591.375,0,0,1
LJ14-2601,2591.5,0,0,1
LJ14-2601,2591.625,0,0,1
LJ14-2601,2591.75,0,0,1
LJ14-2601,2591.875,0,0,1
LJ14-2601,2592,0,0,1
LJ14-2601,2592.125,0,0,1
LJ14-2601,2592.25,0,0,1
LJ14-2601,2592.375,0,0,1
LJ14-2601,2592.5,0,0,1
LJ14-2601,2592.625,0,0,1
LJ14-2601,2592.75,0,0,1
LJ14-2601,2592.875,0,0,1
LJ14-2601,2593,0,0,1
LJ14-2601,2593.125,0,0,1
LJ14-2601,2593.25,0,0,1
LJ14-2601,2593.375,0,0,1
LJ14-2601,2593.5,0,0,1
LJ14-2601,2593.625,0,0,1
LJ14-2601,2593.75,0,0,1
LJ14-2601,2593.875,0,0,1
LJ14-2601,2594,0,0,1
LJ14-2601,2594.125,0,0,1
LJ14-2601,2594.25,0,0,1
LJ14-2601,2594.375,0,0,1
LJ14-2601,2594.5,0,0,1
LJ14-2601,2594.625,0,0,1
LJ14-2601,2594.75,0,0,1
LJ14-2601,2594.875,0,0,1
LJ14-2601,2595,0,0,1
LJ14-2601,2595.125,0,0,1
LJ14-2601,2595.25,0,0,1
LJ14-2601,2595.375,0,0,1
LJ14-2601,2595.5,0,0,1
LJ14-2601,2595.625,0,0,1
LJ14-2601,2595.75,0,0,1
LJ14-2601,2595.875,0,0,1
LJ14-2601,2596,0,0,1
LJ14-2601,2596.125,0,0,1
LJ14-2601,2596.25,0,0,1
LJ14-2601,2596.375,0,0,1
LJ14-2601,2596.5,0,0,1
LJ14-2601,2596.625,0,0,1
LJ14-2601,2596.75,0,0,1
LJ14-2601,2596.875,0,0,1
LJ14-2601,2597,0,0,1
LJ14-2601,2597.125,0,0,1
LJ14-2601,2597.25,0,0,1
LJ14-2601,2597.375,0,0,1
LJ14-2601,2597.5,0,0,1
LJ14-2601,2597.625,0,0,1
LJ14-2601,2597.75,0,0,1
LJ14-2601,2597.875,0,0,1
LJ14-2601,2598,0,0,1
LJ14-2601,2598.125,0,0,1
LJ14-2601,2598.25,0,0,1
LJ14-2601,2598.375,0,0,1
LJ14-2601,2598.5,0,0,1
LJ14-2601,2598.625,0,0,1
LJ14-2601,2598.75,0,0,1
LJ14-2601,2598.875,0,0,1
LJ14-2601,2599,0,0,1
LJ14-2601,2599.125,0,0,1
LJ14-2601,2599.25,0,0,1
LJ14-2601,2599.375,0,0,1
LJ14-2601,2599.5,0,0,1
LJ14-2601,2599.625,0,0,1
LJ14-2601,2599.75,0,0,1
LJ14-2601,2599.875,0,0,1
LJ14-2601,2600,0,0,1
LJ14-2601,2600.125,0,0,1
LJ14-2601,2600.25,0,0,1
LJ14-2601,2600.375,0,0,1
LJ14-2601,2600.5,0,0,1
LJ14-2601,2600.625,0,0,1
LJ14-2601,2600.75,0,0,1
LJ14-2601,2600.875,0,0,1
LJ14-2601,2601,0,0,1
LJ14-2601,2601.125,0,0,1
LJ14-2601,2601.25,0,0,1
LJ14-2601,2601.375,0,0,1
LJ14-2601,2601.5,0,0,1
LJ14-2601,2601.625,0,0,1
LJ14-2601,2601.75,0,0,1
LJ14-2601,2601.875,0,0,1
LJ14-2601,2602,0,0,1
LJ14-2601,2602.125,0,0,1
LJ14-2601,2602.25,0,0,1
LJ14-2601,2602.375,0,0,1
LJ14-2601,2602.5,0,0,1
LJ14-2601,2602.625,0,0,1
LJ14-2601,2602.75,0,0,1
LJ14-2601,2602.875,0,0,1
LJ14-2601,2603,0,0,1
LJ14-2601,2603.125,0,0,1
LJ14-2601,2603.25,0,0,1
LJ14-2601,2603.375,0,0,1
LJ14-2601,2603.5,0,0,1
LJ14-2601,2603.625,0,0,1
LJ14-2601,2603.75,0,0,1
LJ14-2601,2603.875,0,0,1
LJ14-2601,2604,3,0,0
LJ14-2601,2604.125,3,0,0
LJ14-2601,2604.25,3,0,0
LJ14-2601,2604.375,3,0,0
LJ14-2601,2604.5,3,0,0
LJ14-2601,2604.625,3,0,0
LJ14-2601,2604.75,3,0,0
LJ14-2601,2604.875,3,0,0
LJ14-2601,2605,0,0,1
LJ14-2601,2605.125,0,0,1
LJ14-2601,2605.25,0,0,1
LJ14-2601,2605.375,0,0,1
LJ14-2601,2605.5,0,0,1
LJ14-2601,2605.625,0,0,1
LJ14-2601,2605.75,0,0,1
LJ14-2601,2605.875,0,0,1
LJ14-2601,2606,0,0,1
LJ14-2601,2606.125,0,0,1
LJ14-2601,2606.25,0,0,1
LJ14-2601,2606.375,0,0,1
LJ14-2601,2606.5,0,0,1
LJ14-2601,2606.625,0,0,1
LJ14-2601,2606.75,0,0,1
LJ14-2601,2606.875,0,0,1
LJ14-2601,2607,0,0,1
LJ14-2601,2607.125,0,0,1
LJ14-2601,2607.25,0,0,1
LJ14-2601,2607.375,0,0,1
LJ14-2601,2607.5,0,0,1
LJ14-2601,2607.625,1,0,0
LJ14-2601,2607.75,1,0,0
LJ14-2601,2607.875,1,0,0
LJ14-2601,2608,1,0,0
LJ14-2601,2608.125,1,0,0
LJ14-2601,2608.25,1,0,0
LJ14-2601,2608.375,1,1,1
LJ14-2601,2608.5,1,1,1
LJ14-2601,2608.625,1,1,1
LJ14-2601,2608.75,1,1,1
LJ14-2601,2608.875,1,1,1
LJ14-2601,2609,1,1,1
LJ14-2601,2609.125,1,1,1
LJ14-2601,2609.25,1,1,1
LJ14-2601,2609.375,1,1,1
LJ14-2601,2609.5,1,1,1
LJ14-2601,2609.625,1,1,1
LJ14-2601,2609.75,1,1,1
LJ14-2601,2609.875,1,1,1
LJ14-2601,2610,1,1,1
LJ14-2601,2610.125,1,1,1
LJ14-2601,2610.25,1,1,1
LJ14-2601,2610.375,1,1,1
LJ14-2601,2610.5,1,1,1
LJ14-2601,2610.625,1,1,1
LJ14-2601,2610.75,1,1,1
LJ14-2601,2610.875,1,1,1
LJ14-2601,2611,1,1,1
LJ14-2601,2611.125,1,1,1
LJ14-2601,2611.25,1,1,1
LJ14-2601,2611.375,1,1,1
LJ14-2601,2611.5,1,1,1
LJ14-2601,2611.625,1,1,1
LJ14-2601,2611.75,1,1,1
LJ14-2601,2611.875,1,1,1
LJ14-2601,2612,1,1,1
LJ14-2601,2612.125,1,1,1
LJ14-2601,2612.25,1,1,1
LJ14-2601,2612.375,1,1,1
LJ14-2601,2612.5,1,1,1
LJ14-2601,2612.625,1,1,1
LJ14-2601,2612.75,1,1,1
LJ14-2601,2612.875,1,1,1
LJ14-2601,2613,1,1,1
LJ14-2601,2613.125,1,1,1
LJ14-2601,2613.25,1,1,1
LJ14-2601,2613.375,1,1,1
LJ14-2601,2613.5,1,1,1
LJ14-2601,2613.625,1,1,1
LJ14-2601,2613.75,1,1,1
LJ14-2601,2613.875,1,1,1
LJ14-2601,2614,1,1,1
LJ14-2601,2614.125,1,1,1
LJ14-2601,2614.25,1,1,1
LJ14-2601,2614.375,1,1,1
LJ14-2601,2614.5,1,0,0
LJ14-2601,2614.625,1,0,0
LJ14-2601,2614.75,1,0,0
LJ14-2601,2614.875,1,0,0
LJ14-2601,2615,0,0,1
LJ14-2601,2615.125,0,0,1
LJ14-2601,2615.25,0,0,1
LJ14-2601,2615.375,0,0,1
LJ14-2601,2615.5,0,0,1
LJ14-2601,2615.625,0,0,1
LJ14-2601,2615.75,0,0,1
LJ14-2601,2615.875,0,0,1
LJ14-2601,2616,0,0,1
LJ14-2601,2616.125,0,0,1
LJ14-2601,2616.25,0,0,1
LJ14-2601,2616.375,0,0,1
LJ14-2601,2616.5,0,0,1
LJ14-2601,2616.625,0,0,1
LJ14-2601,2616.75,0,0,1
LJ14-2601,2616.875,0,0,1
LJ14-2601,2617,0,0,1
LJ14-2601,2617.125,0,0,1
LJ14-2601,2617.25,0,0,1
LJ14-2601,2617.375,0,0,1
LJ14-2601,2617.5,0,0,1
LJ14-2601,2617.625,0,0,1
LJ14-2601,2617.75,0,0,1
LJ14-2601,2617.875,0,0,1
LJ14-2601,2618,1,0,0
LJ14-2601,2618.125,1,0,0
LJ14-2601,2618.25,1,0,0
LJ14-2601,2618.375,1,0,0
LJ14-2601,2618.5,1,0,0
LJ14-2601,2618.625,1,0,0
LJ14-2601,2618.75,1,0,0
LJ14-2601,2618.875,1,0,0
LJ14-2601,2619,1,0,0
LJ14-2601,2619.125,1,0,0
LJ14-2601,2619.25,1,0,0
LJ14-2601,2619.375,1,0,0
LJ14-2601,2619.5,1,0,0
LJ14-2601,2619.625,1,1,1
LJ14-2601,2619.75,1,1,1
LJ14-2601,2619.875,1,1,1
LJ14-2601,2620,1,1,1
LJ14-2601,2620.125,1,1,1
LJ14-2601,2620.25,1,1,1
LJ14-2601,2620.375,1,1,1
LJ14-2601,2620.5,1,1,1
LJ14-2601,2620.625,1,1,1
LJ14-2601,2620.75,1,1,1
LJ14-2601,2620.875,1,1,1
LJ14-2601,2621,1,1,1
LJ14-2601,2621.125,1,1,1
LJ14-2601,2621.25,1,1,1
LJ14-2601,2621.375,1,1,1
LJ14-2601,2621.5,1,1,1
LJ14-2601,2621.625,1,1,1
LJ14-2601,2621.75,1,1,1
LJ14-2601,2621.875,1,1,1
LJ14-2601,2622,1,1,1
LJ14-2601,2622.125,1,1,1
LJ14-2601,2622.25,1,1,1
LJ14-2601,2622.375,1,1,1
LJ14-2601,2622.5,1,1,1
LJ14-2601,2622.625,1,1,1
LJ14-2601,2622.75,1,1,1
LJ14-2601,2622.875,1,1,1
LJ14-2601,2623,1,1,1
LJ14-2601,2623.125,1,1,1
LJ14-2601,2623.25,1,1,1
LJ14-2601,2623.375,1,1,1
LJ14-2601,2623.5,1,1,1
LJ14-2601,2623.625,1,1,1
LJ14-2601,2623.75,1,1,1
LJ14-2601,2623.875,1,1,1
LJ14-2601,2624,1,1,1
LJ14-2601,2624.125,1,1,1
LJ14-2601,2624.25,1,1,1
LJ14-2601,2624.375,1,1,1
LJ14-2601,2624.5,1,1,1
LJ14-2601,2624.625,1,1,1
LJ14-2601,2624.75,1,1,1
LJ14-2601,2624.875,1,1,1
LJ14-2601,2625,1,1,1
LJ14-2601,2625.125,1,1,1
LJ14-2601,2625.25,1,1,1
LJ14-2601,2625.375,1,1,1
LJ14-2601,2625.5,1,1,1
LJ14-2601,2625.625,1,1,1
LJ14-2601,2625.75,1,1,1
LJ14-2601,2625.875,1,1,1
LJ14-2601,2626,1,1,1
LJ14-2601,2626.125,1,1,1
LJ14-2601,2626.25,1,1,1
LJ14-2601,2626.375,1,1,1
LJ14-2601,2626.5,1,1,1
LJ14-2601,2626.625,1,0,0
LJ14-2601,2626.75,1,0,0
LJ14-2601,2626.875,1,0,0
LJ14-2601,2627,1,0,0
LJ14-2601,2627.125,1,0,0
LJ14-2601,2627.25,1,0,0
LJ14-2601,2627.375,0,0,1
LJ14-2601,2627.5,0,0,1
LJ14-2601,2627.625,0,0,1
LJ14-2601,2627.75,0,0,1
LJ14-2601,2627.875,0,0,1
LJ14-2601,2628,0,0,1
LJ14-2601,2628.125,0,0,1
LJ14-2601,2628.25,0,0,1
LJ14-2601,2628.375,0,0,1
LJ14-2601,2628.5,0,0,1
LJ14-2601,2628.625,0,0,1
LJ14-2601,2628.75,0,0,1
LJ14-2601,2628.875,0,0,1
LJ14-2601,2629,0,0,1
LJ14-2601,2629.125,0,0,1
LJ14-2601,2629.25,0,0,1
LJ14-2601,2629.375,0,0,1
LJ14-2601,2629.5,0,0,1
LJ14-2601,2629.625,0,0,1
LJ14-2601,2629.75,0,0,1
LJ14-2601,2629.875,0,0,1
LJ14-2601,2630,0,0,1
LJ14-2601,2630.125,0,0,1
LJ14-2601,2630.25,0,0,1
LJ14-2601,2630.375,0,0,1
LJ14-2601,2630.5,0,0,1
LJ14-2601,2630.625,0,0,1
LJ14-2601,2630.75,0,0,1
LJ14-2601,2630.875,0,0,1
LJ14-2601,2631,0,0,1
LJ14-2601,2631.125,0,0,1
LJ14-2601,2631.25,0,0,1
LJ14-2601,2631.375,0,0,1
LJ14-2601,2631.5,0,0,1
LJ14-2601,2631.625,0,0,1
LJ14-2601,2631.75,0,0,1
LJ14-2601,2631.875,0,0,1
LJ14-2601,2632,1,1,1
LJ14-2601,2632.125,1,1,1
LJ14-2601,2632.25,1,1,1
LJ14-2601,2632.375,1,1,1
LJ14-2601,2632.5,1,1,1
LJ14-2601,2632.625,1,1,1
LJ14-2601,2632.75,1,1,1
LJ14-2601,2632.875,1,1,1
LJ14-2601,2633,1,1,1
LJ14-2601,2633.125,1,1,1
LJ14-2601,2633.25,1,1,1
LJ14-2601,2633.375,1,1,1
LJ14-2601,2633.5,1,1,1
LJ14-2601,2633.625,1,1,1
LJ14-2601,2633.75,1,1,1
LJ14-2601,2633.875,1,1,1
LJ14-2601,2634,1,1,1
LJ14-2601,2634.125,1,1,1
LJ14-2601,2634.25,1,1,1
LJ14-2601,2634.375,1,1,1
LJ14-2601,2634.5,1,1,1
LJ14-2601,2634.625,1,1,1
LJ14-2601,2634.75,1,1,1
LJ14-2601,2634.875,1,1,1
LJ14-2601,2635,1,1,1
LJ14-2601,2635.125,1,1,1
LJ14-2601,2635.25,1,1,1
LJ14-2601,2635.375,1,1,1
LJ14-2601,2635.5,1,1,1
LJ14-2601,2635.625,1,1,1
LJ14-2601,2635.75,1,1,1
LJ14-2601,2635.875,1,1,1
LJ14-2601,2636,1,1,1
LJ14-2601,2636.125,1,1,1
LJ14-2601,2636.25,1,1,1
LJ14-2601,2636.375,1,1,1
LJ14-2601,2636.5,1,1,1
LJ14-2601,2636.625,1,1,1
LJ14-2601,2636.75,1,1,1
LJ14-2601,2636.875,1,1,1
LJ14-2601,2637,1,1,1
LJ14-2601,2637.125,1,1,1
LJ14-2601,2637.25,1,1,1
LJ14-2601,2637.375,1,1,1
LJ14-2601,2637.5,1,1,1
LJ14-2601,2637.625,1,1,1
LJ14-2601,2637.75,1,1,1
LJ14-2601,2637.875,1,1,1
LJ14-2601,2638,1,1,1
LJ14-2601,2638.125,1,1,1
LJ14-2601,2638.25,1,1,1
LJ14-2601,2638.375,1,1,1
LJ14-2601,2638.5,1,1,1
LJ14-2601,2638.625,1,1,1
LJ14-2601,2638.75,1,1,1
LJ14-2601,2638.875,1,1,1
LJ14-2601,2639,1,1,1
LJ14-2601,2639.125,1,1,1
LJ14-2601,2639.25,1,1,1
LJ14-2601,2639.375,1,1,1
LJ14-2601,2639.5,1,1,1
LJ14-2601,2639.625,1,1,1
LJ14-2601,2639.75,1,1,1
LJ14-2601,2639.875,1,1,1
LJ14-2601,2640,1,1,1
LJ14-2601,2640.125,1,1,1
LJ14-2601,2640.25,1,1,1
LJ14-2601,2640.375,1,1,1
LJ14-2601,2640.5,1,1,1
LJ14-2601,2640.625,1,1,1
LJ14-2601,2640.75,1,1,1
LJ14-2601,2640.875,1,1,1
LJ14-2601,2641,1,1,1
LJ14-2601,2641.125,1,1,1
LJ14-2601,2641.25,1,1,1
LJ14-2601,2641.375,1,1,1
LJ14-2601,2641.5,1,1,1
LJ14-2601,2641.625,1,1,1
LJ14-2601,2641.75,1,1,1
LJ14-2601,2641.875,1,1,1
LJ14-2601,2642,1,1,1
LJ14-2601,2642.125,1,1,1
LJ14-2601,2642.25,1,1,1
LJ14-2601,2642.375,1,1,1
LJ14-2601,2642.5,0,1,0
LJ14-2601,2642.625,0,1,0
LJ14-2601,2642.75,0,1,0
LJ14-2601,2642.875,0,1,0
LJ14-2601,2643,0,1,0
LJ14-2601,2643.125,0,1,0
LJ14-2601,2643.25,0,1,0
LJ14-2601,2643.375,0,1,0
LJ14-2601,2643.5,0,1,0
LJ14-2601,2643.625,0,0,1
LJ14-2601,2643.75,0,0,1
LJ14-2601,2643.875,0,0,1
LJ14-2601,2644,0,0,1
LJ14-2601,2644.125,0,0,1
LJ14-2601,2644.25,0,0,1
LJ14-2601,2644.375,0,0,1
LJ14-2601,2644.5,0,0,1
LJ14-2601,2644.625,0,0,1
LJ14-2601,2644.75,0,0,1
LJ14-2601,2644.875,0,0,1
LJ14-2601,2645,0,0,1
LJ14-2601,2645.125,0,0,1
LJ14-2601,2645.25,0,0,1
LJ14-2601,2645.375,0,0,1
LJ14-2601,2645.5,0,0,1
LJ14-2601,2645.625,0,0,1
LJ14-2601,2645.75,0,0,1
LJ14-2601,2645.875,0,0,1
LJ14-2601,2646,0,0,1
LJ14-2601,2646.125,0,0,1
LJ14-2601,2646.25,0,0,1
LJ14-2601,2646.375,0,0,1
LJ14-2601,2646.5,0,0,1
LJ14-2601,2646.625,0,0,1
LJ14-2601,2646.75,0,0,1
LJ14-2601,2646.875,0,0,1
LJ14-2601,2647,0,0,1
LJ14-2601,2647.125,0,0,1
LJ14-2601,2647.25,0,0,1
LJ14-2601,2647.375,0,0,1
LJ14-2601,2647.5,0,0,1
LJ14-2601,2647.625,0,0,1
LJ14-2601,2647.75,0,0,1
LJ14-2601,2647.875,0,0,1
LJ14-2601,2648,0,0,1
LJ14-2601,2648.125,0,0,1
LJ14-2601,2648.25,0,0,1
LJ14-2601,2648.375,0,0,1
LJ14-2601,2648.5,0,0,1
LJ14-2601,2648.625,0,0,1
LJ14-2601,2648.75,0,0,1
LJ14-2601,2648.875,0,0,1
LJ14-2601,2649,0,0,1
LJ14-2601,2649.125,0,0,1
LJ14-2601,2649.25,0,0,1
LJ14-2601,2649.375,0,0,1
LJ14-2601,2649.5,0,0,1
LJ14-2601,2649.625,0,0,1
LJ14-2601,2649.75,0,0,1
LJ14-2601,2649.875,0,0,1
LJ14-2601,2650,0,0,1
LJ14-2601,2650.125,0,0,1
LJ14-2601,2650.25,0,0,1
LJ14-2601,2650.375,0,0,1
LJ14-2601,2650.5,0,0,1
LJ14-2601,2650.625,0,0,1
LJ14-2601,2650.75,0,0,1
LJ14-2601,2650.875,0,0,1
LJ14-2601,2651,0,0,1
LJ14-2601,2651.125,0,0,1
LJ14-2601,2651.25,0,0,1
LJ14-2601,2651.375,0,0,1
LJ14-2601,2651.5,0,0,1
LJ14-2601,2651.625,0,0,1
LJ14-2601,2651.75,0,0,1
LJ14-2601,2651.875,0,0,1
LJ14-2601,2652,0,0,1
LJ14-2601,2652.125,0,0,1
LJ14-2601,2652.25,0,0,1
LJ14-2601,2652.375,0,0,1
LJ14-2601,2652.5,0,0,1
LJ14-2601,2652.625,0,0,1
LJ14-2601,2652.75,0,0,1
LJ14-2601,2652.875,0,0,1
LJ14-2601,2653,0,0,1
LJ14-2601,2653.125,0,0,1
LJ14-2601,2653.25,0,0,1
LJ14-2601,2653.375,0,0,1
LJ14-2601,2653.5,0,0,1
LJ14-2601,2653.625,0,0,1
LJ14-2601,2653.75,0,0,1
LJ14-2601,2653.875,0,0,1
LJ14-2601,2654,0,0,1
LJ14-2601,2654.125,0,0,1
LJ14-2601,2654.25,0,0,1
LJ14-2601,2654.375,0,0,1
LJ14-2601,2654.5,0,0,1
LJ14-2601,2654.625,0,0,1
LJ14-2601,2654.75,0,0,1
LJ14-2601,2654.875,0,0,1
LJ14-2601,2655,0,0,1
LJ14-2601,2655.125,0,0,1
LJ14-2601,2655.25,0,0,1
LJ14-2601,2655.375,0,0,1
LJ14-2601,2655.5,0,0,1
LJ14-2601,2655.625,0,0,1
LJ14-2601,2655.75,0,0,1
LJ14-2601,2655.875,0,0,1
LJ14-2601,2656,0,0,1
LJ14-2601,2656.125,0,0,1
LJ14-2601,2656.25,0,0,1
LJ14-2601,2656.375,0,0,1
LJ14-2601,2656.5,0,0,1
LJ14-2601,2656.625,0,0,1
LJ14-2601,2656.75,0,0,1
LJ14-2601,2656.875,0,0,1
LJ14-2601,2657,0,0,1
LJ14-2601,2657.125,0,0,1
LJ14-2601,2657.25,0,0,1
LJ14-2601,2657.375,0,0,1
LJ14-2601,2657.5,0,0,1
LJ14-2601,2657.625,0,0,1
LJ14-2601,2657.75,0,0,1
LJ14-2601,2657.875,0,0,1
LJ14-2601,2658,0,0,1
LJ14-2601,2658.125,0,0,1
LJ14-2601,2658.25,0,0,1
LJ14-2601,2658.375,0,0,1
LJ14-2601,2658.5,0,0,1
LJ14-2601,2658.625,0,0,1
LJ14-2601,2658.75,0,0,1
LJ14-2601,2658.875,0,0,1
LJ14-2601,2659,0,0,1
LJ14-2601,2659.125,0,0,1
LJ14-2601,2659.25,0,0,1
LJ14-2601,2659.375,0,0,1
LJ14-2601,2659.5,0,0,1
LJ14-2601,2659.625,0,0,1
LJ14-2601,2659.75,0,0,1
LJ14-2601,2659.875,0,0,1
LJ14-2601,2660,0,0,1
LJ14-2601,2660.125,0,0,1
LJ14-2601,2660.25,0,0,1
LJ14-2601,2660.375,3,0,0
LJ14-2601,2660.5,3,0,0
LJ14-2601,2660.625,3,0,0
LJ14-2601,2660.75,3,0,0
LJ14-2601,2660.875,3,0,0
LJ14-2601,2661,3,0,0
LJ14-2601,2661.125,3,0,0
LJ14-2601,2661.25,3,0,0
LJ14-2601,2661.375,3,0,0
LJ14-2601,2661.5,3,0,0
LJ14-2601,2661.625,3,0,0
LJ14-2601,2661.75,0,0,1
LJ14-2601,2661.875,0,0,1
LJ14-2601,2662,0,0,1
LJ14-2601,2662.125,0,0,1
LJ14-2601,2662.25,0,0,1
LJ14-2601,2662.375,0,0,1
LJ14-2601,2662.5,0,0,1
LJ14-2601,2662.625,0,0,1
LJ14-2601,2662.75,0,0,1
LJ14-2601,2662.875,0,0,1
LJ14-2601,2663,0,0,1
LJ14-2601,2663.125,0,0,1
LJ14-2601,2663.25,0,0,1
LJ14-2601,2663.375,0,0,1
LJ14-2601,2663.5,0,0,1
LJ14-2601,2663.625,0,0,1
LJ14-2601,2663.75,0,0,1
LJ14-2601,2663.875,0,0,1
LJ14-2601,2664,0,0,1
LJ14-2601,2664.125,0,0,1
LJ14-2601,2664.25,0,0,1
LJ14-2601,2664.375,0,0,1
LJ14-2601,2664.5,0,0,1
LJ14-2601,2664.625,0,0,1
LJ14-2601,2664.75,0,0,1
LJ14-2601,2664.875,0,0,1
LJ14-2601,2665,0,0,1
LJ14-2601,2665.125,0,0,1
LJ14-2601,2665.25,0,0,1
LJ14-2601,2665.375,0,0,1
LJ14-2601,2665.5,0,0,1
LJ14-2601,2665.625,0,0,1
LJ14-2601,2665.75,0,0,1
LJ14-2601,2665.875,0,0,1
LJ14-2601,2666,0,0,1
LJ14-2601,2666.125,0,0,1
LJ14-2601,2666.25,0,0,1
LJ14-2601,2666.375,0,0,1
LJ14-2601,2666.5,0,0,1
LJ14-2601,2666.625,0,0,1
LJ14-2601,2666.75,0,0,1
LJ14-2601,2666.875,0,0,1
LJ14-2601,2667,0,0,1
LJ14-2601,2667.125,0,0,1
LJ14-2601,2667.25,0,0,1
LJ14-2601,2667.375,0,0,1
LJ14-2601,2667.5,0,0,1
LJ14-2601,2667.625,0,0,1
LJ14-2601,2667.75,0,0,1
LJ14-2601,2667.875,0,0,1
LJ14-2601,2668,0,0,1
LJ14-2601,2668.125,0,0,1
LJ14-2601,2668.25,0,0,1
LJ14-2601,2668.375,0,0,1
LJ14-2601,2668.5,0,0,1
LJ14-2601,2668.625,0,0,1
LJ14-2601,2668.75,0,0,1
LJ14-2601,2668.875,0,0,1
LJ14-2601,2669,0,0,1
LJ14-2601,2669.125,0,0,1
LJ14-2601,2669.25,0,0,1
LJ14-2601,2669.375,0,0,1
LJ14-2601,2669.5,0,0,1
LJ14-2601,2669.625,0,0,1
LJ14-2601,2669.75,0,0,1
LJ14-2601,2669.875,0,0,1
LJ14-2601,2670,0,0,1
LJ14-2601,2670.125,0,0,1
LJ14-2601,2670.25,0,0,1
LJ14-2601,2670.375,0,0,1
LJ14-2601,2670.5,0,0,1
LJ14-2601,2670.625,0,0,1
LJ14-2601,2670.75,0,0,1
LJ14-2601,2670.875,0,0,1
LJ14-2601,2671,0,0,1
LJ14-2601,2671.125,0,0,1
LJ14-2601,2671.25,0,0,1
LJ14-2601,2671.375,0,0,1
LJ14-2601,2671.5,0,0,1
LJ14-2601,2671.625,0,0,1
LJ14-2601,2671.75,0,0,1
LJ14-2601,2671.875,0,0,1
LJ14-2601,2672,0,0,1
LJ14-2601,2672.125,0,0,1
LJ14-2601,2672.25,0,0,1
LJ14-2601,2672.375,0,0,1
LJ14-2601,2672.5,0,0,1
LJ14-2601,2672.625,0,0,1
LJ14-2601,2672.75,0,0,1
LJ14-2601,2672.875,0,0,1
LJ14-2601,2673,0,0,1
LJ14-2601,2673.125,0,0,1
LJ14-2601,2673.25,3,0,0
LJ14-2601,2673.375,3,0,0
LJ14-2601,2673.5,3,0,0
LJ14-2601,2673.625,3,0,0
LJ14-2601,2673.75,3,0,0
LJ14-2601,2673.875,3,0,0
LJ14-2601,2674,3,0,0
LJ14-2601,2674.125,3,0,0
LJ14-2601,2674.25,3,0,0
LJ14-2601,2674.375,0,0,1
LJ14-2601,2674.5,0,0,1
LJ14-2601,2674.625,0,0,1
LJ14-2601,2674.75,0,0,1
LJ14-2601,2674.875,0,0,1
LJ14-2601,2675,0,0,1
LJ14-2601,2675.125,0,0,1
LJ14-2601,2675.25,0,0,1
LJ14-2601,2675.375,0,0,1
LJ14-2601,2675.5,0,0,1
LJ14-2601,2675.625,0,0,1
LJ14-2601,2675.75,0,0,1
LJ14-2601,2675.875,3,0,0
LJ14-2601,2676,3,0,0
LJ14-2601,2676.125,3,0,0
LJ14-2601,2676.25,3,0,0
LJ14-2601,2676.375,3,0,0
LJ14-2601,2676.5,3,0,0
LJ14-2601,2676.625,3,0,0
LJ14-2601,2676.75,3,0,0
LJ14-2601,2676.875,3,0,0
LJ14-2601,2677,3,0,0
LJ14-2601,2677.125,3,0,0
LJ14-2601,2677.25,3,0,0
LJ14-2601,2677.375,0,0,1
LJ14-2601,2677.5,0,0,1
LJ14-2601,2677.625,0,0,1
LJ14-2601,2677.75,0,0,1
LJ14-2601,2677.875,0,0,1
LJ14-2601,2678,0,0,1
LJ14-2601,2678.125,0,0,1
LJ14-2601,2678.25,0,0,1
LJ14-2601,2678.375,0,0,1
LJ14-2601,2678.5,0,0,1
LJ14-2601,2678.625,3,0,0
LJ14-2601,2678.75,3,0,0
LJ14-2601,2678.875,3,0,0
LJ14-2601,2679,3,0,0
LJ14-2601,2679.125,3,0,0
LJ14-2601,2679.25,3,0,0
LJ14-2601,2679.375,0,0,1
LJ14-2601,2679.5,0,0,1
LJ14-2601,2679.625,0,0,1
LJ14-2601,2679.75,0,0,1
LJ14-2601,2679.875,0,0,1
LJ14-2601,2680,0,0,1
LJ14-2601,2680.125,0,0,1
LJ14-2601,2680.25,0,0,1
LJ14-2601,2680.375,0,0,1
LJ14-2601,2680.5,0,0,1
LJ14-2601,2680.625,0,0,1
LJ14-2601,2680.75,0,0,1
LJ14-2601,2680.875,0,0,1
LJ14-2601,2681,0,0,1
LJ14-2601,2681.125,0,0,1
LJ14-2601,2681.25,0,0,1
LJ14-2601,2681.375,0,0,1
LJ14-2601,2681.5,0,0,1
LJ14-2601,2681.625,0,0,1
LJ14-2601,2681.75,0,0,1
LJ14-2601,2681.875,0,0,1
LJ14-2601,2682,0,0,1
LJ14-2601,2682.125,0,0,1
LJ14-2601,2682.25,0,0,1
LJ14-2601,2682.375,0,0,1
LJ14-2601,2682.5,0,0,1
LJ14-2601,2682.625,0,0,1
LJ14-2601,2682.75,0,0,1
LJ14-2601,2682.875,0,0,1
LJ14-2601,2683,0,0,1
LJ14-2601,2683.125,0,0,1
LJ14-2601,2683.25,0,0,1
LJ14-2601,2683.375,0,0,1
LJ14-2601,2683.5,0,0,1
LJ14-2601,2683.625,0,0,1
LJ14-2601,2683.75,0,0,1
LJ14-2601,2683.875,0,0,1
LJ14-2601,2684,0,0,1
LJ14-2601,2684.125,0,0,1
LJ14-2601,2684.25,0,0,1
LJ14-2601,2684.375,0,0,1
LJ14-2601,2684.5,0,0,1
LJ14-2601,2684.625,0,0,1
LJ14-2601,2684.75,0,0,1
LJ14-2601,2684.875,0,0,1
LJ14-2601,2685,0,0,1
LJ14-2601,2685.125,0,0,1
LJ14-2601,2685.25,0,0,1
LJ14-2601,2685.375,0,0,1
LJ14-2601,2685.5,0,0,1
LJ14-2601,2685.625,0,0,1
LJ14-2601,2685.75,0,0,1
LJ14-2601,2685.875,0,0,1
LJ14-2601,2686,0,0,1
LJ14-2601,2686.125,0,0,1
LJ14-2601,2686.25,0,0,1
LJ14-2601,2686.375,0,0,1
LJ14-2601,2686.5,0,0,1
LJ14-2601,2686.625,0,0,1
LJ14-2601,2686.75,0,0,1
LJ14-2601,2686.875,0,0,1
LJ14-2601,2687,0,0,1
LJ14-2601,2687.125,0,0,1
LJ14-2601,2687.25,0,0,1
LJ14-2601,2687.375,0,0,1
LJ14-2601,2687.5,0,0,1
LJ14-2601,2687.625,0,0,1
LJ14-2601,2687.75,0,0,1
LJ14-2601,2687.875,0,0,1
LJ14-2601,2688,0,0,1
LJ14-2601,2688.125,0,0,1
LJ14-2601,2688.25,0,0,1
LJ14-2601,2688.375,0,0,1
LJ14-2601,2688.5,0,0,1
LJ14-2601,2688.625,0,0,1
LJ14-2601,2688.75,0,0,1
LJ14-2601,2688.875,0,0,1
LJ14-2601,2689,0,0,1
LJ14-2601,2689.125,0,0,1
LJ14-2601,2689.25,0,0,1
LJ14-2601,2689.375,0,0,1
LJ14-2601,2689.5,0,0,1
LJ14-2601,2689.625,0,0,1
LJ14-2601,2689.75,0,0,1
LJ14-2601,2689.875,1,0,0
LJ14-2601,2690,1,0,0
LJ14-2601,2690.125,1,0,0
LJ14-2601,2690.25,1,0,0
LJ14-2601,2690.375,1,0,0
LJ14-2601,2690.5,1,0,0
LJ14-2601,2690.625,1,0,0
LJ14-2601,2690.75,1,0,0
LJ14-2601,2690.875,1,0,0
LJ14-2601,2691,1,1,1
LJ14-2601,2691.125,1,1,1
LJ14-2601,2691.25,1,1,1
LJ14-2601,2691.375,1,1,1
LJ14-2601,2691.5,1,1,1
LJ14-2601,2691.625,1,1,1
LJ14-2601,2691.75,1,1,1
LJ14-2601,2691.875,1,1,1
LJ14-2601,2692,1,1,1
LJ14-2601,2692.125,1,1,1
LJ14-2601,2692.25,1,1,1
LJ14-2601,2692.375,1,1,1
LJ14-2601,2692.5,1,1,1
LJ14-2601,2692.625,1,1,1
LJ14-2601,2692.75,1,1,1
LJ14-2601,2692.875,1,1,1
LJ14-2601,2693,1,1,1
LJ14-2601,2693.125,1,1,1
LJ14-2601,2693.25,1,1,1
LJ14-2601,2693.375,1,1,1
LJ14-2601,2693.5,1,1,1
LJ14-2601,2693.625,1,1,1
LJ14-2601,2693.75,1,1,1
LJ14-2601,2693.875,1,1,1
LJ14-2601,2694,1,1,1
LJ14-2601,2694.125,1,1,1
LJ14-2601,2694.25,1,1,1
LJ14-2601,2694.375,1,1,1
LJ14-2601,2694.5,1,1,1
LJ14-2601,2694.625,1,1,1
LJ14-2601,2694.75,1,1,1
LJ14-2601,2694.875,1,1,1
LJ14-2601,2695,1,1,1
LJ14-2601,2695.125,1,1,1
LJ14-2601,2695.25,1,1,1
LJ14-2601,2695.375,1,1,1
LJ14-2601,2695.5,1,1,1
LJ14-2601,2695.625,1,1,1
LJ14-2601,2695.75,1,1,1
LJ14-2601,2695.875,1,1,1
LJ14-2601,2696,1,1,1
LJ14-2601,2696.125,1,1,1
LJ14-2601,2696.25,1,1,1
LJ14-2601,2696.375,1,1,1
LJ14-2601,2696.5,1,1,1
LJ14-2601,2696.625,1,1,1
LJ14-2601,2696.75,1,1,1
LJ14-2601,2696.875,1,1,1
LJ14-2601,2697,1,1,1
LJ14-2601,2697.125,1,1,1
LJ14-2601,2697.25,1,1,1
LJ14-2601,2697.375,1,1,1
LJ14-2601,2697.5,1,1,1
LJ14-2601,2697.625,1,1,1
LJ14-2601,2697.75,1,1,1
LJ14-2601,2697.875,1,1,1
LJ14-2601,2698,1,1,1
LJ14-2601,2698.125,1,1,1
LJ14-2601,2698.25,1,1,1
LJ14-2601,2698.375,0,1,0
LJ14-2601,2698.5,0,1,0
LJ14-2601,2698.625,0,1,0
LJ14-2601,2698.75,0,1,0
LJ14-2601,2698.875,0,1,0
LJ14-2601,2699,0,1,0
LJ14-2601,2699.125,0,1,0
LJ14-2601,2699.25,0,1,0
LJ14-2601,2699.375,0,1,0
LJ14-2601,2699.5,1,1,1
LJ14-2601,2699.625,1,1,1
LJ14-2601,2699.75,1,1,1
LJ14-2601,2699.875,1,1,1
LJ14-2601,2700,1,1,1
LJ14-2601,2700.125,1,1,1
LJ14-2601,2700.25,1,1,1
LJ14-2601,2700.375,1,1,1
LJ14-2601,2700.5,1,1,1
LJ14-2601,2700.625,1,1,1
LJ14-2601,2700.75,1,1,1
LJ14-2601,2700.875,1,1,1
LJ14-2601,2701,1,1,1
LJ14-2601,2701.125,1,1,1
LJ14-2601,2701.25,1,1,1
LJ14-2601,2701.375,1,1,1
LJ14-2601,2701.5,1,1,1
LJ14-2601,2701.625,1,1,1
LJ14-2601,2701.75,1,1,1
LJ14-2601,2701.875,1,1,1
LJ14-2601,2702,1,1,1
LJ14-2601,2702.125,1,1,1
LJ14-2601,2702.25,1,1,1
LJ14-2601,2702.375,1,1,1
LJ14-2601,2702.5,1,1,1
LJ14-2601,2702.625,1,1,1
LJ14-2601,2702.75,1,1,1
LJ14-2601,2702.875,1,1,1
LJ14-2601,2703,1,1,1
LJ14-2601,2703.125,1,1,1
LJ14-2601,2703.25,1,1,1
LJ14-2601,2703.375,1,1,1
LJ14-2601,2703.5,1,1,1
LJ14-2601,2703.625,1,1,1
LJ14-2601,2703.75,1,1,1
LJ14-2601,2703.875,1,1,1
LJ14-2601,2704,1,1,1
LJ14-2601,2704.125,1,1,1
LJ14-2601,2704.25,1,1,1
LJ14-2601,2704.375,1,1,1
LJ14-2601,2704.5,1,1,1
LJ14-2601,2704.625,1,1,1
LJ14-2601,2704.75,1,1,1
LJ14-2601,2704.875,1,1,1
LJ14-2601,2705,1,1,1
LJ14-2601,2705.125,1,1,1
LJ14-2601,2705.25,1,1,1
LJ14-2601,2705.375,1,1,1
LJ14-2601,2705.5,1,1,1
LJ14-2601,2705.625,1,1,1
LJ14-2601,2705.75,1,1,1
LJ14-2601,2705.875,1,1,1
LJ14-2601,2706,1,1,1
LJ14-2601,2706.125,1,1,1
LJ14-2601,2706.25,1,1,1
LJ14-2601,2706.375,1,1,1
LJ14-2601,2706.5,1,1,1
LJ14-2601,2706.625,1,1,1
LJ14-2601,2706.75,1,1,1
LJ14-2601,2706.875,1,1,1
LJ14-2601,2707,1,1,1
LJ14-2601,2707.125,1,1,1
LJ14-2601,2707.25,1,1,1
LJ14-2601,2707.375,1,1,1
LJ14-2601,2707.5,1,1,1
LJ14-2601,2707.625,1,1,1
LJ14-2601,2707.75,1,1,1
LJ14-2601,2707.875,1,1,1
LJ14-2601,2708,1,1,1
LJ14-2601,2708.125,1,1,1
LJ14-2601,2708.25,1,1,1
LJ14-2601,2708.375,1,1,1
LJ14-2601,2708.5,1,1,1
LJ14-2601,2708.625,1,1,1
LJ14-2601,2708.75,1,0,0
LJ14-2601,2708.875,0,0,1
LJ14-2601,2709,0,0,1
LJ14-2601,2709.125,0,0,1
LJ14-2601,2709.25,0,0,1
LJ14-2601,2709.375,0,0,1
LJ14-2601,2709.5,0,0,1
LJ14-2601,2709.625,0,0,1
LJ14-2601,2709.75,0,0,1
LJ14-2601,2709.875,0,0,1
LJ14-2601,2710,0,0,1
LJ14-2601,2710.125,0,0,1
LJ14-2601,2710.25,0,0,1
LJ14-2601,2710.375,0,0,1
LJ14-2601,2710.5,0,0,1
LJ14-2601,2710.625,0,0,1
LJ14-2601,2710.75,0,0,1
LJ14-2601,2710.875,0,0,1
LJ14-2601,2711,0,0,1
LJ14-2601,2711.125,0,0,1
LJ14-2601,2711.25,0,0,1
LJ14-2601,2711.375,0,0,1
LJ14-2601,2711.5,0,0,1
LJ14-2601,2711.625,0,0,1
LJ14-2601,2711.75,0,0,1
LJ14-2601,2711.875,0,0,1
LJ14-2601,2712,0,0,1
LJ14-2601,2712.125,0,0,1
LJ14-2601,2712.25,0,0,1
LJ14-2601,2712.375,0,0,1
LJ14-2601,2712.5,0,0,1
LJ14-2601,2712.625,0,0,1
LJ14-2601,2712.75,0,0,1
LJ14-2601,2712.875,0,0,1
LJ14-2601,2713,0,0,1
LJ14-2601,2713.125,0,0,1
LJ14-2601,2713.25,0,0,1
LJ14-2601,2713.375,0,0,1
LJ14-2601,2713.5,0,0,1
LJ14-2601,2713.625,0,0,1
LJ14-2601,2713.75,0,0,1
LJ14-2601,2713.875,0,0,1
LJ14-2601,2714,0,0,1
LJ14-2601,2714.125,0,0,1
LJ14-2601,2714.25,0,0,1
LJ14-2601,2714.375,0,0,1
LJ14-2601,2714.5,0,0,1
LJ14-2601,2714.625,0,0,1
LJ14-2601,2714.75,0,0,1
LJ14-2601,2714.875,0,0,1
LJ14-2601,2715,0,0,1
LJ14-2601,2715.125,0,0,1
LJ14-2601,2715.25,0,0,1
LJ14-2601,2715.375,0,0,1
LJ14-2601,2715.5,0,0,1
LJ14-2601,2715.625,0,0,1
LJ14-2601,2715.75,0,0,1
LJ14-2601,2715.875,0,0,1
LJ14-2601,2716,0,0,1
LJ14-2601,2716.125,0,0,1
LJ14-2601,2716.25,0,0,1
LJ14-2601,2716.375,0,0,1
LJ14-2601,2716.5,0,0,1
LJ14-2601,2716.625,0,0,1
LJ14-2601,2716.75,0,0,1
LJ14-2601,2716.875,0,0,1
LJ14-2601,2717,1,0,0
LJ14-2601,2717.125,1,0,0
LJ14-2601,2717.25,1,0,0
LJ14-2601,2717.375,1,0,0
LJ14-2601,2717.5,1,0,0
LJ14-2601,2717.625,1,0,0
LJ14-2601,2717.75,1,1,1
LJ14-2601,2717.875,1,1,1
LJ14-2601,2718,1,1,1
LJ14-2601,2718.125,1,1,1
LJ14-2601,2718.25,1,1,1
LJ14-2601,2718.375,1,1,1
LJ14-2601,2718.5,1,1,1
LJ14-2601,2718.625,1,1,1
LJ14-2601,2718.75,1,1,1
LJ14-2601,2718.875,1,1,1
LJ14-2601,2719,1,1,1
LJ14-2601,2719.125,1,1,1
LJ14-2601,2719.25,1,1,1
LJ14-2601,2719.375,1,1,1
LJ14-2601,2719.5,1,1,1
LJ14-2601,2719.625,1,1,1
LJ14-2601,2719.75,1,1,1
LJ14-2601,2719.875,1,1,1
LJ14-2601,2720,1,1,1
LJ14-2601,2720.125,1,1,1
LJ14-2601,2720.25,1,1,1
LJ14-2601,2720.375,1,1,1
LJ14-2601,2720.5,1,1,1
LJ14-2601,2720.625,1,1,1
LJ14-2601,2720.75,1,1,1
LJ14-2601,2720.875,1,1,1
LJ14-2601,2721,1,1,1
LJ14-2601,2721.125,1,1,1
LJ14-2601,2721.25,1,1,1
LJ14-2601,2721.375,1,1,1
LJ14-2601,2721.5,1,1,1
LJ14-2601,2721.625,1,1,1
LJ14-2601,2721.75,1,1,1
LJ14-2601,2721.875,1,1,1
LJ14-2601,2722,1,1,1
LJ14-2601,2722.125,1,1,1
LJ14-2601,2722.25,1,1,1
LJ14-2601,2722.375,1,1,1
LJ14-2601,2722.5,1,1,1
LJ14-2601,2722.625,1,1,1
LJ14-2601,2722.75,1,1,1
LJ14-2601,2722.875,1,1,1
LJ14-2601,2723,1,1,1
LJ14-2601,2723.125,1,1,1
LJ14-2601,2723.25,1,1,1
LJ14-2601,2723.375,1,1,1
LJ14-2601,2723.5,1,1,1
LJ14-2601,2723.625,1,1,1
LJ14-2601,2723.75,1,1,1
LJ14-2601,2723.875,1,1,1
LJ14-2601,2724,1,1,1
LJ14-2601,2724.125,1,1,1
LJ14-2601,2724.25,1,1,1
LJ14-2601,2724.375,1,1,1
LJ14-2601,2724.5,1,1,1
LJ14-2601,2724.625,1,1,1
LJ14-2601,2724.75,1,1,1
LJ14-2601,2724.875,1,1,1
LJ14-2601,2725,1,1,1
LJ14-2601,2725.125,1,1,1
LJ14-2601,2725.25,1,1,1
LJ14-2601,2725.375,1,1,1
LJ14-2601,2725.5,1,1,1
LJ14-2601,2725.625,1,1,1
LJ14-2601,2725.75,1,0,0
LJ14-2601,2725.875,0,0,1
LJ14-2601,2726,0,0,1
LJ14-2601,2726.125,0,0,1
LJ14-2601,2726.25,0,0,1
LJ14-2601,2726.375,0,0,1
LJ14-2601,2726.5,0,0,1
LJ14-2601,2726.625,0,0,1
LJ14-2601,2726.75,0,0,1
LJ14-2601,2726.875,0,0,1
LJ14-2601,2727,0,0,1
LJ14-2601,2727.125,0,0,1
LJ14-2601,2727.25,0,0,1
LJ14-2601,2727.375,0,0,1
LJ14-2601,2727.5,0,0,1
LJ14-2601,2727.625,0,0,1
LJ14-2601,2727.75,0,0,1
LJ14-2601,2727.875,0,0,1
LJ14-2601,2728,0,0,1
LJ14-2601,2728.125,0,0,1
LJ14-2601,2728.25,0,0,1
LJ14-2601,2728.375,0,0,1
LJ14-2601,2728.5,0,0,1
LJ14-2601,2728.625,0,0,1
LJ14-2601,2728.75,0,0,1
LJ14-2601,2728.875,0,0,1
LJ14-2601,2729,0,0,1
LJ14-2601,2729.125,0,0,1
LJ14-2601,2729.25,0,0,1
LJ14-2601,2729.375,0,0,1
LJ14-2601,2729.5,0,0,1
LJ14-2601,2729.625,0,0,1
LJ14-2601,2729.75,0,0,1
LJ14-2601,2729.875,0,0,1
LJ14-2601,2730,0,0,1
LJ14-2601,2730.125,0,0,1
LJ14-2601,2730.25,0,0,1
LJ14-2601,2730.375,0,0,1
LJ14-2601,2730.5,0,0,1
LJ14-2601,2730.625,0,0,1
LJ14-2601,2730.75,0,0,1
LJ14-2601,2730.875,0,0,1
LJ14-2601,2731,0,0,1
LJ14-2601,2731.125,0,0,1
LJ14-2601,2731.25,0,0,1
LJ14-2601,2731.375,0,0,1
LJ14-2601,2731.5,0,0,1
LJ14-2601,2731.625,0,0,1
LJ14-2601,2731.75,0,0,1
LJ14-2601,2731.875,0,0,1
LJ14-2601,2732,0,0,1
LJ14-2601,2732.125,0,0,1
LJ14-2601,2732.25,0,0,1
LJ14-2601,2732.375,0,0,1
LJ14-2601,2732.5,0,0,1
LJ14-2601,2732.625,0,0,1
LJ14-2601,2732.75,0,0,1
LJ14-2601,2732.875,0,0,1
LJ14-2601,2733,0,0,1
LJ14-2601,2733.125,0,0,1
LJ14-2601,2733.25,0,0,1
LJ14-2601,2733.375,0,0,1
LJ14-2601,2733.5,0,0,1
LJ14-2601,2733.625,0,0,1
LJ14-2601,2733.75,0,0,1
LJ14-2601,2733.875,0,0,1
LJ14-2601,2734,0,0,1
LJ14-2601,2734.125,0,0,1
LJ14-2601,2734.25,0,0,1
LJ14-2601,2734.375,0,0,1
LJ14-2601,2734.5,0,0,1
LJ14-2601,2734.625,0,0,1
LJ14-2601,2734.75,0,0,1
LJ14-2601,2734.875,0,0,1
LJ14-2601,2735,0,0,1
LJ14-2601,2735.125,0,0,1
LJ14-2601,2735.25,0,0,1
LJ14-2601,2735.375,0,0,1
LJ14-2601,2735.5,0,0,1
LJ14-2601,2735.625,0,0,1
LJ14-2601,2735.75,0,0,1
LJ14-2601,2735.875,0,0,1
LJ14-2601,2736,0,0,1
LJ14-2601,2736.125,0,0,1
LJ14-2601,2736.25,0,0,1
LJ14-2601,2736.375,0,0,1
LJ14-2601,2736.5,0,0,1
LJ14-2601,2736.625,0,0,1
LJ14-2601,2736.75,0,0,1
LJ14-2601,2736.875,0,0,1
LJ14-2601,2737,0,0,1
LJ14-2601,2737.125,0,0,1
LJ14-2601,2737.25,0,0,1
LJ14-2601,2737.375,0,0,1
LJ14-2601,2737.5,0,0,1
LJ14-2601,2737.625,0,0,1
LJ14-2601,2737.75,0,0,1
LJ14-2601,2737.875,0,0,1
LJ14-2601,2738,0,0,1
LJ14-2601,2738.125,0,0,1
LJ14-2601,2738.25,0,0,1
LJ14-2601,2738.375,0,0,1
LJ14-2601,2738.5,0,0,1
LJ14-2601,2738.625,0,0,1
LJ14-2601,2738.75,0,0,1
LJ14-2601,2738.875,0,0,1
LJ14-2601,2739,0,0,1
LJ14-2601,2739.125,0,0,1
LJ14-2601,2739.25,0,0,1
LJ14-2601,2739.375,0,0,1
LJ14-2601,2739.5,0,0,1
LJ14-2601,2739.625,0,0,1
LJ14-2601,2739.75,0,0,1
LJ14-2601,2739.875,0,0,1
LJ14-2601,2740,0,0,1
LJ14-2601,2740.125,0,0,1
LJ14-2601,2740.25,0,0,1
LJ14-2601,2740.375,0,0,1
LJ14-2601,2740.5,0,0,1
LJ14-2601,2740.625,0,0,1
LJ14-2601,2740.75,0,0,1
LJ14-2601,2740.875,0,0,1
LJ14-2601,2741,0,0,1
LJ14-2601,2741.125,0,0,1
LJ14-2601,2741.25,0,0,1
LJ14-2601,2741.375,0,0,1
LJ14-2601,2741.5,0,0,1
LJ14-2601,2741.625,0,0,1
LJ14-2601,2741.75,0,0,1
LJ14-2601,2741.875,0,0,1
LJ14-2601,2742,0,0,1
LJ14-2601,2742.125,0,0,1
LJ14-2601,2742.25,0,0,1
LJ14-2601,2742.375,0,0,1
LJ14-2601,2742.5,0,0,1
LJ14-2601,2742.625,0,0,1
LJ14-2601,2742.75,0,0,1
LJ14-2601,2742.875,0,0,1
LJ14-2601,2743,0,0,1
LJ14-2601,2743.125,0,0,1
LJ14-2601,2743.25,0,0,1
LJ14-2601,2743.375,1,0,0
LJ14-2601,2743.5,1,0,0
LJ14-2601,2743.625,1,0,0
LJ14-2601,2743.75,1,0,0
LJ14-2601,2743.875,1,0,0
LJ14-2601,2744,1,0,0
LJ14-2601,2744.125,1,0,0
LJ14-2601,2744.25,1,0,0
LJ14-2601,2744.375,1,1,1
LJ14-2601,2744.5,1,1,1
LJ14-2601,2744.625,1,1,1
LJ14-2601,2744.75,1,1,1
LJ14-2601,2744.875,1,1,1
LJ14-2601,2745,1,1,1
LJ14-2601,2745.125,1,1,1
LJ14-2601,2745.25,1,1,1
LJ14-2601,2745.375,1,1,1
LJ14-2601,2745.5,1,1,1
LJ14-2601,2745.625,1,1,1
LJ14-2601,2745.75,1,1,1
LJ14-2601,2745.875,1,1,1
LJ14-2601,2746,1,1,1
LJ14-2601,2746.125,1,1,1
LJ14-2601,2746.25,1,1,1
LJ14-2601,2746.375,1,1,1
LJ14-2601,2746.5,1,1,1
LJ14-2601,2746.625,1,1,1
LJ14-2601,2746.75,1,1,1
LJ14-2601,2746.875,1,1,1
LJ14-2601,2747,1,1,1
LJ14-2601,2747.125,1,1,1
LJ14-2601,2747.25,1,1,1
LJ14-2601,2747.375,1,1,1
LJ14-2601,2747.5,1,1,1
LJ14-2601,2747.625,1,1,1
LJ14-2601,2747.75,1,1,1
LJ14-2601,2747.875,1,1,1
LJ14-2601,2748,1,1,1
LJ14-2601,2748.125,1,1,1
LJ14-2601,2748.25,1,1,1
LJ14-2601,2748.375,1,1,1
LJ14-2601,2748.5,1,1,1
LJ14-2601,2748.625,1,1,1
LJ14-2601,2748.75,1,1,1
LJ14-2601,2748.875,1,1,1
LJ14-2601,2749,1,1,1
LJ14-2601,2749.125,1,1,1
LJ14-2601,2749.25,1,1,1
LJ14-2601,2749.375,1,1,1
LJ14-2601,2749.5,1,1,1
LJ14-2601,2749.625,1,1,1
LJ14-2601,2749.75,1,1,1
LJ14-2601,2749.875,1,1,1
LJ14-2601,2750,1,1,1
LJ14-2601,2750.125,1,1,1
LJ14-2601,2750.25,1,1,1
LJ14-2601,2750.375,1,1,1
LJ14-2601,2750.5,1,1,1
LJ14-2601,2750.625,1,1,1
LJ14-2601,2750.75,1,1,1
LJ14-2601,2750.875,1,1,1
LJ14-2601,2751,1,1,1
LJ14-2601,2751.125,1,1,1
LJ14-2601,2751.25,1,1,1
LJ14-2601,2751.375,1,1,1
LJ14-2601,2751.5,1,1,1
LJ14-2601,2751.625,1,1,1
LJ14-2601,2751.75,1,1,1
LJ14-2601,2751.875,1,1,1
LJ14-2601,2752,1,1,1
LJ14-2601,2752.125,1,1,1
LJ14-2601,2752.25,1,1,1
LJ14-2601,2752.375,1,1,1
LJ14-2601,2752.5,1,1,1
LJ14-2601,2752.625,1,1,1
LJ14-2601,2752.75,1,1,1
LJ14-2601,2752.875,1,1,1
LJ14-2601,2753,1,1,1
LJ14-2601,2753.125,1,1,1
LJ14-2601,2753.25,1,1,1
LJ14-2601,2753.375,1,1,1
LJ14-2601,2753.5,1,1,1
LJ14-2601,2753.625,1,1,1
LJ14-2601,2753.75,1,1,1
LJ14-2601,2753.875,1,1,1
LJ14-2601,2754,1,1,1
LJ14-2601,2754.125,1,1,1
LJ14-2601,2754.25,1,1,1
LJ14-2601,2754.375,1,1,1
LJ14-2601,2754.5,1,1,1
LJ14-2601,2754.625,1,1,1
LJ14-2601,2754.75,1,1,1
LJ14-2601,2754.875,1,1,1
LJ14-2601,2755,1,1,1
LJ14-2601,2755.125,1,1,1
LJ14-2601,2755.25,1,1,1
LJ14-2601,2755.375,1,1,1
LJ14-2601,2755.5,1,1,1
LJ14-2601,2755.625,1,1,1
LJ14-2601,2755.75,1,1,1
LJ14-2601,2755.875,1,1,1
LJ14-2601,2756,1,1,1
LJ14-2601,2756.125,1,1,1
LJ14-2601,2756.25,1,1,1
LJ14-2601,2756.375,1,1,1
LJ14-2601,2756.5,1,1,1
LJ14-2601,2756.625,1,1,1
LJ14-2601,2756.75,1,1,1
LJ14-2601,2756.875,1,1,1
LJ14-2601,2757,1,1,1
LJ14-2601,2757.125,1,1,1
LJ14-2601,2757.25,1,1,1
LJ14-2601,2757.375,1,1,1
LJ14-2601,2757.5,1,1,1
LJ14-2601,2757.625,1,1,1
LJ14-2601,2757.75,0,1,0
LJ14-2601,2757.875,0,0,1
LJ14-2601,2758,0,0,1
LJ14-2601,2758.125,0,0,1
LJ14-2601,2758.25,0,0,1
LJ14-2601,2758.375,0,0,1
LJ14-2601,2758.5,0,0,1
LJ14-2601,2758.625,0,0,1
LJ14-2601,2758.75,0,0,1
LJ14-2601,2758.875,0,0,1
LJ14-2601,2759,0,0,1
LJ14-2601,2759.125,0,0,1
LJ14-2601,2759.25,0,0,1
LJ14-2601,2759.375,0,0,1
LJ14-2601,2759.5,0,0,1
LJ14-2601,2759.625,0,0,1
LJ14-2601,2759.75,0,0,1
LJ14-2601,2759.875,0,0,1
LJ14-2601,2760,0,0,1
LJ14-2601,2760.125,0,0,1
LJ14-2601,2760.25,0,0,1
LJ14-2601,2760.375,0,0,1
LJ14-2601,2760.5,0,0,1
LJ14-2601,2760.625,0,0,1
LJ14-2601,2760.75,0,0,1
LJ14-2601,2760.875,0,0,1
LJ14-2601,2761,0,0,1
LJ14-2601,2761.125,0,0,1
LJ14-2601,2761.25,0,0,1
LJ14-2601,2761.375,0,0,1
LJ14-2601,2761.5,0,0,1
LJ14-2601,2761.625,0,0,1
LJ14-2601,2761.75,0,0,1
LJ14-2601,2761.875,0,0,1
LJ14-2601,2762,0,0,1
LJ14-2601,2762.125,0,0,1
LJ14-2601,2762.25,0,0,1
LJ14-2601,2762.375,0,0,1
LJ14-2601,2762.5,0,0,1
LJ14-2601,2762.625,0,0,1
LJ14-2601,2762.75,0,0,1
LJ14-2601,2762.875,0,0,1
LJ14-2601,2763,0,0,1
LJ14-2601,2763.125,0,0,1
LJ14-2601,2763.25,0,0,1
LJ14-2601,2763.375,0,0,1
LJ14-2601,2763.5,0,0,1
LJ14-2601,2763.625,0,0,1
LJ14-2601,2763.75,0,0,1
LJ14-2601,2763.875,0,0,1
LJ14-2601,2764,0,0,1
LJ14-2601,2764.125,0,0,1
LJ14-2601,2764.25,0,0,1
LJ14-2601,2764.375,1,0,0
LJ14-2601,2764.5,1,0,0
LJ14-2601,2764.625,1,0,0
LJ14-2601,2764.75,1,0,0
LJ14-2601,2764.875,1,0,0
LJ14-2601,2765,1,0,0
LJ14-2601,2765.125,1,0,0
LJ14-2601,2765.25,1,0,0
LJ14-2601,2765.375,1,0,0
LJ14-2601,2765.5,0,0,1
LJ14-2601,2765.625,0,0,1
LJ14-2601,2765.75,0,0,1
LJ14-2601,2765.875,0,0,1
LJ14-2601,2766,0,0,1
LJ14-2601,2766.125,0,0,1
LJ14-2601,2766.25,0,0,1
LJ14-2601,2766.375,0,0,1
LJ14-2601,2766.5,0,0,1
LJ14-2601,2766.625,0,0,1
LJ14-2601,2766.75,0,0,1
LJ14-2601,2766.875,0,0,1
LJ14-2601,2767,0,0,1
LJ14-2601,2767.125,0,0,1
LJ14-2601,2767.25,0,0,1
LJ14-2601,2767.375,0,0,1
LJ14-2601,2767.5,0,0,1
LJ14-2601,2767.625,0,0,1
LJ14-2601,2767.75,0,0,1
LJ14-2601,2767.875,0,0,1
LJ14-2601,2768,0,0,1
LJ14-2601,2768.125,0,0,1
LJ14-2601,2768.25,0,0,1
LJ14-2601,2768.375,0,0,1
LJ14-2601,2768.5,0,0,1
LJ14-2601,2768.625,0,0,1
LJ14-2601,2768.75,0,0,1
LJ14-2601,2768.875,0,0,1
LJ14-2601,2769,0,0,1
LJ14-2601,2769.125,0,0,1
LJ14-2601,2769.25,0,0,1
LJ14-2601,2769.375,0,0,1
LJ14-2601,2769.5,0,0,1
LJ14-2601,2769.625,0,0,1
LJ14-2601,2769.75,0,0,1
LJ14-2601,2769.875,0,0,1
LJ14-2601,2770,0,0,1
LJ14-2601,2770.125,0,0,1
LJ14-2601,2770.25,0,0,1
LJ14-2601,2770.375,0,0,1
LJ14-2601,2770.5,0,0,1
LJ14-2601,2770.625,0,1,0
LJ14-2601,2770.75,1,1,1
LJ14-2601,2770.875,1,1,1
LJ14-2601,2771,1,1,1
LJ14-2601,2771.125,1,1,1
LJ14-2601,2771.25,1,1,1
LJ14-2601,2771.375,1,1,1
LJ14-2601,2771.5,1,1,1
LJ14-2601,2771.625,1,1,1
LJ14-2601,2771.75,1,1,1
LJ14-2601,2771.875,1,1,1
LJ14-2601,2772,1,1,1
LJ14-2601,2772.125,1,1,1
LJ14-2601,2772.25,1,1,1
LJ14-2601,2772.375,1,1,1
LJ14-2601,2772.5,1,1,1
LJ14-2601,2772.625,1,1,1
LJ14-2601,2772.75,1,0,0
LJ14-2601,2772.875,1,0,0
LJ14-2601,2773,1,0,0
LJ14-2601,2773.125,1,0,0
LJ14-2601,2773.25,1,0,0
LJ14-2601,2773.375,1,0,0
LJ14-2601,2773.5,1,0,0
LJ14-2601,2773.625,0,0,1
LJ14-2601,2773.75,0,0,1
LJ14-2601,2773.875,0,0,1
LJ14-2601,2774,0,0,1
LJ14-2601,2774.125,0,0,1
LJ14-2601,2774.25,0,0,1
LJ14-2601,2774.375,0,0,1
LJ14-2601,2774.5,0,0,1
LJ14-2601,2774.625,0,0,1
LJ14-2601,2774.75,0,0,1
LJ14-2601,2774.875,0,0,1
LJ14-2601,2775,0,0,1
LJ14-2601,2775.125,0,0,1
LJ14-2601,2775.25,0,0,1
LJ14-2601,2775.375,0,0,1
LJ14-2601,2775.5,0,0,1
LJ14-2601,2775.625,0,0,1
LJ14-2601,2775.75,0,0,1
LJ14-2601,2775.875,0,0,1
LJ14-2601,2776,0,0,1
LJ14-2601,2776.125,0,0,1
LJ14-2601,2776.25,0,0,1
LJ14-2601,2776.375,0,0,1
LJ14-2601,2776.5,0,0,1
LJ14-2601,2776.625,0,0,1
LJ14-2601,2776.75,0,0,1
LJ14-2601,2776.875,0,0,1
LJ14-2601,2777,0,0,1
LJ14-2601,2777.125,0,0,1
LJ14-2601,2777.25,0,0,1
LJ14-2601,2777.375,0,0,1
LJ14-2601,2777.5,0,0,1
LJ14-2601,2777.625,0,0,1
LJ14-2601,2777.75,0,0,1
LJ14-2601,2777.875,0,0,1
LJ14-2601,2778,0,0,1
LJ14-2601,2778.125,0,0,1
LJ14-2601,2778.25,0,0,1
LJ14-2601,2778.375,0,0,1
LJ14-2601,2778.5,0,0,1
LJ14-2601,2778.625,0,0,1
LJ14-2601,2778.75,0,0,1
LJ14-2601,2778.875,0,0,1
LJ14-2601,2779,0,0,1
LJ14-2601,2779.125,0,0,1
LJ14-2601,2779.25,0,0,1
LJ14-2601,2779.375,0,0,1
LJ14-2601,2779.5,0,0,1
LJ14-2601,2779.625,0,0,1
LJ14-2601,2779.75,0,0,1
LJ14-2601,2779.875,0,0,1
LJ14-2601,2780,0,0,1
LJ14-2601,2780.125,0,0,1
LJ14-2601,2780.25,0,0,1
LJ14-2601,2780.375,0,0,1
LJ14-2601,2780.5,0,0,1
LJ14-2601,2780.625,0,0,1
LJ14-2601,2780.75,0,0,1
LJ14-2601,2780.875,0,0,1
LJ14-2601,2781,0,0,1
LJ14-2601,2781.125,0,0,1
LJ14-2601,2781.25,0,0,1
LJ14-2601,2781.375,0,0,1
LJ14-2601,2781.5,0,0,1
LJ14-2601,2781.625,0,0,1
LJ14-2601,2781.75,0,0,1
LJ14-2601,2781.875,0,0,1
LJ14-2601,2782,0,0,1
LJ14-2601,2782.125,0,0,1
LJ14-2601,2782.25,0,0,1
LJ14-2601,2782.375,0,0,1
LJ14-2601,2782.5,0,0,1
LJ14-2601,2782.625,0,0,1
LJ14-2601,2782.75,0,0,1
LJ14-2601,2782.875,0,0,1
LJ14-2601,2783,0,0,1
LJ14-2601,2783.125,0,0,1
LJ14-2601,2783.25,0,0,1
LJ14-2601,2783.375,0,0,1
LJ14-2601,2783.5,0,0,1
LJ14-2601,2783.625,0,0,1
LJ14-2601,2783.75,0,0,1
LJ14-2601,2783.875,0,0,1
LJ14-2601,2784,0,0,1
LJ14-2601,2784.125,0,0,1
LJ14-2601,2784.25,3,0,0
LJ14-2601,2784.375,3,0,0
LJ14-2601,2784.5,3,0,0
LJ14-2601,2784.625,3,0,0
LJ14-2601,2784.75,3,0,0
LJ14-2601,2784.875,3,0,0
LJ14-2601,2785,3,0,0
LJ14-2601,2785.125,3,0,0
LJ14-2601,2785.25,3,0,0
LJ14-2601,2785.375,3,0,0
LJ14-2601,2785.5,3,0,0
LJ14-2601,2785.625,3,0,0
LJ14-2601,2785.75,3,0,0
LJ14-2601,2785.875,0,0,1
LJ14-2601,2786,0,0,1
LJ14-2601,2786.125,0,0,1
LJ14-2601,2786.25,0,0,1
LJ14-2601,2786.375,0,0,1
LJ14-2601,2786.5,0,0,1
LJ14-2601,2786.625,0,0,1
LJ14-2601,2786.75,0,0,1
LJ14-2601,2786.875,0,0,1
LJ14-2601,2787,0,0,1
LJ14-2601,2787.125,0,0,1
LJ14-2601,2787.25,0,0,1
LJ14-2601,2787.375,0,0,1
LJ14-2601,2787.5,0,0,1
LJ14-2601,2787.625,0,0,1
LJ14-2601,2787.75,0,0,1
LJ14-2601,2787.875,0,0,1
LJ14-2601,2788,0,0,1
LJ14-2601,2788.125,0,0,1
LJ14-2601,2788.25,0,0,1
LJ14-2601,2788.375,0,0,1
LJ14-2601,2788.5,0,0,1
LJ14-2601,2788.625,0,0,1
LJ14-2601,2788.75,0,0,1
LJ14-2601,2788.875,0,0,1
LJ14-2601,2789,0,0,1
LJ14-2601,2789.125,0,0,1
LJ14-2601,2789.25,0,0,1
LJ14-2601,2789.375,0,0,1
LJ14-2601,2789.5,0,0,1
LJ14-2601,2789.625,0,0,1
LJ14-2601,2789.75,0,0,1
LJ14-2601,2789.875,0,0,1
LJ14-2601,2790,0,0,1
LJ14-2601,2790.125,0,0,1
LJ14-2601,2790.25,0,0,1
LJ14-2601,2790.375,0,0,1
LJ14-2601,2790.5,0,0,1
LJ14-2601,2790.625,0,0,1
LJ14-2601,2790.75,0,0,1
LJ14-2601,2790.875,0,0,1
LJ14-2601,2791,0,0,1
LJ14-2601,2791.125,0,0,1
LJ14-2601,2791.25,0,0,1
LJ14-2601,2791.375,0,0,1
LJ14-2601,2791.5,0,0,1
LJ14-2601,2791.625,0,0,1
LJ14-2601,2791.75,0,0,1
LJ14-2601,2791.875,0,0,1
LJ14-2601,2792,0,0,1
LJ14-2601,2792.125,0,0,1
LJ14-2601,2792.25,0,0,1
LJ14-2601,2792.375,0,0,1
LJ14-2601,2792.5,0,0,1
LJ14-2601,2792.625,0,0,1
LJ14-2601,2792.75,0,0,1
LJ14-2601,2792.875,0,0,1
LJ14-2601,2793,0,0,1
LJ14-2601,2793.125,0,0,1
LJ14-2601,2793.25,0,0,1
LJ14-2601,2793.375,0,0,1
LJ14-2601,2793.5,0,0,1
LJ14-2601,2793.625,0,0,1
LJ14-2601,2793.75,0,0,1
LJ14-2601,2793.875,0,0,1
LJ14-2601,2794,0,0,1
LJ14-2601,2794.125,0,0,1
LJ14-2601,2794.25,0,0,1
LJ14-2601,2794.375,0,0,1
LJ14-2601,2794.5,0,0,1
LJ14-2601,2794.625,0,0,1
LJ14-2601,2794.75,0,0,1
LJ14-2601,2794.875,0,0,1
LJ14-2601,2795,0,0,1
LJ14-2601,2795.125,0,0,1
LJ14-2601,2795.25,0,0,1
LJ14-2601,2795.375,0,0,1
LJ14-2601,2795.5,0,0,1
LJ14-2601,2795.625,0,0,1
LJ14-2601,2795.75,0,0,1
LJ14-2601,2795.875,0,0,1
LJ14-2601,2796,0,0,1
LJ14-2601,2796.125,0,0,1
LJ14-2601,2796.25,0,0,1
LJ14-2601,2796.375,0,0,1
LJ14-2601,2796.5,0,0,1
LJ14-2601,2796.625,0,0,1
LJ14-2601,2796.75,0,0,1
LJ14-2601,2796.875,0,0,1
LJ14-2601,2797,0,0,1
LJ14-2601,2797.125,0,0,1
LJ14-2601,2797.25,0,0,1
LJ14-2601,2797.375,0,0,1
LJ14-2601,2797.5,0,0,1
LJ14-2601,2797.625,0,0,1
LJ14-2601,2797.75,0,0,1
LJ14-2601,2797.875,0,0,1
LJ14-2601,2798,0,0,1
LJ14-2601,2798.125,0,0,1
LJ14-2601,2798.25,0,0,1
LJ14-2601,2798.375,0,0,1
LJ14-2601,2798.5,0,0,1
LJ14-2601,2798.625,0,0,1
LJ14-2601,2798.75,0,0,1
LJ14-2601,2798.875,0,0,1
LJ14-2601,2799,0,0,1
LJ14-2601,2799.125,0,0,1
LJ14-2601,2799.25,0,0,1
LJ14-2601,2799.375,0,0,1
LJ14-2601,2799.5,0,0,1
LJ14-2601,2799.625,0,0,1
LJ14-2601,2799.75,0,0,1
LJ14-2601,2799.875,0,0,1
LJ14-2601,2800,0,0,1
LJ14-2601,2800.125,0,0,1
LJ14-2601,2800.25,0,0,1
LJ14-2601,2800.375,0,0,1
LJ14-2601,2800.5,0,0,1
LJ14-2601,2800.625,0,0,1
LJ14-2601,2800.75,0,0,1
LJ14-2601,2800.875,0,0,1
LJ14-2601,2801,0,0,1
LJ14-2601,2801.125,0,0,1
LJ14-2601,2801.25,0,0,1
LJ14-2601,2801.375,0,0,1
LJ14-2601,2801.5,0,0,1
LJ14-2601,2801.625,0,0,1
LJ14-2601,2801.75,0,0,1
LJ14-2601,2801.875,0,0,1
LJ14-2601,2802,0,0,1
LJ14-2601,2802.125,0,0,1
LJ14-2601,2802.25,0,0,1
LJ14-2601,2802.375,0,0,1
LJ14-2601,2802.5,0,0,1
LJ14-2601,2802.625,0,0,1
LJ14-2601,2802.75,0,0,1
LJ14-2601,2802.875,0,0,1
LJ14-2601,2803,0,0,1
LJ14-2601,2803.125,0,0,1
LJ14-2601,2803.25,0,0,1
LJ14-2601,2803.375,0,0,1
LJ14-2601,2803.5,0,0,1
LJ14-2601,2803.625,0,0,1
LJ14-2601,2803.75,0,0,1
LJ14-2601,2803.875,0,0,1
LJ14-2601,2804,0,0,1
LJ14-2601,2804.125,0,0,1
LJ14-2601,2804.25,0,0,1
LJ14-2601,2804.375,0,0,1
LJ14-2601,2804.5,0,0,1
LJ14-2601,2804.625,0,0,1
LJ14-2601,2804.75,0,0,1
LJ14-2601,2804.875,0,0,1
LJ14-2601,2805,0,0,1
LJ14-2601,2805.125,0,0,1
LJ14-2601,2805.25,0,0,1
LJ14-2601,2805.375,0,0,1
LJ14-2601,2805.5,0,0,1
LJ14-2601,2805.625,0,0,1
LJ14-2601,2805.75,0,0,1
LJ14-2601,2805.875,0,0,1
LJ14-2601,2806,3,0,0
LJ14-2601,2806.125,3,0,0
LJ14-2601,2806.25,3,0,0
LJ14-2601,2806.375,3,0,0
LJ14-2601,2806.5,3,0,0
LJ14-2601,2806.625,3,0,0
LJ14-2601,2806.75,3,0,0
LJ14-2601,2806.875,3,0,0
LJ14-2601,2807,3,0,0
LJ14-2601,2807.125,3,0,0
LJ14-2601,2807.25,3,0,0
LJ14-2601,2807.375,0,0,1
LJ14-2601,2807.5,0,0,1
LJ14-2601,2807.625,0,0,1
LJ14-2601,2807.75,0,0,1
LJ14-2601,2807.875,0,0,1
LJ14-2601,2808,0,0,1
LJ14-2601,2808.125,0,0,1
LJ14-2601,2808.25,0,0,1
LJ14-2601,2808.375,0,0,1
LJ14-2601,2808.5,0,0,1
LJ14-2601,2808.625,0,0,1
LJ14-2601,2808.75,0,0,1
LJ14-2601,2808.875,0,0,1
LJ14-2601,2809,0,0,1
LJ14-2601,2809.125,0,0,1
LJ14-2601,2809.25,0,0,1
LJ14-2601,2809.375,0,0,1
LJ14-2601,2809.5,0,0,1
LJ14-2601,2809.625,0,0,1
LJ14-2601,2809.75,0,0,1
LJ14-2601,2809.875,0,0,1
LJ14-2601,2810,0,0,1
LJ14-2601,2810.125,0,0,1
LJ14-2601,2810.25,1,0,0
LJ14-2601,2810.375,1,0,0
LJ14-2601,2810.5,1,0,0
LJ14-2601,2810.625,1,0,0
LJ14-2601,2810.75,1,0,0
LJ14-2601,2810.875,1,0,0
LJ14-2601,2811,1,0,0
LJ14-2601,2811.125,1,0,0
LJ14-2601,2811.25,1,0,0
LJ14-2601,2811.375,1,0,0
LJ14-2601,2811.5,1,0,0
LJ14-2601,2811.625,1,0,0
LJ14-2601,2811.75,1,0,0
LJ14-2601,2811.875,1,0,0
LJ14-2601,2812,1,0,0
LJ14-2601,2812.125,1,0,0
LJ14-2601,2812.25,1,0,0
LJ14-2601,2812.375,0,0,1
LJ14-2601,2812.5,0,0,1
LJ14-2601,2812.625,0,0,1
LJ14-2601,2812.75,0,0,1
LJ14-2601,2812.875,0,0,1
LJ14-2601,2813,0,0,1
LJ14-2601,2813.125,0,0,1
LJ14-2601,2813.25,0,0,1
LJ14-2601,2813.375,0,0,1
LJ14-2601,2813.5,0,0,1
LJ14-2601,2813.625,0,0,1
LJ14-2601,2813.75,0,0,1
LJ14-2601,2813.875,0,0,1
LJ14-2601,2814,0,0,1
LJ14-2601,2814.125,0,0,1
LJ14-2601,2814.25,0,0,1
LJ14-2601,2814.375,0,0,1
LJ14-2601,2814.5,0,0,1
LJ14-2601,2814.625,0,0,1
LJ14-2601,2814.75,0,0,1
LJ14-2601,2814.875,0,0,1
LJ14-2601,2815,0,0,1
LJ14-2601,2815.125,0,0,1
LJ14-2601,2815.25,0,0,1
LJ14-2601,2815.375,0,0,1
LJ14-2601,2815.5,0,0,1
LJ14-2601,2815.625,0,0,1
LJ14-2601,2815.75,0,0,1
LJ14-2601,2815.875,0,0,1
LJ14-2601,2816,0,0,1
LJ14-2601,2816.125,0,0,1
LJ14-2601,2816.25,0,0,1
LJ14-2601,2816.375,0,0,1
LJ14-2601,2816.5,0,0,1
LJ14-2601,2816.625,0,0,1
LJ14-2601,2816.75,0,0,1
LJ14-2601,2816.875,0,0,1
LJ14-2601,2817,0,0,1
LJ14-2601,2817.125,0,0,1
LJ14-2601,2817.25,0,0,1
LJ14-2601,2817.375,0,0,1
LJ14-2601,2817.5,0,0,1
LJ14-2601,2817.625,0,0,1
LJ14-2601,2817.75,0,0,1
LJ14-2601,2817.875,0,0,1
LJ14-2601,2818,0,0,1
LJ14-2601,2818.125,0,0,1
LJ14-2601,2818.25,0,0,1
LJ14-2601,2818.375,0,0,1
LJ14-2601,2818.5,0,0,1
LJ14-2601,2818.625,0,0,1
LJ14-2601,2818.75,0,0,1
LJ14-2601,2818.875,0,0,1
LJ14-2601,2819,0,0,1
LJ14-2601,2819.125,0,0,1
LJ14-2601,2819.25,0,0,1
LJ14-2601,2819.375,0,0,1
LJ14-2601,2819.5,0,0,1
LJ14-2601,2819.625,0,0,1
LJ14-2601,2819.75,0,0,1
LJ14-2601,2819.875,0,0,1
LJ14-2601,2820,0,0,1
LJ14-2601,2820.125,0,0,1
LJ14-2601,2820.25,0,0,1
LJ14-2601,2820.375,0,0,1
LJ14-2601,2820.5,0,0,1
LJ14-2601,2820.625,0,0,1
LJ14-2601,2820.75,0,0,1
LJ14-2601,2820.875,0,0,1
LJ14-2601,2821,0,0,1
LJ14-2601,2821.125,0,0,1
LJ14-2601,2821.25,0,0,1
LJ14-2601,2821.375,0,0,1
LJ14-2601,2821.5,0,0,1
LJ14-2601,2821.625,0,0,1
LJ14-2601,2821.75,0,0,1
LJ14-2601,2821.875,0,0,1
LJ14-2601,2822,0,0,1
LJ14-2601,2822.125,0,0,1
LJ14-2601,2822.25,0,0,1
LJ14-2601,2822.375,0,0,1
LJ14-2601,2822.5,0,0,1
LJ14-2601,2822.625,0,0,1
LJ14-2601,2822.75,0,0,1
LJ14-2601,2822.875,0,0,1
LJ14-2601,2823,0,0,1
LJ14-2601,2823.125,0,0,1
LJ14-2601,2823.25,0,0,1
LJ14-2601,2823.375,0,0,1
LJ14-2601,2823.5,0,0,1
LJ14-2601,2823.625,0,0,1
LJ14-2601,2823.75,0,0,1
LJ14-2601,2823.875,0,0,1
LJ14-2601,2824,0,0,1
LJ14-2601,2824.125,0,0,1
LJ14-2601,2824.25,0,0,1
LJ14-2601,2824.375,0,0,1
LJ14-2601,2824.5,0,0,1
LJ14-2601,2824.625,0,0,1
LJ14-2601,2824.75,0,0,1
LJ14-2601,2824.875,0,0,1
LJ14-2601,2825,0,0,1
LJ14-2601,2825.125,0,0,1
LJ14-2601,2825.25,0,0,1
LJ14-2601,2825.375,0,0,1
LJ14-2601,2825.5,0,0,1
LJ14-2601,2825.625,0,0,1
LJ14-2601,2825.75,0,0,1
LJ14-2601,2825.875,0,0,1
LJ14-2601,2826,0,0,1
LJ14-2601,2826.125,0,0,1
LJ14-2601,2826.25,0,0,1
LJ14-2601,2826.375,0,0,1
LJ14-2601,2826.5,0,0,1
LJ14-2601,2826.625,0,0,1
LJ14-2601,2826.75,0,0,1
LJ14-2601,2826.875,0,0,1
LJ14-2601,2827,0,0,1
LJ14-2601,2827.125,0,0,1
LJ14-2601,2827.25,0,0,1
LJ14-2601,2827.375,0,0,1
LJ14-2601,2827.5,0,0,1
LJ14-2601,2827.625,0,0,1
LJ14-2601,2827.75,0,0,1
LJ14-2601,2827.875,0,0,1
LJ14-2601,2828,0,0,1
LJ14-2601,2828.125,0,0,1
LJ14-2601,2828.25,0,0,1
LJ14-2601,2828.375,0,0,1
LJ14-2601,2828.5,0,0,1
LJ14-2601,2828.625,0,0,1
LJ14-2601,2828.75,0,0,1
LJ14-2601,2828.875,0,0,1
LJ14-2601,2829,0,0,1
LJ14-2601,2829.125,0,0,1
LJ14-2601,2829.25,0,0,1
LJ14-2601,2829.375,0,0,1
LJ14-2601,2829.5,0,0,1
LJ14-2601,2829.625,0,0,1
LJ14-2601,2829.75,0,0,1
LJ14-2601,2829.875,0,0,1
LJ14-2601,2830,0,0,1
LJ14-2601,2830.125,0,0,1
LJ14-2601,2830.25,0,0,1
LJ14-2601,2830.375,0,0,1
LJ14-2601,2830.5,0,0,1
LJ14-2601,2830.625,0,0,1
LJ14-2601,2830.75,0,0,1
LJ14-2601,2830.875,0,0,1
LJ14-2601,2831,0,0,1
LJ14-2601,2831.125,0,0,1
LJ14-2601,2831.25,0,0,1
LJ14-2601,2831.375,0,0,1
LJ14-2601,2831.5,0,0,1
LJ14-2601,2831.625,0,0,1
LJ14-2601,2831.75,0,0,1
LJ14-2601,2831.875,0,0,1
LJ14-2601,2832,0,0,1
LJ14-2601,2832.125,0,0,1
LJ14-2601,2832.25,0,0,1
LJ14-2601,2832.375,0,0,1
LJ14-2601,2832.5,0,0,1
LJ14-2601,2832.625,0,0,1
LJ14-2601,2832.75,0,0,1
LJ14-2601,2832.875,0,0,1
LJ14-2601,2833,0,0,1
LJ14-2601,2833.125,0,0,1
LJ14-2601,2833.25,0,0,1
LJ14-2601,2833.375,0,0,1
LJ14-2601,2833.5,0,0,1
LJ14-2601,2833.625,0,0,1
LJ14-2601,2833.75,0,0,1
LJ14-2601,2833.875,0,0,1
LJ14-2601,2834,0,0,1
LJ14-2601,2834.125,0,0,1
LJ14-2601,2834.25,0,0,1
LJ14-2601,2834.375,0,0,1
LJ14-2601,2834.5,0,0,1
LJ14-2601,2834.625,0,0,1
LJ14-2601,2834.75,0,0,1
LJ14-2601,2834.875,0,0,1
LJ14-2601,2835,0,0,1
LJ14-2601,2835.125,0,0,1
LJ14-2601,2835.25,0,0,1
LJ14-2601,2835.375,0,0,1
LJ14-2601,2835.5,0,0,1
LJ14-2601,2835.625,0,0,1
LJ14-2601,2835.75,0,0,1
LJ14-2601,2835.875,0,0,1
LJ14-2601,2836,0,0,1
LJ14-2601,2836.125,0,0,1
LJ14-2601,2836.25,0,0,1
LJ14-2601,2836.375,0,0,1
LJ14-2601,2836.5,0,0,1
LJ14-2601,2836.625,0,0,1
LJ14-2601,2836.75,0,0,1
LJ14-2601,2836.875,0,0,1
LJ14-2601,2837,0,0,1
LJ14-2601,2837.125,0,0,1
LJ14-2601,2837.25,0,0,1
LJ14-2601,2837.375,0,0,1
LJ14-2601,2837.5,0,0,1
LJ14-2601,2837.625,0,0,1
LJ14-2601,2837.75,0,0,1
LJ14-2601,2837.875,0,0,1
LJ14-2601,2838,0,0,1
LJ14-2601,2838.125,0,0,1
LJ14-2601,2838.25,0,0,1
LJ14-2601,2838.375,0,0,1
LJ14-2601,2838.5,0,0,1
LJ14-2601,2838.625,0,0,1
LJ14-2601,2838.75,0,0,1
LJ14-2601,2838.875,0,0,1
LJ14-2601,2839,0,0,1
LJ14-2601,2839.125,0,0,1
LJ14-2601,2839.25,0,0,1
LJ14-2601,2839.375,0,0,1
LJ14-2601,2839.5,0,0,1
LJ14-2601,2839.625,0,0,1
LJ14-2601,2839.75,0,0,1
LJ14-2601,2839.875,0,0,1
LJ14-2601,2840,0,0,1
LJ14-2601,2840.125,0,0,1
LJ14-2601,2840.25,0,0,1
LJ14-2601,2840.375,0,0,1
LJ14-2601,2840.5,0,0,1
LJ14-2601,2840.625,0,0,1
LJ14-2601,2840.75,0,0,1
LJ14-2601,2840.875,0,0,1
LJ14-2601,2841,0,0,1
LJ14-2601,2841.125,0,0,1
LJ14-2601,2841.25,0,0,1
LJ14-2601,2841.375,0,0,1
LJ14-2601,2841.5,1,0,0
LJ14-2601,2841.625,1,0,0
LJ14-2601,2841.75,1,0,0
LJ14-2601,2841.875,1,0,0
LJ14-2601,2842,1,0,0
LJ14-2601,2842.125,1,0,0
LJ14-2601,2842.25,1,0,0
LJ14-2601,2842.375,1,0,0
LJ14-2601,2842.5,1,0,0
LJ14-2601,2842.625,1,0,0
LJ14-2601,2842.75,1,0,0
LJ14-2601,2842.875,1,0,0
LJ14-2601,2843,1,0,0
LJ14-2601,2843.125,1,0,0
LJ14-2601,2843.25,1,0,0
LJ14-2601,2843.375,1,0,0
LJ14-2601,2843.5,1,0,0
LJ14-2601,2843.625,1,0,0
LJ14-2601,2843.75,1,0,0
LJ14-2601,2843.875,1,0,0
LJ14-2601,2844,1,0,0
LJ14-2601,2844.125,1,0,0
LJ14-2601,2844.25,1,0,0
LJ14-2601,2844.375,1,0,0
LJ14-2601,2844.5,1,0,0
LJ14-2601,2844.625,1,0,0
LJ14-2601,2844.75,1,0,0
LJ14-2601,2844.875,1,0,0
LJ14-2601,2845,1,0,0
LJ14-2601,2845.125,1,0,0
LJ14-2601,2845.25,1,0,0
LJ14-2601,2845.375,1,0,0
LJ14-2601,2845.5,1,0,0
LJ14-2601,2845.625,1,0,0
LJ14-2601,2845.75,1,0,0
LJ14-2601,2845.875,1,0,0
LJ14-2601,2846,1,0,0
LJ14-2601,2846.125,1,0,0
LJ14-2601,2846.25,1,0,0
LJ14-2601,2846.375,1,0,0
LJ14-2601,2846.5,1,0,0
LJ14-2601,2846.625,1,0,0
LJ14-2601,2846.75,1,0,0
LJ14-2601,2846.875,1,0,0
LJ14-2601,2847,1,0,0
LJ14-2601,2847.125,1,0,0
LJ14-2601,2847.25,1,0,0
LJ14-2601,2847.375,1,0,0
LJ14-2601,2847.5,1,0,0
LJ14-2601,2847.625,1,0,0
LJ14-2601,2847.75,0,0,1
LJ14-2601,2847.875,0,0,1
LJ14-2601,2848,0,0,1
LJ14-2601,2848.125,0,0,1
LJ14-2601,2848.25,0,0,1
LJ14-2601,2848.375,0,0,1
LJ14-2601,2848.5,0,0,1
LJ14-2601,2848.625,0,0,1
LJ14-2601,2848.75,0,0,1
LJ14-2601,2848.875,0,0,1
LJ14-2601,2849,0,0,1
LJ14-2601,2849.125,0,0,1
LJ14-2601,2849.25,0,0,1
LJ14-2601,2849.375,0,0,1
LJ14-2601,2849.5,0,0,1
LJ14-2601,2849.625,0,0,1
LJ14-2601,2849.75,0,0,1
LJ14-2601,2849.875,0,0,1
LJ14-2601,2850,0,0,1
LJ14-2601,2850.125,0,0,1
LJ14-2601,2850.25,0,0,1
LJ14-2601,2850.375,0,0,1
LJ14-2601,2850.5,0,0,1
LJ14-2601,2850.625,0,0,1
LJ14-2601,2850.75,0,0,1
LJ14-2601,2850.875,0,0,1
LJ14-2601,2851,0,0,1
LJ14-2601,2851.125,0,0,1
LJ14-2601,2851.25,0,0,1
LJ14-2601,2851.375,0,0,1
LJ14-2601,2851.5,0,0,1
LJ14-2601,2851.625,0,0,1
LJ14-2601,2851.75,0,0,1
LJ14-2601,2851.875,0,0,1
LJ14-2601,2852,0,0,1
LJ14-2601,2852.125,0,0,1
LJ14-2601,2852.25,0,0,1
LJ14-2601,2852.375,0,0,1
LJ14-2601,2852.5,0,0,1
LJ14-2601,2852.625,0,0,1
LJ14-2601,2852.75,0,0,1
LJ14-2601,2852.875,0,0,1
LJ14-2601,2853,0,0,1
LJ14-2601,2853.125,0,0,1
LJ14-2601,2853.25,0,0,1
LJ14-2601,2853.375,0,0,1
LJ14-2601,2853.5,0,0,1
LJ14-2601,2853.625,0,0,1
LJ14-2601,2853.75,0,0,1
LJ14-2601,2853.875,0,0,1
LJ14-2601,2854,0,0,1
LJ14-2601,2854.125,0,0,1
LJ14-2601,2854.25,0,0,1
LJ14-2601,2854.375,0,0,1
LJ14-2601,2854.5,0,0,1
LJ14-2601,2854.625,0,0,1
LJ14-2601,2854.75,0,0,1
LJ14-2601,2854.875,0,0,1
LJ14-2601,2855,0,0,1
LJ14-2601,2855.125,0,0,1
LJ14-2601,2855.25,0,0,1
LJ14-2601,2855.375,0,0,1
LJ14-2601,2855.5,0,0,1
LJ14-2601,2855.625,0,0,1
LJ14-2601,2855.75,0,0,1
LJ14-2601,2855.875,0,0,1
LJ14-2601,2856,0,0,1
LJ14-2601,2856.125,0,0,1
LJ14-2601,2856.25,0,0,1
LJ14-2601,2856.375,0,0,1
LJ14-2601,2856.5,0,0,1
LJ14-2601,2856.625,0,0,1
LJ14-2601,2856.75,0,0,1
LJ14-2601,2856.875,0,0,1
LJ14-2601,2857,0,0,1
LJ14-2601,2857.125,0,0,1
LJ14-2601,2857.25,0,0,1
LJ14-2601,2857.375,0,0,1
LJ14-2601,2857.5,0,0,1
LJ14-2601,2857.625,0,0,1
LJ14-2601,2857.75,0,0,1
LJ14-2601,2857.875,0,0,1
LJ14-2601,2858,0,0,1
LJ14-2601,2858.125,0,0,1
LJ14-2601,2858.25,0,0,1
LJ14-2601,2858.375,0,0,1
LJ14-2601,2858.5,0,0,1
LJ14-2601,2858.625,0,0,1
LJ14-2601,2858.75,0,0,1
LJ14-2601,2858.875,0,0,1
LJ14-2601,2859,0,0,1
LJ14-2601,2859.125,0,0,1
LJ14-2601,2859.25,0,0,1
LJ14-2601,2859.375,0,0,1
LJ14-2601,2859.5,0,0,1
LJ14-2601,2859.625,0,0,1
LJ14-2601,2859.75,0,0,1
LJ14-2601,2859.875,0,0,1
LJ14-2601,2860,0,0,1
LJ14-2601,2860.125,0,0,1
LJ14-2601,2860.25,0,0,1
LJ14-2601,2860.375,0,0,1
LJ14-2601,2860.5,0,0,1
LJ14-2601,2860.625,0,0,1
LJ14-2601,2860.75,0,0,1
LJ14-2601,2860.875,0,0,1
LJ14-2601,2861,0,0,1
LJ14-2601,2861.125,0,0,1
LJ14-2601,2861.25,0,0,1
LJ14-2601,2861.375,0,0,1
LJ14-2601,2861.5,0,0,1
LJ14-2601,2861.625,0,0,1
LJ14-2601,2861.75,0,0,1
LJ14-2601,2861.875,0,0,1
LJ14-2601,2862,0,0,1
LJ14-2601,2862.125,0,0,1
LJ14-2601,2862.25,0,0,1
LJ14-2601,2862.375,0,0,1
LJ14-2601,2862.5,0,0,1
LJ14-2601,2862.625,0,0,1
LJ14-2601,2862.75,0,0,1
LJ14-2601,2862.875,0,0,1
LJ14-2601,2863,0,0,1
LJ14-2601,2863.125,0,0,1
LJ14-2601,2863.25,0,0,1
LJ14-2601,2863.375,0,0,1
LJ14-2601,2863.5,0,0,1
LJ14-2601,2863.625,0,0,1
LJ14-2601,2863.75,0,0,1
LJ14-2601,2863.875,0,0,1
LJ14-2601,2864,0,0,1
LJ14-2601,2864.125,0,0,1
LJ14-2601,2864.25,0,0,1
LJ14-2601,2864.375,0,0,1
LJ14-2601,2864.5,0,0,1
LJ14-2601,2864.625,0,0,1
LJ14-2601,2864.75,0,0,1
LJ14-2601,2864.875,0,0,1
LJ14-2601,2865,0,0,1
LJ14-2601,2865.125,0,0,1
LJ14-2601,2865.25,0,0,1
LJ14-2601,2865.375,0,0,1
LJ14-2601,2865.5,0,0,1
LJ14-2601,2865.625,0,0,1
LJ14-2601,2865.75,0,0,1
LJ14-2601,2865.875,0,0,1
LJ14-2601,2866,0,0,1
LJ14-2601,2866.125,0,0,1
LJ14-2601,2866.25,0,0,1
LJ14-2601,2866.375,0,0,1
LJ14-2601,2866.5,0,0,1
LJ14-2601,2866.625,0,0,1
LJ14-2601,2866.75,0,0,1
LJ14-2601,2866.875,0,0,1
LJ14-2601,2867,0,0,1
LJ14-2601,2867.125,0,0,1
LJ14-2601,2867.25,0,0,1
L513,2563.875,0,0,1
L513,2564,0,0,1
L513,2564.125,0,0,1
L513,2564.25,0,0,1
L513,2564.375,0,0,1
L513,2564.5,0,0,1
L513,2564.625,0,0,1
L513,2564.75,0,0,1
L513,2564.875,0,0,1
L513,2565,0,0,1
L513,2565.125,0,0,1
L513,2565.25,0,0,1
L513,2565.375,0,0,1
L513,2565.5,0,0,1
L513,2565.625,0,0,1
L513,2565.75,0,0,1
L513,2565.875,0,0,1
L513,2566,0,0,1
L513,2566.125,0,0,1
L513,2566.25,0,0,1
L513,2566.375,0,0,1
L513,2566.5,0,0,1
L513,2566.625,0,0,1
L513,2566.75,0,0,1
L513,2566.875,0,0,1
L513,2567,0,0,1
L513,2567.125,0,0,1
L513,2567.25,0,0,1
L513,2567.375,0,0,1
L513,2567.5,0,0,1
L513,2567.625,0,0,1
L513,2567.75,0,0,1
L513,2567.875,0,0,1
L513,2568,0,0,1
L513,2568.125,0,0,1
L513,2568.25,0,0,1
L513,2568.375,0,0,1
L513,2568.5,0,0,1
L513,2568.625,0,0,1
L513,2568.75,0,0,1
L513,2568.875,0,0,1
L513,2569,0,0,1
L513,2569.125,0,0,1
L513,2569.25,0,0,1
L513,2569.375,0,0,1
L513,2569.5,0,0,1
L513,2569.625,0,0,1
L513,2569.75,0,0,1
L513,2569.875,0,0,1
L513,2570,0,0,1
L513,2570.125,0,0,1
L513,2570.25,0,0,1
L513,2570.375,0,0,1
L513,2570.5,0,0,1
L513,2570.625,0,0,1
L513,2570.75,0,0,1
L513,2570.875,0,0,1
L513,2571,0,0,1
L513,2571.125,0,0,1
L513,2571.25,0,0,1
L513,2571.375,0,0,1
L513,2571.5,0,0,1
L513,2571.625,0,0,1
L513,2571.75,0,0,1
L513,2571.875,0,0,1
L513,2572,0,0,1
L513,2572.125,0,0,1
L513,2572.25,0,0,1
L513,2572.375,0,0,1
L513,2572.5,0,0,1
L513,2572.625,0,0,1
L513,2572.75,0,0,1
L513,2572.875,0,0,1
L513,2573,0,0,1
L513,2573.125,0,0,1
L513,2573.25,0,0,1
L513,2573.375,0,0,1
L513,2573.5,0,0,1
L513,2573.625,0,0,1
L513,2573.75,0,0,1
L513,2573.875,0,0,1
L513,2574,0,0,1
L513,2574.125,0,0,1
L513,2574.25,0,0,1
L513,2574.375,0,0,1
L513,2574.5,1,0,0
L513,2574.625,1,0,0
L513,2574.75,1,0,0
L513,2574.875,1,0,0
L513,2575,1,0,0
L513,2575.125,1,0,0
L513,2575.25,1,0,0
L513,2575.375,1,0,0
L513,2575.5,1,0,0
L513,2575.625,1,0,0
L513,2575.75,1,0,0
L513,2575.875,1,0,0
L513,2576,1,0,0
L513,2576.125,1,0,0
L513,2576.25,1,0,0
L513,2576.375,1,0,0
L513,2576.5,1,0,0
L513,2576.625,0,0,1
L513,2576.75,0,0,1
L513,2576.875,0,0,1
L513,2577,0,0,1
L513,2577.125,0,0,1
L513,2577.25,0,0,1
L513,2577.375,0,0,1
L513,2577.5,0,0,1
L513,2577.625,0,0,1
L513,2577.75,0,0,1
L513,2577.875,0,0,1
L513,2578,0,0,1
L513,2578.125,0,0,1
L513,2578.25,0,0,1
L513,2578.375,0,0,1
L513,2578.5,0,0,1
L513,2578.625,0,0,1
L513,2578.75,0,0,1
L513,2578.875,0,0,1
L513,2579,0,0,1
L513,2579.125,0,0,1
L513,2579.25,0,0,1
L513,2579.375,0,0,1
L513,2579.5,0,0,1
L513,2579.625,0,0,1
L513,2579.75,0,0,1
L513,2579.875,0,0,1
L513,2580,0,0,1
L513,2580.125,0,0,1
L513,2580.25,0,0,1
L513,2580.375,0,0,1
L513,2580.5,0,0,1
L513,2580.625,0,0,1
L513,2580.75,0,0,1
L513,2580.875,0,0,1
L513,2581,0,0,1
L513,2581.125,0,0,1
L513,2581.25,0,0,1
L513,2581.375,0,0,1
L513,2581.5,0,0,1
L513,2581.625,0,0,1
L513,2581.75,0,0,1
L513,2581.875,0,0,1
L513,2582,0,0,1
L513,2582.125,0,0,1
L513,2582.25,0,0,1
L513,2582.375,0,0,1
L513,2582.5,0,0,1
L513,2582.625,0,0,1
L513,2582.75,0,0,1
L513,2582.875,0,0,1
L513,2583,0,0,1
L513,2583.125,0,0,1
L513,2583.25,0,0,1
L513,2583.375,0,0,1
L513,2583.5,0,0,1
L513,2583.625,0,0,1
L513,2583.75,0,0,1
L513,2583.875,0,0,1
L513,2584,0,0,1
L513,2584.125,0,0,1
L513,2584.25,0,0,1
L513,2584.375,0,0,1
L513,2584.5,0,0,1
L513,2584.625,0,0,1
L513,2584.75,0,0,1
L513,2584.875,0,0,1
L513,2585,0,0,1
L513,2585.125,0,0,1
L513,2585.25,0,0,1
L513,2585.375,0,0,1
L513,2585.5,0,0,1
L513,2585.625,0,0,1
L513,2585.75,0,0,1
L513,2585.875,0,0,1
L513,2586,0,0,1
L513,2586.125,0,0,1
L513,2586.25,0,0,1
L513,2586.375,0,0,1
L513,2586.5,0,0,1
L513,2586.625,0,0,1
L513,2586.75,0,0,1
L513,2586.875,0,0,1
L513,2587,0,0,1
L513,2587.125,0,0,1
L513,2587.25,0,0,1
L513,2587.375,0,0,1
L513,2587.5,0,0,1
L513,2587.625,0,0,1
L513,2587.75,0,0,1
L513,2587.875,0,0,1
L513,2588,1,0,0
L513,2588.125,1,0,0
L513,2588.25,1,0,0
L513,2588.375,1,0,0
L513,2588.5,1,0,0
L513,2588.625,1,0,0
L513,2588.75,1,0,0
L513,2588.875,1,0,0
L513,2589,1,0,0
L513,2589.125,1,0,0
L513,2589.25,1,0,0
L513,2589.375,1,0,0
L513,2589.5,1,0,0
L513,2589.625,1,0,0
L513,2589.75,1,0,0
L513,2589.875,1,0,0
L513,2590,1,0,0
L513,2590.125,1,0,0
L513,2590.25,1,0,0
L513,2590.375,1,0,0
L513,2590.5,1,0,0
L513,2590.625,1,0,0
L513,2590.75,1,0,0
L513,2590.875,1,0,0
L513,2591,1,0,0
L513,2591.125,1,0,0
L513,2591.25,1,0,0
L513,2591.375,1,0,0
L513,2591.5,1,0,0
L513,2591.625,1,0,0
L513,2591.75,1,0,0
L513,2591.875,1,0,0
L513,2592,1,0,0
L513,2592.125,1,0,0
L513,2592.25,0,0,1
L513,2592.375,0,0,1
L513,2592.5,0,0,1
L513,2592.625,0,0,1
L513,2592.75,0,0,1
L513,2592.875,0,0,1
L513,2593,0,0,1
L513,2593.125,0,0,1
L513,2593.25,0,0,1
L513,2593.375,0,0,1
L513,2593.5,0,0,1
L513,2593.625,0,0,1
L513,2593.75,0,0,1
L513,2593.875,0,0,1
L513,2594,0,0,1
L513,2594.125,0,0,1
L513,2594.25,0,0,1
L513,2594.375,0,0,1
L513,2594.5,0,0,1
L513,2594.625,0,0,1
L513,2594.75,0,0,1
L513,2594.875,0,0,1
L513,2595,0,0,1
L513,2595.125,0,0,1
L513,2595.25,0,0,1
L513,2595.375,0,0,1
L513,2595.5,0,0,1
L513,2595.625,0,0,1
L513,2595.75,0,0,1
L513,2595.875,0,0,1
L513,2596,0,0,1
L513,2596.125,0,0,1
L513,2596.25,0,0,1
L513,2596.375,0,0,1
L513,2596.5,0,0,1
L513,2596.625,0,0,1
L513,2596.75,0,0,1
L513,2596.875,0,0,1
L513,2597,0,0,1
L513,2597.125,0,0,1
L513,2597.25,0,0,1
L513,2597.375,0,0,1
L513,2597.5,0,0,1
L513,2597.625,0,0,1
L513,2597.75,0,0,1
L513,2597.875,0,0,1
L513,2598,0,0,1
L513,2598.125,0,0,1
L513,2598.25,0,0,1
L513,2598.375,0,0,1
L513,2598.5,0,0,1
L513,2598.625,0,0,1
L513,2598.75,0,0,1
L513,2598.875,0,0,1
L513,2599,0,0,1
L513,2599.125,0,0,1
L513,2599.25,0,0,1
L513,2599.375,0,0,1
L513,2599.5,0,0,1
L513,2599.625,0,0,1
L513,2599.75,0,0,1
L513,2599.875,0,0,1
L513,2600,0,0,1
L513,2600.125,0,0,1
L513,2600.25,0,0,1
L513,2600.375,0,0,1
L513,2600.5,0,0,1
L513,2600.625,0,0,1
L513,2600.75,0,0,1
L513,2600.875,0,0,1
L513,2601,0,0,1
L513,2601.125,0,0,1
L513,2601.25,0,0,1
L513,2601.375,0,0,1
L513,2601.5,0,0,1
L513,2601.625,0,0,1
L513,2601.75,0,0,1
L513,2601.875,0,0,1
L513,2602,0,0,1
L513,2602.125,0,0,1
L513,2602.25,0,0,1
L513,2602.375,0,0,1
L513,2602.5,0,0,1
L513,2602.625,0,0,1
L513,2602.75,0,0,1
L513,2602.875,0,0,1
L513,2603,0,0,1
L513,2603.125,0,0,1
L513,2603.25,0,0,1
L513,2603.375,0,0,1
L513,2603.5,0,0,1
L513,2603.625,0,0,1
L513,2603.75,0,0,1
L513,2603.875,0,0,1
L513,2604,0,0,1
L513,2604.125,0,0,1
L513,2604.25,0,0,1
L513,2604.375,0,0,1
L513,2604.5,0,0,1
L513,2604.625,0,0,1
L513,2604.75,0,0,1
L513,2604.875,0,0,1
L513,2605,0,0,1
L513,2605.125,0,0,1
L513,2605.25,0,0,1
L513,2605.375,0,0,1
L513,2605.5,0,0,1
L513,2605.625,0,0,1
L513,2605.75,0,0,1
L513,2605.875,0,0,1
L513,2606,0,0,1
L513,2606.125,0,0,1
L513,2606.25,0,0,1
L513,2606.375,0,0,1
L513,2606.5,0,0,1
L513,2606.625,0,0,1
L513,2606.75,0,0,1
L513,2606.875,0,0,1
L513,2607,1,0,0
L513,2607.125,1,0,0
L513,2607.25,1,0,0
L513,2607.375,1,0,0
L513,2607.5,1,0,0
L513,2607.625,1,0,0
L513,2607.75,1,0,0
L513,2607.875,1,0,0
L513,2608,1,0,0
L513,2608.125,1,0,0
L513,2608.25,1,0,0
L513,2608.375,1,0,0
L513,2608.5,1,0,0
L513,2608.625,1,0,0
L513,2608.75,1,0,0
L513,2608.875,1,0,0
L513,2609,1,0,0
L513,2609.125,1,0,0
L513,2609.25,1,0,0
L513,2609.375,1,0,0
L513,2609.5,1,0,0
L513,2609.625,1,0,0
L513,2609.75,1,0,0
L513,2609.875,1,0,0
L513,2610,1,0,0
L513,2610.125,1,0,0
L513,2610.25,1,0,0
L513,2610.375,1,0,0
L513,2610.5,0,0,1
L513,2610.625,0,0,1
L513,2610.75,0,0,1
L513,2610.875,0,0,1
L513,2611,0,0,1
L513,2611.125,0,0,1
L513,2611.25,0,0,1
L513,2611.375,0,0,1
L513,2611.5,0,0,1
L513,2611.625,0,0,1
L513,2611.75,0,0,1
L513,2611.875,0,0,1
L513,2612,0,0,1
L513,2612.125,0,0,1
L513,2612.25,0,0,1
L513,2612.375,0,0,1
L513,2612.5,0,0,1
L513,2612.625,0,0,1
L513,2612.75,0,0,1
L513,2612.875,0,0,1
L513,2613,0,0,1
L513,2613.125,0,0,1
L513,2613.25,0,0,1
L513,2613.375,0,0,1
L513,2613.5,0,0,1
L513,2613.625,0,0,1
L513,2613.75,0,0,1
L513,2613.875,0,0,1
L513,2614,0,0,1
L513,2614.125,0,0,1
L513,2614.25,0,0,1
L513,2614.375,0,0,1
L513,2614.5,0,0,1
L513,2614.625,0,0,1
L513,2614.75,0,0,1
L513,2614.875,0,0,1
L513,2615,0,0,1
L513,2615.125,0,0,1
L513,2615.25,0,0,1
L513,2615.375,0,0,1
L513,2615.5,0,0,1
L513,2615.625,0,0,1
L513,2615.75,0,0,1
L513,2615.875,0,0,1
L513,2616,0,0,1
L513,2616.125,0,0,1
L513,2616.25,0,0,1
L513,2616.375,0,0,1
L513,2616.5,0,0,1
L513,2616.625,0,0,1
L513,2616.75,0,0,1
L513,2616.875,0,0,1
L513,2617,0,0,1
L513,2617.125,0,0,1
L513,2617.25,0,0,1
L513,2617.375,0,0,1
L513,2617.5,0,0,1
L513,2617.625,0,0,1
L513,2617.75,0,0,1
L513,2617.875,0,0,1
L513,2618,0,0,1
L513,2618.125,0,0,1
L513,2618.25,0,0,1
L513,2618.375,0,0,1
L513,2618.5,0,0,1
L513,2618.625,0,0,1
L513,2618.75,0,0,1
L513,2618.875,0,0,1
L513,2619,0,0,1
L513,2619.125,0,0,1
L513,2619.25,0,0,1
L513,2619.375,0,0,1
L513,2619.5,0,0,1
L513,2619.625,0,0,1
L513,2619.75,0,0,1
L513,2619.875,0,0,1
L513,2620,0,0,1
L513,2620.125,0,0,1
L513,2620.25,0,0,1
L513,2620.375,0,0,1
L513,2620.5,0,0,1
L513,2620.625,0,0,1
L513,2620.75,0,0,1
L513,2620.875,0,0,1
L513,2621,0,0,1
L513,2621.125,0,0,1
L513,2621.25,0,0,1
L513,2621.375,0,0,1
L513,2621.5,0,0,1
L513,2621.625,0,0,1
L513,2621.75,0,0,1
L513,2621.875,0,0,1
L513,2622,0,0,1
L513,2622.125,0,0,1
L513,2622.25,0,0,1
L513,2622.375,0,0,1
L513,2622.5,0,0,1
L513,2622.625,0,0,1
L513,2622.75,0,0,1
L513,2622.875,0,0,1
L513,2623,0,0,1
L513,2623.125,0,0,1
L513,2623.25,0,0,1
L513,2623.375,0,0,1
L513,2623.5,1,0,0
L513,2623.625,1,0,0
L513,2623.75,1,0,0
L513,2623.875,1,0,0
L513,2624,1,0,0
L513,2624.125,1,0,0
L513,2624.25,1,0,0
L513,2624.375,1,0,0
L513,2624.5,1,0,0
L513,2624.625,1,0,0
L513,2624.75,1,0,0
L513,2624.875,1,0,0
L513,2625,1,0,0
L513,2625.125,1,0,0
L513,2625.25,1,0,0
L513,2625.375,1,0,0
L513,2625.5,1,0,0
L513,2625.625,1,0,0
L513,2625.75,0,0,1
L513,2625.875,0,0,1
L513,2626,0,0,1
L513,2626.125,0,0,1
L513,2626.25,0,0,1
L513,2626.375,0,0,1
L513,2626.5,0,0,1
L513,2626.625,0,0,1
L513,2626.75,0,0,1
L513,2626.875,0,0,1
L513,2627,0,0,1
L513,2627.125,0,0,1
L513,2627.25,0,0,1
L513,2627.375,0,0,1
L513,2627.5,0,0,1
L513,2627.625,0,0,1
L513,2627.75,0,0,1
L513,2627.875,0,0,1
L513,2628,0,0,1
L513,2628.125,0,0,1
L513,2628.25,0,0,1
L513,2628.375,0,0,1
L513,2628.5,0,0,1
L513,2628.625,0,0,1
L513,2628.75,0,0,1
L513,2628.875,0,0,1
L513,2629,0,0,1
L513,2629.125,0,0,1
L513,2629.25,0,0,1
L513,2629.375,0,0,1
L513,2629.5,0,0,1
L513,2629.625,0,0,1
L513,2629.75,0,0,1
L513,2629.875,0,0,1
L513,2630,0,0,1
L513,2630.125,0,0,1
L513,2630.25,0,0,1
L513,2630.375,0,0,1
L513,2630.5,0,0,1
L513,2630.625,0,0,1
L513,2630.75,0,0,1
L513,2630.875,0,0,1
L513,2631,0,0,1
L513,2631.125,0,0,1
L513,2631.25,0,0,1
L513,2631.375,0,0,1
L513,2631.5,0,0,1
L513,2631.625,0,0,1
L513,2631.75,0,0,1
L513,2631.875,0,0,1
L513,2632,0,0,1
L513,2632.125,0,0,1
L513,2632.25,0,0,1
L513,2632.375,0,0,1
L513,2632.5,0,0,1
L513,2632.625,0,0,1
L513,2632.75,0,0,1
L513,2632.875,0,0,1
L513,2633,0,0,1
L513,2633.125,0,0,1
L513,2633.25,0,0,1
L513,2633.375,0,0,1
L513,2633.5,0,0,1
L513,2633.625,0,0,1
L513,2633.75,0,0,1
L513,2633.875,0,0,1
L513,2634,0,0,1
L513,2634.125,0,0,1
L513,2634.25,0,0,1
L513,2634.375,0,0,1
L513,2634.5,0,0,1
L513,2634.625,0,0,1
L513,2634.75,0,0,1
L513,2634.875,0,0,1
L513,2635,0,0,1
L513,2635.125,0,0,1
L513,2635.25,0,0,1
L513,2635.375,0,0,1
L513,2635.5,0,0,1
L513,2635.625,0,0,1
L513,2635.75,0,0,1
L513,2635.875,0,0,1
L513,2636,0,0,1
L513,2636.125,1,0,0
L513,2636.25,1,0,0
L513,2636.375,1,0,0
L513,2636.5,1,0,0
L513,2636.625,1,0,0
L513,2636.75,1,0,0
L513,2636.875,1,0,0
L513,2637,1,0,0
L513,2637.125,1,0,0
L513,2637.25,1,0,0
L513,2637.375,1,0,0
L513,2637.5,1,0,0
L513,2637.625,1,0,0
L513,2637.75,1,0,0
L513,2637.875,1,0,0
L513,2638,1,0,0
L513,2638.125,0,0,1
L513,2638.25,0,0,1
L513,2638.375,0,0,1
L513,2638.5,0,0,1
L513,2638.625,0,0,1
L513,2638.75,0,0,1
L513,2638.875,0,0,1
L513,2639,0,0,1
L513,2639.125,0,0,1
L513,2639.25,0,0,1
L513,2639.375,0,0,1
L513,2639.5,0,0,1
L513,2639.625,0,0,1
L513,2639.75,0,0,1
L513,2639.875,0,0,1
L513,2640,0,0,1
L513,2640.125,0,0,1
L513,2640.25,0,0,1
L513,2640.375,0,0,1
L513,2640.5,0,0,1
L513,2640.625,0,0,1
L513,2640.75,0,0,1
L513,2640.875,0,0,1
L513,2641,0,0,1
L513,2641.125,0,0,1
L513,2641.25,0,0,1
L513,2641.375,0,0,1
L513,2641.5,0,0,1
L513,2641.625,0,0,1
L513,2641.75,0,0,1
L513,2641.875,0,0,1
L513,2642,0,0,1
L513,2642.125,0,0,1
L513,2642.25,0,0,1
L513,2642.375,0,0,1
L513,2642.5,0,0,1
L513,2642.625,0,0,1
L513,2642.75,0,0,1
L513,2642.875,1,0,0
L513,2643,1,0,0
L513,2643.125,1,0,0
L513,2643.25,1,0,0
L513,2643.375,1,0,0
L513,2643.5,1,0,0
L513,2643.625,1,0,0
L513,2643.75,1,0,0
L513,2643.875,1,0,0
L513,2644,1,0,0
L513,2644.125,1,0,0
L513,2644.25,1,0,0
L513,2644.375,1,0,0
L513,2644.5,0,0,1
L513,2644.625,0,0,1
L513,2644.75,0,0,1
L513,2644.875,0,0,1
L513,2645,0,0,1
L513,2645.125,0,0,1
L513,2645.25,0,0,1
L513,2645.375,0,0,1
L513,2645.5,0,0,1
L513,2645.625,0,0,1
L513,2645.75,0,0,1
L513,2645.875,0,0,1
L513,2646,0,0,1
L513,2646.125,0,0,1
L513,2646.25,0,0,1
L513,2646.375,0,0,1
L513,2646.5,0,0,1
L513,2646.625,0,0,1
L513,2646.75,0,0,1
L513,2646.875,0,0,1
L513,2647,0,0,1
L513,2647.125,0,0,1
L513,2647.25,0,0,1
L513,2647.375,0,0,1
L513,2647.5,0,0,1
L513,2647.625,0,0,1
L513,2647.75,0,0,1
L513,2647.875,0,0,1
L513,2648,0,0,1
L513,2648.125,0,0,1
L513,2648.25,0,0,1
L513,2648.375,0,0,1
L513,2648.5,0,0,1
L513,2648.625,0,0,1
L513,2648.75,0,0,1
L513,2648.875,0,0,1
L513,2649,0,0,1
L513,2649.125,0,0,1
L513,2649.25,0,0,1
L513,2649.375,0,0,1
L513,2649.5,0,0,1
L513,2649.625,0,0,1
L513,2649.75,0,0,1
L513,2649.875,0,0,1
L513,2650,0,0,1
L513,2650.125,0,0,1
L513,2650.25,0,0,1
L513,2650.375,0,0,1
L513,2650.5,0,0,1
L513,2650.625,0,0,1
L513,2650.75,0,0,1
L513,2650.875,0,0,1
L513,2651,0,0,1
L513,2651.125,0,0,1
L513,2651.25,0,0,1
L513,2651.375,0,0,1
L513,2651.5,0,0,1
L513,2651.625,0,0,1
L513,2651.75,0,0,1
L513,2651.875,0,0,1
L513,2652,0,0,1
L513,2652.125,0,0,1
L513,2652.25,0,0,1
L513,2652.375,0,0,1
L513,2652.5,0,0,1
L513,2652.625,0,0,1
L513,2652.75,0,0,1
L513,2652.875,0,0,1
L513,2653,0,0,1
L513,2653.125,0,0,1
L513,2653.25,0,0,1
L513,2653.375,0,0,1
L513,2653.5,0,0,1
L513,2653.625,0,0,1
L513,2653.75,0,0,1
L513,2653.875,0,0,1
L513,2654,0,0,1
L513,2654.125,0,0,1
L513,2654.25,0,0,1
L513,2654.375,0,0,1
L513,2654.5,0,0,1
L513,2654.625,0,0,1
L513,2654.75,0,0,1
L513,2654.875,0,0,1
L513,2655,0,0,1
L513,2655.125,0,0,1
L513,2655.25,0,0,1
L513,2655.375,0,0,1
L513,2655.5,0,0,1
L513,2655.625,0,0,1
L513,2655.75,0,0,1
L513,2655.875,0,0,1
L513,2656,0,0,1
L513,2656.125,0,0,1
L513,2656.25,0,0,1
L513,2656.375,0,0,1
L513,2656.5,0,0,1
L513,2656.625,0,0,1
L513,2656.75,0,0,1
L513,2656.875,0,0,1
L513,2657,0,0,1
L513,2657.125,0,0,1
L513,2657.25,0,0,1
L513,2657.375,0,0,1
L513,2657.5,0,0,1
L513,2657.625,0,0,1
L513,2657.75,0,0,1
L513,2657.875,0,0,1
L513,2658,0,0,1
L513,2658.125,0,0,1
L513,2658.25,0,0,1
L513,2658.375,0,0,1
L513,2658.5,0,0,1
L513,2658.625,0,0,1
L513,2658.75,0,0,1
L513,2658.875,0,0,1
L513,2659,0,0,1
L513,2659.125,0,0,1
L513,2659.25,0,1,0
L513,2659.375,0,1,0
L513,2659.5,0,1,0
L513,2659.625,0,1,0
L513,2659.75,1,1,1
L513,2659.875,1,1,1
L513,2660,1,1,1
L513,2660.125,1,1,1
L513,2660.25,1,1,1
L513,2660.375,1,1,1
L513,2660.5,1,1,1
L513,2660.625,1,1,1
L513,2660.75,1,1,1
L513,2660.875,1,1,1
L513,2661,1,1,1
L513,2661.125,1,1,1
L513,2661.25,1,1,1
L513,2661.375,1,1,1
L513,2661.5,1,1,1
L513,2661.625,1,1,1
L513,2661.75,1,1,1
L513,2661.875,1,1,1
L513,2662,1,1,1
L513,2662.125,1,1,1
L513,2662.25,1,1,1
L513,2662.375,1,1,1
L513,2662.5,1,1,1
L513,2662.625,1,1,1
L513,2662.75,1,1,1
L513,2662.875,1,1,1
L513,2663,1,1,1
L513,2663.125,1,1,1
L513,2663.25,1,1,1
L513,2663.375,1,1,1
L513,2663.5,1,1,1
L513,2663.625,1,1,1
L513,2663.75,1,1,1
L513,2663.875,1,1,1
L513,2664,1,1,1
L513,2664.125,1,1,1
L513,2664.25,1,1,1
L513,2664.375,1,1,1
L513,2664.5,1,1,1
L513,2664.625,1,1,1
L513,2664.75,1,1,1
L513,2664.875,1,1,1
L513,2665,1,1,1
L513,2665.125,1,1,1
L513,2665.25,1,1,1
L513,2665.375,1,1,1
L513,2665.5,1,1,1
L513,2665.625,1,1,1
L513,2665.75,1,1,1
L513,2665.875,1,1,1
L513,2666,1,1,1
L513,2666.125,0,1,0
L513,2666.25,0,1,0
L513,2666.375,0,1,0
L513,2666.5,0,0,1
L513,2666.625,0,0,1
L513,2666.75,0,0,1
L513,2666.875,0,0,1
L513,2667,0,0,1
L513,2667.125,0,0,1
L513,2667.25,0,0,1
L513,2667.375,0,0,1
L513,2667.5,0,0,1
L513,2667.625,0,0,1
L513,2667.75,0,0,1
L513,2667.875,0,0,1
L513,2668,0,0,1
L513,2668.125,0,0,1
L513,2668.25,0,0,1
L513,2668.375,0,0,1
L513,2668.5,0,0,1
L513,2668.625,0,0,1
L513,2668.75,0,0,1
L513,2668.875,0,0,1
L513,2669,0,0,1
L513,2669.125,0,0,1
L513,2669.25,0,0,1
L513,2669.375,0,0,1
L513,2669.5,0,0,1
L513,2669.625,0,0,1
L513,2669.75,0,0,1
L513,2669.875,0,0,1
L513,2670,0,0,1
L513,2670.125,0,0,1
L513,2670.25,0,0,1
L513,2670.375,0,0,1
L513,2670.5,0,0,1
L513,2670.625,0,0,1
L513,2670.75,0,0,1
L513,2670.875,0,0,1
L513,2671,0,0,1
L513,2671.125,0,0,1
L513,2671.25,0,0,1
L513,2671.375,0,0,1
L513,2671.5,0,0,1
L513,2671.625,0,0,1
L513,2671.75,1,0,0
L513,2671.875,1,0,0
L513,2672,1,0,0
L513,2672.125,1,0,0
L513,2672.25,1,0,0
L513,2672.375,1,1,1
L513,2672.5,1,1,1
L513,2672.625,1,1,1
L513,2672.75,1,1,1
L513,2672.875,1,1,1
L513,2673,1,1,1
L513,2673.125,1,1,1
L513,2673.25,1,1,1
L513,2673.375,1,1,1
L513,2673.5,1,1,1
L513,2673.625,1,1,1
L513,2673.75,1,1,1
L513,2673.875,1,1,1
L513,2674,1,1,1
L513,2674.125,1,1,1
L513,2674.25,1,1,1
L513,2674.375,1,1,1
L513,2674.5,1,1,1
L513,2674.625,1,1,1
L513,2674.75,1,1,1
L513,2674.875,1,1,1
L513,2675,1,1,1
L513,2675.125,1,1,1
L513,2675.25,1,1,1
L513,2675.375,1,1,1
L513,2675.5,1,1,1
L513,2675.625,1,1,1
L513,2675.75,1,1,1
L513,2675.875,1,1,1
L513,2676,1,1,1
L513,2676.125,1,1,1
L513,2676.25,1,1,1
L513,2676.375,1,1,1
L513,2676.5,1,1,1
L513,2676.625,1,1,1
L513,2676.75,1,1,1
L513,2676.875,1,1,1
L513,2677,1,1,1
L513,2677.125,1,1,1
L513,2677.25,1,1,1
L513,2677.375,1,0,0
L513,2677.5,1,0,0
L513,2677.625,1,0,0
L513,2677.75,1,0,0
L513,2677.875,0,0,1
L513,2678,0,0,1
L513,2678.125,0,0,1
L513,2678.25,0,0,1
L513,2678.375,0,0,1
L513,2678.5,0,0,1
L513,2678.625,0,0,1
L513,2678.75,0,0,1
L513,2678.875,0,0,1
L513,2679,0,0,1
L513,2679.125,0,0,1
L513,2679.25,0,0,1
L513,2679.375,0,0,1
L513,2679.5,0,0,1
L513,2679.625,0,0,1
L513,2679.75,0,0,1
L513,2679.875,0,0,1
L513,2680,0,0,1
L513,2680.125,0,0,1
L513,2680.25,0,0,1
L513,2680.375,0,0,1
L513,2680.5,0,0,1
L513,2680.625,0,0,1
L513,2680.75,0,0,1
L513,2680.875,0,0,1
L513,2681,0,0,1
L513,2681.125,0,0,1
L513,2681.25,0,0,1
L513,2681.375,0,0,1
L513,2681.5,0,0,1
L513,2681.625,0,0,1
L513,2681.75,0,0,1
L513,2681.875,0,0,1
L513,2682,0,0,1
L513,2682.125,0,0,1
L513,2682.25,0,0,1
L513,2682.375,0,0,1
L513,2682.5,0,0,1
L513,2682.625,0,0,1
L513,2682.75,0,0,1
L513,2682.875,0,0,1
L513,2683,0,0,1
L513,2683.125,0,0,1
L513,2683.25,0,0,1
L513,2683.375,0,0,1
L513,2683.5,0,0,1
L513,2683.625,0,0,1
L513,2683.75,0,0,1
L513,2683.875,0,0,1
L513,2684,0,0,1
L513,2684.125,0,0,1
L513,2684.25,0,0,1
L513,2684.375,0,0,1
L513,2684.5,0,0,1
L513,2684.625,0,0,1
L513,2684.75,0,0,1
L513,2684.875,0,0,1
L513,2685,0,0,1
L513,2685.125,0,0,1
L513,2685.25,0,0,1
L513,2685.375,0,0,1
L513,2685.5,0,0,1
L513,2685.625,1,0,0
L513,2685.75,1,0,0
L513,2685.875,1,0,0
L513,2686,1,0,0
L513,2686.125,1,0,0
L513,2686.25,1,0,0
L513,2686.375,1,0,0
L513,2686.5,1,0,0
L513,2686.625,1,0,0
L513,2686.75,1,0,0
L513,2686.875,1,0,0
L513,2687,1,0,0
L513,2687.125,1,0,0
L513,2687.25,1,0,0
L513,2687.375,1,0,0
L513,2687.5,1,0,0
L513,2687.625,1,0,0
L513,2687.75,1,0,0
L513,2687.875,1,0,0
L513,2688,1,0,0
L513,2688.125,1,0,0
L513,2688.25,1,0,0
L513,2688.375,1,0,0
L513,2688.5,1,0,0
L513,2688.625,1,0,0
L513,2688.75,1,0,0
L513,2688.875,1,0,0
L513,2689,1,0,0
L513,2689.125,0,0,1
L513,2689.25,0,0,1
L513,2689.375,0,0,1
L513,2689.5,0,0,1
L513,2689.625,0,0,1
L513,2689.75,0,0,1
L513,2689.875,0,0,1
L513,2690,0,0,1
L513,2690.125,0,0,1
L513,2690.25,0,0,1
L513,2690.375,0,1,0
L513,2690.5,0,1,0
L513,2690.625,0,1,0
L513,2690.75,0,1,0
L513,2690.875,0,1,0
L513,2691,1,1,1
L513,2691.125,1,1,1
L513,2691.25,1,1,1
L513,2691.375,1,1,1
L513,2691.5,1,1,1
L513,2691.625,1,1,1
L513,2691.75,1,1,1
L513,2691.875,1,1,1
L513,2692,1,1,1
L513,2692.125,1,1,1
L513,2692.25,1,1,1
L513,2692.375,1,1,1
L513,2692.5,1,1,1
L513,2692.625,1,1,1
L513,2692.75,1,1,1
L513,2692.875,1,1,1
L513,2693,1,1,1
L513,2693.125,1,1,1
L513,2693.25,1,1,1
L513,2693.375,1,1,1
L513,2693.5,1,1,1
L513,2693.625,1,1,1
L513,2693.75,1,1,1
L513,2693.875,1,1,1
L513,2694,1,1,1
L513,2694.125,1,1,1
L513,2694.25,1,1,1
L513,2694.375,1,1,1
L513,2694.5,1,1,1
L513,2694.625,1,1,1
L513,2694.75,1,1,1
L513,2694.875,1,1,1
L513,2695,1,1,1
L513,2695.125,1,1,1
L513,2695.25,1,1,1
L513,2695.375,1,1,1
L513,2695.5,1,1,1
L513,2695.625,1,1,1
L513,2695.75,1,1,1
L513,2695.875,1,1,1
L513,2696,1,1,1
L513,2696.125,1,1,1
L513,2696.25,1,1,1
L513,2696.375,1,1,1
L513,2696.5,1,1,1
L513,2696.625,1,1,1
L513,2696.75,1,1,1
L513,2696.875,1,1,1
L513,2697,1,1,1
L513,2697.125,0,1,0
L513,2697.25,0,1,0
L513,2697.375,0,1,0
L513,2697.5,0,1,0
L513,2697.625,0,1,0
L513,2697.75,0,1,0
L513,2697.875,0,1,0
L513,2698,0,1,0
L513,2698.125,0,1,0
L513,2698.25,0,0,1
L513,2698.375,0,0,1
L513,2698.5,0,0,1
L513,2698.625,0,0,1
L513,2698.75,0,0,1
L513,2698.875,0,0,1
L513,2699,0,0,1
L513,2699.125,0,0,1
L513,2699.25,0,0,1
L513,2699.375,0,0,1
L513,2699.5,0,0,1
L513,2699.625,0,0,1
L513,2699.75,0,0,1
L513,2699.875,0,0,1
L513,2700,0,0,1
L513,2700.125,0,0,1
L513,2700.25,0,0,1
L513,2700.375,0,0,1
L513,2700.5,0,0,1
L513,2700.625,0,0,1
L513,2700.75,0,0,1
L513,2700.875,0,0,1
L513,2701,0,0,1
L513,2701.125,0,0,1
L513,2701.25,0,0,1
L513,2701.375,0,0,1
L513,2701.5,0,0,1
L513,2701.625,0,0,1
L513,2701.75,0,0,1
L513,2701.875,0,0,1
L513,2702,0,0,1
L513,2702.125,0,0,1
L513,2702.25,0,0,1
L513,2702.375,0,0,1
L513,2702.5,0,0,1
L513,2702.625,0,0,1
L513,2702.75,0,0,1
L513,2702.875,0,0,1
L513,2703,0,0,1
L513,2703.125,0,0,1
L513,2703.25,0,0,1
L513,2703.375,0,0,1
L513,2703.5,0,0,1
L513,2703.625,0,0,1
L513,2703.75,0,0,1
L513,2703.875,0,0,1
L513,2704,0,0,1
L513,2704.125,0,0,1
L513,2704.25,0,0,1
L513,2704.375,0,0,1
L513,2704.5,0,0,1
L513,2704.625,0,0,1
L513,2704.75,0,0,1
L513,2704.875,0,0,1
L513,2705,0,0,1
L513,2705.125,0,0,1
L513,2705.25,0,0,1
L513,2705.375,0,0,1
L513,2705.5,0,0,1
L513,2705.625,0,0,1
L513,2705.75,0,0,1
L513,2705.875,0,0,1
L513,2706,0,0,1
L513,2706.125,0,0,1
L513,2706.25,0,0,1
L513,2706.375,0,0,1
L513,2706.5,0,0,1
L513,2706.625,0,0,1
L513,2706.75,0,0,1
L513,2706.875,0,0,1
L513,2707,0,0,1
L513,2707.125,0,0,1
L513,2707.25,0,0,1
L513,2707.375,0,0,1
L513,2707.5,0,0,1
L513,2707.625,0,0,1
L513,2707.75,0,0,1
L513,2707.875,0,0,1
L513,2708,0,0,1
L513,2708.125,0,0,1
L513,2708.25,0,0,1
L513,2708.375,0,0,1
L513,2708.5,0,0,1
L513,2708.625,0,0,1
L513,2708.75,0,0,1
L513,2708.875,0,0,1
L513,2709,0,0,1
L513,2709.125,0,0,1
L513,2709.25,0,0,1
L513,2709.375,0,0,1
L513,2709.5,0,0,1
L513,2709.625,0,0,1
L513,2709.75,0,0,1
L513,2709.875,0,0,1
L513,2710,0,0,1
L513,2710.125,0,0,1
L513,2710.25,0,0,1
L513,2710.375,0,0,1
L513,2710.5,0,0,1
L513,2710.625,0,0,1
L513,2710.75,0,0,1
L513,2710.875,0,0,1
L513,2711,0,0,1
L513,2711.125,0,0,1
L513,2711.25,0,0,1
L513,2711.375,0,0,1
L513,2711.5,0,0,1
L513,2711.625,0,0,1
L513,2711.75,0,0,1
L513,2711.875,0,0,1
L513,2712,0,0,1
L513,2712.125,0,0,1
L513,2712.25,0,0,1
L513,2712.375,0,0,1
L513,2712.5,0,0,1
L513,2712.625,0,0,1
L513,2712.75,0,0,1
L513,2712.875,0,0,1
L513,2713,0,0,1
L513,2713.125,0,0,1
L513,2713.25,0,0,1
L513,2713.375,0,0,1
L513,2713.5,0,0,1
L513,2713.625,0,0,1
L513,2713.75,0,0,1
L513,2713.875,0,0,1
L513,2714,0,0,1
L513,2714.125,0,0,1
L513,2714.25,0,0,1
L513,2714.375,0,0,1
L513,2714.5,0,0,1
L513,2714.625,0,0,1
L513,2714.75,0,0,1
L513,2714.875,0,0,1
L513,2715,0,0,1
L513,2715.125,0,0,1
L513,2715.25,0,0,1
L513,2715.375,0,0,1
L513,2715.5,0,0,1
L513,2715.625,0,0,1
L513,2715.75,0,0,1
L513,2715.875,0,0,1
L513,2716,0,0,1
L513,2716.125,0,0,1
L513,2716.25,0,0,1
L513,2716.375,0,0,1
L513,2716.5,0,0,1
L513,2716.625,0,0,1
L513,2716.75,0,0,1
L513,2716.875,0,0,1
L513,2717,0,0,1
L513,2717.125,0,0,1
L513,2717.25,0,0,1
L513,2717.375,0,0,1
L513,2717.5,0,0,1
L513,2717.625,0,0,1
L513,2717.75,0,0,1
L513,2717.875,0,0,1
L513,2718,0,0,1
L513,2718.125,0,0,1
L513,2718.25,0,0,1
L513,2718.375,0,0,1
L513,2718.5,0,0,1
L513,2718.625,0,0,1
L513,2718.75,0,0,1
L513,2718.875,0,0,1
L513,2719,0,0,1
L513,2719.125,0,0,1
L513,2719.25,0,0,1
L513,2719.375,0,0,1
L513,2719.5,0,0,1
L513,2719.625,0,0,1
L513,2719.75,0,0,1
L513,2719.875,0,0,1
L513,2720,0,0,1
L513,2720.125,0,0,1
L513,2720.25,0,0,1
L513,2720.375,0,0,1
L513,2720.5,0,0,1
L513,2720.625,0,0,1
L513,2720.75,0,0,1
L513,2720.875,0,0,1
L513,2721,0,0,1
L513,2721.125,0,0,1
L513,2721.25,0,0,1
L513,2721.375,0,0,1
L513,2721.5,0,0,1
L513,2721.625,0,0,1
L513,2721.75,0,0,1
L513,2721.875,0,0,1
L513,2722,0,0,1
L513,2722.125,0,0,1
L513,2722.25,0,0,1
L513,2722.375,0,0,1
L513,2722.5,0,0,1
L513,2722.625,0,0,1
L513,2722.75,0,0,1
L513,2722.875,0,0,1
L513,2723,0,0,1
L513,2723.125,0,0,1
L513,2723.25,0,0,1
L513,2723.375,0,0,1
L513,2723.5,0,0,1
L513,2723.625,0,0,1
L513,2723.75,0,0,1
L513,2723.875,0,0,1
L513,2724,0,0,1
L513,2724.125,0,0,1
L513,2724.25,0,0,1
L513,2724.375,0,0,1
L513,2724.5,0,0,1
L513,2724.625,0,0,1
L513,2724.75,0,0,1
L513,2724.875,0,0,1
L513,2725,0,0,1
L513,2725.125,0,0,1
L513,2725.25,0,0,1
L513,2725.375,0,0,1
L513,2725.5,0,0,1
L513,2725.625,0,0,1
L513,2725.75,0,0,1
L513,2725.875,0,0,1
L513,2726,0,0,1
L513,2726.125,0,0,1
L513,2726.25,0,0,1
L513,2726.375,0,0,1
L513,2726.5,0,0,1
L513,2726.625,0,0,1
L513,2726.75,0,0,1
L513,2726.875,0,0,1
L513,2727,0,0,1
L513,2727.125,0,0,1
L513,2727.25,0,0,1
L513,2727.375,0,0,1
L513,2727.5,0,0,1
L513,2727.625,0,0,1
L513,2727.75,0,0,1
L513,2727.875,0,0,1
L513,2728,0,0,1
L513,2728.125,0,0,1
L513,2728.25,0,0,1
L513,2728.375,0,0,1
L513,2728.5,0,0,1
L513,2728.625,0,0,1
L513,2728.75,0,0,1
L513,2728.875,0,0,1
L513,2729,0,0,1
L513,2729.125,0,0,1
L513,2729.25,0,0,1
L513,2729.375,0,0,1
L513,2729.5,0,0,1
L513,2729.625,0,0,1
L513,2729.75,0,0,1
L513,2729.875,0,0,1
L513,2730,0,0,1
L513,2730.125,0,0,1
L513,2730.25,0,0,1
L513,2730.375,0,0,1
L513,2730.5,0,0,1
L513,2730.625,0,0,1
L513,2730.75,0,0,1
L513,2730.875,0,0,1
L513,2731,0,0,1
L513,2731.125,0,0,1
L513,2731.25,0,0,1
L513,2731.375,0,0,1
L513,2731.5,0,0,1
L513,2731.625,0,0,1
L513,2731.75,0,0,1
L513,2731.875,0,0,1
L513,2732,0,0,1
L513,2732.125,0,0,1
L513,2732.25,0,0,1
L513,2732.375,0,0,1
L513,2732.5,0,0,1
L513,2732.625,0,0,1
L513,2732.75,0,0,1
L513,2732.875,0,0,1
L513,2733,0,0,1
L513,2733.125,0,0,1
L513,2733.25,0,0,1
L513,2733.375,0,0,1
L513,2733.5,0,0,1
L513,2733.625,0,0,1
L513,2733.75,0,0,1
L513,2733.875,0,0,1
L513,2734,0,0,1
L513,2734.125,0,0,1
L513,2734.25,0,0,1
L513,2734.375,0,0,1
L513,2734.5,0,0,1
L513,2734.625,0,0,1
L513,2734.75,0,0,1
L513,2734.875,0,0,1
L513,2735,0,0,1
L513,2735.125,0,0,1
L513,2735.25,0,0,1
L513,2735.375,0,0,1
L513,2735.5,0,0,1
L513,2735.625,0,0,1
L513,2735.75,0,0,1
L513,2735.875,0,0,1
L513,2736,0,0,1
L513,2736.125,0,0,1
L513,2736.25,0,0,1
L513,2736.375,0,0,1
L513,2736.5,0,0,1
L513,2736.625,0,0,1
L513,2736.75,0,0,1
L513,2736.875,0,0,1
L513,2737,0,0,1
L513,2737.125,0,0,1
L513,2737.25,0,0,1
L513,2737.375,0,0,1
L513,2737.5,0,0,1
L513,2737.625,0,0,1
L513,2737.75,0,0,1
L513,2737.875,0,0,1
L513,2738,0,0,1
L513,2738.125,0,0,1
L513,2738.25,0,0,1
L513,2738.375,0,0,1
L513,2738.5,0,0,1
L513,2738.625,0,0,1
L513,2738.75,0,0,1
L513,2738.875,0,0,1
L513,2739,0,0,1
L513,2739.125,0,0,1
L513,2739.25,0,0,1
L513,2739.375,0,0,1
L513,2739.5,0,0,1
L513,2739.625,0,0,1
L513,2739.75,0,0,1
L513,2739.875,0,0,1
L513,2740,0,0,1
L513,2740.125,0,0,1
L513,2740.25,0,0,1
L513,2740.375,0,0,1
L513,2740.5,0,0,1
L513,2740.625,0,0,1
L513,2740.75,0,0,1
L513,2740.875,0,0,1
L513,2741,0,0,1
L513,2741.125,0,0,1
L513,2741.25,0,0,1
L513,2741.375,0,0,1
L513,2741.5,0,0,1
L513,2741.625,0,0,1
L513,2741.75,0,0,1
L513,2741.875,0,0,1
L513,2742,0,0,1
L513,2742.125,0,0,1
L513,2742.25,0,0,1
L513,2742.375,0,0,1
L513,2742.5,0,0,1
L513,2742.625,0,0,1
L513,2742.75,0,0,1
L513,2742.875,0,0,1
L513,2743,0,0,1
L513,2743.125,0,0,1
L513,2743.25,0,0,1
L513,2743.375,0,0,1
L513,2743.5,0,0,1
L513,2743.625,0,0,1
L513,2743.75,0,0,1
L513,2743.875,0,0,1
L513,2744,0,0,1
L513,2744.125,0,0,1
L513,2744.25,0,0,1
L513,2744.375,0,0,1
L513,2744.5,0,0,1
L513,2744.625,0,0,1
L513,2744.75,0,0,1
L513,2744.875,0,0,1
L513,2745,0,0,1
L513,2745.125,0,0,1
L513,2745.25,0,0,1
L513,2745.375,0,0,1
L513,2745.5,0,0,1
L513,2745.625,0,0,1
L513,2745.75,0,0,1
L513,2745.875,0,0,1
L513,2746,0,0,1
L513,2746.125,0,0,1
L513,2746.25,0,0,1
L513,2746.375,0,0,1
L513,2746.5,0,0,1
L513,2746.625,0,0,1
L513,2746.75,0,0,1
L513,2746.875,0,0,1
L513,2747,0,0,1
L513,2747.125,0,0,1
L513,2747.25,0,0,1
L513,2747.375,0,0,1
L513,2747.5,0,0,1
L513,2747.625,0,0,1
L513,2747.75,0,0,1
L513,2747.875,0,0,1
L513,2748,0,0,1
L513,2748.125,0,0,1
L513,2748.25,0,0,1
L513,2748.375,0,0,1
L513,2748.5,0,0,1
L513,2748.625,0,0,1
L513,2748.75,0,0,1
L513,2748.875,0,0,1
L513,2749,0,0,1
L513,2749.125,0,0,1
L513,2749.25,0,0,1
L513,2749.375,0,0,1
L513,2749.5,0,0,1
L513,2749.625,0,0,1
L513,2749.75,0,0,1
L513,2749.875,0,0,1
L513,2750,1,0,0
L513,2750.125,1,0,0
L513,2750.25,1,0,0
L513,2750.375,1,0,0
L513,2750.5,1,0,0
L513,2750.625,1,0,0
L513,2750.75,1,0,0
L513,2750.875,1,0,0
L513,2751,1,0,0
L513,2751.125,1,0,0
L513,2751.25,1,1,1
L513,2751.375,1,1,1
L513,2751.5,1,1,1
L513,2751.625,1,1,1
L513,2751.75,1,1,1
L513,2751.875,1,1,1
L513,2752,1,1,1
L513,2752.125,1,1,1
L513,2752.25,1,1,1
L513,2752.375,1,1,1
L513,2752.5,1,1,1
L513,2752.625,1,1,1
L513,2752.75,1,1,1
L513,2752.875,1,1,1
L513,2753,1,1,1
L513,2753.125,1,1,1
L513,2753.25,1,1,1
L513,2753.375,1,1,1
L513,2753.5,1,1,1
L513,2753.625,1,1,1
L513,2753.75,1,1,1
L513,2753.875,1,1,1
L513,2754,1,1,1
L513,2754.125,1,1,1
L513,2754.25,1,1,1
L513,2754.375,1,1,1
L513,2754.5,1,1,1
L513,2754.625,1,1,1
L513,2754.75,1,1,1
L513,2754.875,1,1,1
L513,2755,1,1,1
L513,2755.125,1,1,1
L513,2755.25,1,1,1
L513,2755.375,1,1,1
L513,2755.5,1,1,1
L513,2755.625,1,1,1
L513,2755.75,1,1,1
L513,2755.875,1,1,1
L513,2756,1,1,1
L513,2756.125,1,1,1
L513,2756.25,1,1,1
L513,2756.375,1,1,1
L513,2756.5,1,1,1
L513,2756.625,1,1,1
L513,2756.75,1,1,1
L513,2756.875,1,1,1
L513,2757,1,1,1
L513,2757.125,1,1,1
L513,2757.25,1,1,1
L513,2757.375,1,1,1
L513,2757.5,1,1,1
L513,2757.625,1,1,1
L513,2757.75,1,1,1
L513,2757.875,1,1,1
L513,2758,1,1,1
L513,2758.125,1,1,1
L513,2758.25,1,1,1
L513,2758.375,1,1,1
L513,2758.5,1,1,1
L513,2758.625,1,1,1
L513,2758.75,1,1,1
L513,2758.875,0,1,0
L513,2759,0,1,0
L513,2759.125,0,1,0
L513,2759.25,0,1,0
L513,2759.375,0,1,0
L513,2759.5,0,1,0
L513,2759.625,0,0,1
L513,2759.75,0,0,1
L513,2759.875,0,0,1
L513,2760,0,0,1
L513,2760.125,0,0,1
L513,2760.25,0,0,1
L513,2760.375,0,0,1
L513,2760.5,0,0,1
L513,2760.625,0,0,1
L513,2760.75,0,0,1
L513,2760.875,0,0,1
L513,2761,0,0,1
L513,2761.125,0,0,1
L513,2761.25,0,0,1
L513,2761.375,0,0,1
L513,2761.5,0,0,1
L513,2761.625,0,0,1
L513,2761.75,0,0,1
L513,2761.875,0,0,1
L513,2762,0,0,1
L513,2762.125,0,0,1
L513,2762.25,0,0,1
L513,2762.375,0,0,1
L513,2762.5,0,0,1
L513,2762.625,0,0,1
L513,2762.75,0,0,1
L513,2762.875,0,0,1
L513,2763,0,0,1
L513,2763.125,0,0,1
L513,2763.25,0,0,1
L513,2763.375,0,0,1
L513,2763.5,0,0,1
L513,2763.625,0,0,1
L513,2763.75,0,0,1
L513,2763.875,0,0,1
L513,2764,0,0,1
L513,2764.125,0,0,1
L513,2764.25,0,0,1
L513,2764.375,0,0,1
L513,2764.5,0,0,1
L513,2764.625,0,0,1
L513,2764.75,0,0,1
L513,2764.875,0,0,1
L513,2765,0,0,1
L513,2765.125,0,0,1
L513,2765.25,0,0,1
L513,2765.375,0,0,1
L513,2765.5,0,0,1
L513,2765.625,3,0,0
L513,2765.75,3,0,0
L513,2765.875,3,0,0
L513,2766,3,0,0
L513,2766.125,3,0,0
L513,2766.25,3,0,0
L513,2766.375,3,0,0
L513,2766.5,3,0,0
L513,2766.625,3,0,0
L513,2766.75,3,0,0
L513,2766.875,0,0,1
L513,2767,0,0,1
L513,2767.125,0,0,1
L513,2767.25,0,0,1
L513,2767.375,0,0,1
L513,2767.5,0,0,1
L513,2767.625,0,0,1
L513,2767.75,0,0,1
L513,2767.875,0,0,1
L513,2768,0,0,1
L513,2768.125,0,0,1
L513,2768.25,0,0,1
L513,2768.375,0,0,1
L513,2768.5,0,0,1
L513,2768.625,0,0,1
L513,2768.75,0,0,1
L513,2768.875,0,0,1
L513,2769,0,0,1
L513,2769.125,0,0,1
L513,2769.25,0,0,1
L513,2769.375,0,0,1
L513,2769.5,0,0,1
L513,2769.625,0,0,1
L513,2769.75,0,0,1
L513,2769.875,0,0,1
L513,2770,0,0,1
L513,2770.125,0,0,1
L513,2770.25,0,0,1
L513,2770.375,0,0,1
L513,2770.5,0,0,1
L513,2770.625,0,0,1
L513,2770.75,0,0,1
L513,2770.875,0,0,1
L513,2771,0,0,1
L513,2771.125,0,0,1
L513,2771.25,0,0,1
L513,2771.375,0,0,1
L513,2771.5,0,0,1
L513,2771.625,0,0,1
L513,2771.75,0,0,1
L513,2771.875,0,0,1
L513,2772,0,0,1
L513,2772.125,0,0,1
L513,2772.25,0,0,1
L513,2772.375,0,0,1
L513,2772.5,0,0,1
L513,2772.625,0,0,1
L513,2772.75,0,0,1
L513,2772.875,0,0,1
L513,2773,0,0,1
L513,2773.125,0,0,1
L513,2773.25,0,0,1
L513,2773.375,0,0,1
L513,2773.5,0,0,1
L513,2773.625,0,0,1
L513,2773.75,0,0,1
L513,2773.875,0,0,1
L513,2774,0,0,1
L513,2774.125,0,0,1
L513,2774.25,0,0,1
L513,2774.375,0,0,1
L513,2774.5,0,0,1
L513,2774.625,0,0,1
L513,2774.75,0,0,1
L513,2774.875,0,0,1
L513,2775,0,0,1
L513,2775.125,0,1,0
L513,2775.25,0,1,0
L513,2775.375,0,1,0
L513,2775.5,0,1,0
L513,2775.625,0,1,0
L513,2775.75,0,1,0
L513,2775.875,0,1,0
L513,2776,0,1,0
L513,2776.125,0,1,0
L513,2776.25,0,1,0
L513,2776.375,0,1,0
L513,2776.5,0,1,0
L513,2776.625,0,1,0
L513,2776.75,0,1,0
L513,2776.875,0,1,0
L513,2777,1,1,1
L513,2777.125,1,1,1
L513,2777.25,1,1,1
L513,2777.375,1,1,1
L513,2777.5,1,1,1
L513,2777.625,1,1,1
L513,2777.75,1,1,1
L513,2777.875,1,1,1
L513,2778,1,1,1
L513,2778.125,1,1,1
L513,2778.25,1,1,1
L513,2778.375,1,1,1
L513,2778.5,1,1,1
L513,2778.625,1,1,1
L513,2778.75,1,1,1
L513,2778.875,1,1,1
L513,2779,1,1,1
L513,2779.125,1,1,1
L513,2779.25,1,1,1
L513,2779.375,1,1,1
L513,2779.5,0,0,1
L513,2779.625,0,0,1
L513,2779.75,0,0,1
L513,2779.875,0,0,1
L513,2780,0,0,1
L513,2780.125,0,0,1
L513,2780.25,0,0,1
L513,2780.375,0,0,1
L513,2780.5,0,0,1
L513,2780.625,0,0,1
L513,2780.75,0,0,1
L513,2780.875,0,0,1
L513,2781,0,0,1
L513,2781.125,0,0,1
L513,2781.25,0,0,1
L513,2781.375,0,0,1
L513,2781.5,0,0,1
L513,2781.625,0,0,1
L513,2781.75,0,0,1
L513,2781.875,0,0,1
L513,2782,0,0,1
L513,2782.125,0,0,1
L513,2782.25,0,0,1
L513,2782.375,0,0,1
L513,2782.5,0,0,1
L513,2782.625,0,0,1
L513,2782.75,0,0,1
L513,2782.875,0,0,1
L513,2783,0,0,1
L513,2783.125,0,0,1
L513,2783.25,0,0,1
L513,2783.375,0,0,1
L513,2783.5,0,0,1
L513,2783.625,0,0,1
L513,2783.75,0,0,1
L513,2783.875,0,0,1
L513,2784,0,0,1
L513,2784.125,0,0,1
L513,2784.25,0,0,1
L513,2784.375,0,0,1
L513,2784.5,0,0,1
L513,2784.625,0,0,1
L513,2784.75,0,0,1
L513,2784.875,0,0,1
L513,2785,0,0,1
L513,2785.125,0,0,1
L513,2785.25,0,0,1
L513,2785.375,0,0,1
L513,2785.5,0,0,1
L513,2785.625,0,0,1
L513,2785.75,0,0,1
L513,2785.875,0,0,1
L513,2786,0,0,1
L513,2786.125,0,0,1
L513,2786.25,0,0,1
L513,2786.375,0,0,1
L513,2786.5,0,0,1
L513,2786.625,0,0,1
L513,2786.75,0,0,1
L513,2786.875,0,0,1
L513,2787,0,0,1
L513,2787.125,0,0,1
L513,2787.25,0,0,1
L513,2787.375,0,0,1
L513,2787.5,0,0,1
L513,2787.625,0,0,1
L513,2787.75,0,0,1
L513,2787.875,0,0,1
L513,2788,0,0,1
L513,2788.125,0,0,1
L513,2788.25,0,0,1
L513,2788.375,0,0,1
L513,2788.5,0,0,1
L513,2788.625,0,0,1
L513,2788.75,0,0,1
L513,2788.875,0,0,1
L513,2789,0,0,1
L513,2789.125,0,0,1
L513,2789.25,0,0,1
L513,2789.375,0,0,1
L513,2789.5,0,0,1
L513,2789.625,0,0,1
L513,2789.75,0,0,1
L513,2789.875,0,0,1
L513,2790,0,0,1
L513,2790.125,0,0,1
L513,2790.25,0,0,1
L513,2790.375,0,0,1
L513,2790.5,0,0,1
L513,2790.625,0,0,1
L513,2790.75,0,0,1
L513,2790.875,0,0,1
L513,2791,3,0,0
L513,2791.125,3,0,0
L513,2791.25,3,0,0
L513,2791.375,3,0,0
L513,2791.5,3,0,0
L513,2791.625,3,0,0
L513,2791.75,3,0,0
L513,2791.875,3,0,0
L513,2792,3,0,0
L513,2792.125,3,0,0
L513,2792.25,3,0,0
L513,2792.375,0,0,1
L513,2792.5,0,0,1
L513,2792.625,0,0,1
L513,2792.75,0,0,1
L513,2792.875,0,0,1
L513,2793,0,0,1
L513,2793.125,0,0,1
L513,2793.25,0,0,1
L513,2793.375,0,0,1
L513,2793.5,0,0,1
L513,2793.625,1,0,0
L513,2793.75,1,0,0
L513,2793.875,1,0,0
L513,2794,1,0,0
L513,2794.125,1,0,0
L513,2794.25,1,0,0
L513,2794.375,1,0,0
L513,2794.5,1,0,0
L513,2794.625,1,0,0
L513,2794.75,1,0,0
L513,2794.875,1,0,0
L513,2795,1,0,0
L513,2795.125,1,0,0
L513,2795.25,1,0,0
L513,2795.375,1,0,0
L513,2795.5,1,0,0
L513,2795.625,1,0,0
L513,2795.75,1,0,0
L513,2795.875,1,0,0
L513,2796,1,0,0
L513,2796.125,1,0,0
L513,2796.25,1,0,0
L513,2796.375,1,0,0
L513,2796.5,1,0,0
L513,2796.625,1,0,0
L513,2796.75,1,0,0
L513,2796.875,1,0,0
L513,2797,1,0,0
L513,2797.125,1,0,0
L513,2797.25,1,0,0
L513,2797.375,1,0,0
L513,2797.5,1,0,0
L513,2797.625,1,0,0
L513,2797.75,1,0,0
L513,2797.875,1,0,0
L513,2798,1,0,0
L513,2798.125,1,0,0
L513,2798.25,0,1,0
L513,2798.375,0,1,0
L513,2798.5,0,1,0
L513,2798.625,0,1,0
L513,2798.75,0,1,0
L513,2798.875,0,1,0
L513,2799,1,1,1
L513,2799.125,1,1,1
L513,2799.25,1,1,1
L513,2799.375,1,1,1
L513,2799.5,1,1,1
L513,2799.625,1,1,1
L513,2799.75,1,1,1
L513,2799.875,1,1,1
L513,2800,1,1,1
L513,2800.125,1,1,1
L513,2800.25,1,1,1
L513,2800.375,1,1,1
L513,2800.5,1,1,1
L513,2800.625,1,1,1
L513,2800.75,1,1,1
L513,2800.875,1,1,1
L513,2801,1,1,1
L513,2801.125,1,1,1
L513,2801.25,1,1,1
L513,2801.375,1,1,1
L513,2801.5,1,1,1
L513,2801.625,1,1,1
L513,2801.75,1,1,1
L513,2801.875,1,1,1
L513,2802,1,1,1
L513,2802.125,1,1,1
L513,2802.25,1,1,1
L513,2802.375,1,1,1
L513,2802.5,1,1,1
L513,2802.625,1,1,1
L513,2802.75,1,1,1
L513,2802.875,1,1,1
L513,2803,1,1,1
L513,2803.125,1,1,1
L513,2803.25,1,1,1
L513,2803.375,1,1,1
L513,2803.5,1,1,1
L513,2803.625,1,1,1
L513,2803.75,1,1,1
L513,2803.875,1,1,1
L513,2804,1,1,1
L513,2804.125,1,1,1
L513,2804.25,1,1,1
L513,2804.375,1,1,1
L513,2804.5,1,1,1
L513,2804.625,1,1,1
L513,2804.75,1,1,1
L513,2804.875,1,1,1
L513,2805,1,1,1
L513,2805.125,1,1,1
L513,2805.25,1,1,1
L513,2805.375,1,1,1
L513,2805.5,1,1,1
L513,2805.625,1,1,1
L513,2805.75,1,1,1
L513,2805.875,1,1,1
L513,2806,1,1,1
L513,2806.125,1,1,1
L513,2806.25,1,1,1
L513,2806.375,1,1,1
L513,2806.5,1,1,1
L513,2806.625,0,1,0
L513,2806.75,0,1,0
L513,2806.875,0,1,0
L513,2807,0,1,0
L513,2807.125,0,1,0
L513,2807.25,0,1,0
L513,2807.375,0,1,0
L513,2807.5,0,1,0
L513,2807.625,0,1,0
L513,2807.75,0,1,0
L513,2807.875,0,1,0
L513,2808,1,1,1
L513,2808.125,1,1,1
L513,2808.25,1,1,1
L513,2808.375,1,1,1
L513,2808.5,1,1,1
L513,2808.625,1,1,1
L513,2808.75,1,1,1
L513,2808.875,1,1,1
L513,2809,1,1,1
L513,2809.125,1,1,1
L513,2809.25,1,1,1
L513,2809.375,1,1,1
L513,2809.5,1,1,1
L513,2809.625,1,1,1
L513,2809.75,1,1,1
L513,2809.875,1,1,1
L513,2810,1,1,1
L513,2810.125,1,1,1
L513,2810.25,1,1,1
L513,2810.375,1,1,1
L513,2810.5,1,1,1
L513,2810.625,1,1,1
L513,2810.75,1,1,1
L513,2810.875,1,1,1
L513,2811,1,1,1
L513,2811.125,1,1,1
L513,2811.25,1,1,1
L513,2811.375,1,1,1
L513,2811.5,1,1,1
L513,2811.625,1,1,1
L513,2811.75,1,1,1
L513,2811.875,1,1,1
L513,2812,1,1,1
L513,2812.125,1,1,1
L513,2812.25,1,1,1
L513,2812.375,1,1,1
L513,2812.5,1,1,1
L513,2812.625,1,1,1
L513,2812.75,1,1,1
L513,2812.875,1,1,1
L513,2813,1,1,1
L513,2813.125,1,1,1
L513,2813.25,1,1,1
L513,2813.375,1,1,1
L513,2813.5,1,1,1
L513,2813.625,1,1,1
L513,2813.75,1,1,1
L513,2813.875,1,1,1
L513,2814,1,1,1
L513,2814.125,1,1,1
L513,2814.25,1,1,1
L513,2814.375,1,1,1
L513,2814.5,1,1,1
L513,2814.625,1,1,1
L513,2814.75,1,1,1
L513,2814.875,1,1,1
L513,2815,1,1,1
L513,2815.125,1,1,1
L513,2815.25,1,1,1
L513,2815.375,1,1,1
L513,2815.5,1,1,1
L513,2815.625,1,1,1
L513,2815.75,1,1,1
L513,2815.875,1,1,1
L513,2816,1,1,1
L513,2816.125,1,1,1
L513,2816.25,1,1,1
L513,2816.375,1,1,1
L513,2816.5,1,1,1
L513,2816.625,0,1,0
L513,2816.75,0,1,0
L513,2816.875,0,1,0
L513,2817,0,1,0
L513,2817.125,0,1,0
L513,2817.25,0,1,0
L513,2817.375,0,1,0
L513,2817.5,0,1,0
L513,2817.625,0,1,0
L513,2817.75,0,1,0
L513,2817.875,0,1,0
L513,2818,0,1,0
L513,2818.125,0,1,0
L513,2818.25,0,1,0
L513,2818.375,0,1,0
L513,2818.5,0,1,0
L513,2818.625,0,1,0
L513,2818.75,0,1,0
L513,2818.875,0,1,0
L513,2819,0,1,0
L513,2819.125,0,1,0
L513,2819.25,0,1,0
L513,2819.375,0,1,0
L513,2819.5,0,1,0
L513,2819.625,0,1,0
L513,2819.75,0,1,0
L513,2819.875,0,1,0
L513,2820,0,1,0
L513,2820.125,0,1,0
L513,2820.25,0,1,0
L513,2820.375,0,1,0
L513,2820.5,0,1,0
L513,2820.625,0,1,0
L513,2820.75,0,1,0
L513,2820.875,0,1,0
L513,2821,0,1,0
L513,2821.125,0,1,0
L513,2821.25,0,1,0
L513,2821.375,0,1,0
L513,2821.5,0,1,0
L513,2821.625,0,1,0
L513,2821.75,0,1,0
L513,2821.875,0,1,0
L513,2822,0,1,0
L513,2822.125,0,1,0
L513,2822.25,0,1,0
L513,2822.375,0,1,0
L513,2822.5,0,1,0
L513,2822.625,0,1,0
L513,2822.75,0,1,0
L513,2822.875,0,1,0
L513,2823,0,1,0
L513,2823.125,0,1,0
L513,2823.25,0,1,0
L513,2823.375,0,1,0
L513,2823.5,0,1,0
L513,2823.625,0,1,0
L513,2823.75,0,1,0
L513,2823.875,0,1,0
L513,2824,0,1,0
L513,2824.125,0,1,0
L513,2824.25,0,1,0
L513,2824.375,0,1,0
L513,2824.5,0,1,0
L513,2824.625,0,1,0
L513,2824.75,0,1,0
L513,2824.875,0,1,0
L513,2825,0,1,0
L513,2825.125,0,1,0
L513,2825.25,0,1,0
L513,2825.375,0,1,0
L513,2825.5,0,1,0
L513,2825.625,0,1,0
L513,2825.75,0,1,0
L513,2825.875,0,1,0
L513,2826,0,1,0
L513,2826.125,0,1,0
L513,2826.25,0,1,0
L513,2826.375,0,1,0
L513,2826.5,0,1,0
L513,2826.625,0,1,0
L513,2826.75,0,1,0
L513,2826.875,0,1,0
L513,2827,0,1,0
L513,2827.125,0,1,0
L513,2827.25,0,1,0
L513,2827.375,0,1,0
L513,2827.5,0,1,0
L513,2827.625,0,1,0
L513,2827.75,0,1,0
L513,2827.875,0,1,0
L513,2828,0,1,0
L513,2828.125,0,1,0
L513,2828.25,0,1,0
L513,2828.375,0,1,0
L513,2828.5,0,1,0
L513,2828.625,0,1,0
L513,2828.75,0,1,0
L513,2828.875,0,1,0
L513,2829,0,1,0
L513,2829.125,0,1,0
L513,2829.25,0,1,0
L513,2829.375,0,1,0
L513,2829.5,0,1,0
L513,2829.625,0,1,0
L513,2829.75,0,1,0
L513,2829.875,0,1,0
L513,2830,0,1,0
L513,2830.125,0,1,0
L513,2830.25,0,1,0
L513,2830.375,0,1,0
L513,2830.5,0,1,0
L513,2830.625,0,1,0
L513,2830.75,0,1,0
L513,2830.875,0,1,0
L513,2831,1,1,1
L513,2831.125,1,1,1
L513,2831.25,1,1,1
L513,2831.375,1,1,1
L513,2831.5,1,1,1
L513,2831.625,1,1,1
L513,2831.75,1,1,1
L513,2831.875,1,1,1
L513,2832,1,1,1
L513,2832.125,1,1,1
L513,2832.25,1,1,1
L513,2832.375,1,1,1
L513,2832.5,1,1,1
L513,2832.625,1,1,1
L513,2832.75,1,1,1
L513,2832.875,1,1,1
L513,2833,1,1,1
L513,2833.125,1,1,1
L513,2833.25,1,1,1
L513,2833.375,1,1,1
L513,2833.5,1,1,1
L513,2833.625,1,1,1
L513,2833.75,1,1,1
L513,2833.875,1,1,1
L513,2834,1,1,1
L513,2834.125,1,1,1
L513,2834.25,1,1,1
L513,2834.375,1,1,1
L513,2834.5,1,1,1
L513,2834.625,1,1,1
L513,2834.75,1,1,1
L513,2834.875,1,1,1
L513,2835,1,1,1
L513,2835.125,1,1,1
L513,2835.25,1,1,1
L513,2835.375,1,1,1
L513,2835.5,1,1,1
L513,2835.625,1,1,1
L513,2835.75,1,1,1
L513,2835.875,1,1,1
L513,2836,1,1,1
L513,2836.125,1,1,1
L513,2836.25,1,1,1
L513,2836.375,1,1,1
L513,2836.5,1,1,1
L513,2836.625,1,1,1
L513,2836.75,1,1,1
L513,2836.875,1,1,1
L513,2837,1,1,1
L513,2837.125,1,1,1
L513,2837.25,1,1,1
L513,2837.375,1,1,1
L513,2837.5,1,1,1
L513,2837.625,1,1,1
L513,2837.75,1,1,1
L513,2837.875,1,1,1
L513,2838,1,1,1
L513,2838.125,1,1,1
L513,2838.25,1,1,1
L513,2838.375,1,1,1
L513,2838.5,1,1,1
L513,2838.625,1,1,1
L513,2838.75,1,1,1
L513,2838.875,1,1,1
L513,2839,1,1,1
L513,2839.125,1,1,1
L513,2839.25,1,1,1
L513,2839.375,1,1,1
L513,2839.5,1,1,1
L513,2839.625,1,1,1
L513,2839.75,1,1,1
L513,2839.875,1,1,1
L513,2840,1,1,1
L513,2840.125,1,1,1
L513,2840.25,1,1,1
L513,2840.375,1,1,1
L513,2840.5,1,1,1
L513,2840.625,1,1,1
L513,2840.75,1,1,1
L513,2840.875,1,1,1
L513,2841,1,1,1
L513,2841.125,1,1,1
L513,2841.25,1,1,1
L513,2841.375,1,1,1
L513,2841.5,1,1,1
L513,2841.625,1,1,1
L513,2841.75,1,1,1
L513,2841.875,0,1,0
L513,2842,0,1,0
L513,2842.125,0,1,0
L513,2842.25,0,1,0
L513,2842.375,0,1,0
L513,2842.5,0,1,0
L513,2842.625,0,1,0
L513,2842.75,0,1,0
L513,2842.875,0,1,0
L513,2843,0,1,0
L513,2843.125,0,0,1
L513,2843.25,0,0,1
L513,2843.375,0,0,1
L513,2843.5,0,0,1
L513,2843.625,0,0,1
L513,2843.75,0,0,1
L513,2843.875,0,0,1
L513,2844,0,0,1
L513,2844.125,0,0,1
L513,2844.25,0,0,1
L513,2844.375,0,0,1
L513,2844.5,0,0,1
L513,2844.625,0,0,1
L513,2844.75,0,0,1
L513,2844.875,0,0,1
L513,2845,0,0,1
L513,2845.125,0,0,1
L513,2845.25,0,0,1
L513,2845.375,0,0,1
L513,2845.5,0,0,1
L513,2845.625,0,0,1
L513,2845.75,0,0,1
L513,2845.875,0,0,1
L513,2846,0,0,1
L513,2846.125,0,0,1
L513,2846.25,0,0,1
L513,2846.375,0,0,1
L513,2846.5,0,0,1
L513,2846.625,0,0,1
L513,2846.75,0,0,1
L513,2846.875,0,0,1
L513,2847,0,0,1
L513,2847.125,0,0,1
L513,2847.25,0,0,1
L513,2847.375,0,0,1
L513,2847.5,0,0,1
L513,2847.625,0,0,1
L513,2847.75,0,0,1
L513,2847.875,0,0,1
L513,2848,0,0,1
L513,2848.125,0,0,1
L513,2848.25,0,0,1
L513,2848.375,0,0,1
L513,2848.5,0,0,1
L513,2848.625,0,0,1
L513,2848.75,0,0,1
L513,2848.875,0,0,1
L513,2849,0,0,1
L513,2849.125,0,0,1
L513,2849.25,0,0,1
L513,2849.375,0,0,1
L513,2849.5,0,0,1
L513,2849.625,0,0,1
L513,2849.75,0,0,1
L513,2849.875,0,0,1
L513,2850,0,0,1
L513,2850.125,0,0,1
L513,2850.25,0,0,1
L513,2850.375,0,0,1
L513,2850.5,0,0,1
L513,2850.625,0,0,1
L513,2850.75,0,0,1
L513,2850.875,0,0,1
L513,2851,0,0,1
L513,2851.125,0,0,1
L513,2851.25,0,0,1
L513,2851.375,0,0,1
L513,2851.5,0,0,1
L513,2851.625,0,0,1
L513,2851.75,0,0,1
L513,2851.875,0,0,1
L513,2852,0,0,1
L513,2852.125,0,0,1
L513,2852.25,0,0,1
L513,2852.375,0,0,1
L513,2852.5,0,0,1
L513,2852.625,0,0,1
L513,2852.75,0,0,1
L513,2852.875,0,0,1
L513,2853,0,0,1
L513,2853.125,0,0,1
L513,2853.25,0,0,1
L513,2853.375,0,0,1
L513,2853.5,0,0,1
L513,2853.625,0,0,1
L513,2853.75,0,0,1
L513,2853.875,0,0,1
L513,2854,0,0,1
L513,2854.125,0,0,1
L513,2854.25,0,0,1
L513,2854.375,0,0,1
L513,2854.5,0,0,1
L513,2854.625,0,0,1
L513,2854.75,0,0,1
L513,2854.875,0,0,1
L513,2855,0,0,1
L513,2855.125,0,0,1
L513,2855.25,0,0,1
L513,2855.375,0,0,1
L513,2855.5,0,0,1
L513,2855.625,0,0,1
L513,2855.75,0,0,1
L513,2855.875,0,0,1
L513,2856,0,0,1
L513,2856.125,0,0,1
L513,2856.25,0,0,1
L513,2856.375,0,0,1
L513,2856.5,0,0,1
L513,2856.625,0,0,1
L513,2856.75,0,0,1
L513,2856.875,0,0,1
L513,2857,0,0,1
L513,2857.125,0,0,1
L513,2857.25,0,0,1
L513,2857.375,0,0,1
L513,2857.5,0,0,1
L513,2857.625,0,0,1
L513,2857.75,0,0,1
L513,2857.875,0,0,1
L513,2858,0,0,1
L513,2858.125,0,0,1
L513,2858.25,0,0,1
L513,2858.375,0,0,1
L513,2858.5,0,0,1
L513,2858.625,0,0,1
L513,2858.75,0,0,1
L513,2858.875,0,0,1
L513,2859,0,0,1
L513,2859.125,0,0,1
L513,2859.25,0,0,1
L513,2859.375,0,0,1
L513,2859.5,0,0,1
L513,2859.625,0,0,1
L513,2859.75,0,0,1
L513,2859.875,0,0,1
L513,2860,0,0,1
L513,2860.125,0,0,1
L513,2860.25,0,0,1
L513,2860.375,0,0,1
L513,2860.5,0,0,1
L513,2860.625,0,0,1
L513,2860.75,0,0,1
L513,2860.875,0,0,1
L513,2861,0,0,1
L513,2861.125,0,0,1
L513,2861.25,0,0,1
L513,2861.375,0,0,1
L513,2861.5,0,0,1
L513,2861.625,0,0,1
L513,2861.75,0,0,1
L513,2861.875,0,0,1
L513,2862,0,0,1
L513,2862.125,0,0,1
L513,2862.25,0,0,1
L513,2862.375,0,0,1
L513,2862.5,0,0,1
L513,2862.625,0,0,1
L513,2862.75,0,0,1
L513,2862.875,0,0,1
L513,2863,0,0,1
L513,2863.125,0,0,1
L513,2863.25,0,0,1
L513,2863.375,0,0,1
L513,2863.5,0,0,1
L513,2863.625,0,0,1
L513,2863.75,0,0,1
L513,2863.875,0,0,1
L513,2864,0,0,1
L513,2864.125,0,0,1
L513,2864.25,0,0,1
L513,2864.375,0,0,1
L513,2864.5,0,0,1
L513,2864.625,0,0,1
L513,2864.75,0,0,1
L513,2864.875,0,0,1
L513,2865,0,0,1
L513,2865.125,0,0,1
L513,2865.25,0,0,1
L513,2865.375,0,0,1
L513,2865.5,0,0,1
L513,2865.625,0,0,1
L513,2865.75,0,0,1
L513,2865.875,0,0,1
L513,2866,0,0,1
L513,2866.125,0,0,1
L513,2866.25,0,0,1
L513,2866.375,0,0,1
L513,2866.5,0,0,1
L513,2866.625,0,0,1
L513,2866.75,0,0,1
L513,2866.875,0,0,1
L513,2867,0,0,1
L513,2867.125,0,0,1
L513,2867.25,0,0,1
L513,2867.375,0,0,1
L513,2867.5,0,0,1
L513,2867.625,0,0,1
L513,2867.75,0,0,1
L513,2867.875,0,0,1
L513,2868,0,0,1
L513,2868.125,0,0,1
L513,2868.25,0,0,1
L513,2868.375,0,0,1
L513,2868.5,0,0,1
L513,2868.625,0,0,1
L513,2868.75,0,0,1
L513,2868.875,0,0,1
L513,2869,0,0,1
L513,2869.125,0,0,1
L513,2869.25,0,0,1
L513,2869.375,0,0,1
L513,2869.5,0,0,1
L513,2869.625,0,0,1
L513,2869.75,0,0,1
L513,2869.875,0,0,1
L513,2870,0,0,1
L513,2870.125,0,0,1
L513,2870.25,0,0,1
L513,2870.375,0,0,1
L513,2870.5,0,0,1
L513,2870.625,0,0,1
L513,2870.75,0,0,1
L513,2870.875,0,0,1
L513,2871,0,0,1
L513,2871.125,0,0,1
L513,2871.25,0,0,1
L513,2871.375,0,0,1
L513,2871.5,0,0,1
L513,2871.625,0,0,1
L513,2871.75,0,0,1
L513,2871.875,0,0,1
L513,2872,0,0,1
L513,2872.125,0,0,1
L513,2872.25,0,0,1
L513,2872.375,0,0,1
L513,2872.5,0,0,1
L513,2872.625,0,0,1
L513,2872.75,0,0,1
L513,2872.875,0,0,1
L513,2873,0,0,1
L513,2873.125,0,0,1
L513,2873.25,0,0,1
L513,2873.375,0,0,1
L513,2873.5,0,0,1
L513,2873.625,0,0,1
L513,2873.75,0,0,1
L513,2873.875,0,0,1
L513,2874,0,0,1
L513,2874.125,0,0,1
L513,2874.25,0,0,1
L513,2874.375,0,0,1
L513,2874.5,0,0,1
L513,2874.625,0,0,1
L513,2874.75,0,0,1
L513,2874.875,0,0,1
L513,2875,0,0,1
L513,2875.125,0,0,1
L513,2875.25,0,0,1
L513,2875.375,0,0,1
L513,2875.5,0,0,1
L513,2875.625,0,0,1
L513,2875.75,0,0,1
L513,2875.875,0,0,1
L513,2876,0,0,1
L513,2876.125,0,0,1
L513,2876.25,0,0,1
L513,2876.375,0,0,1
L513,2876.5,0,0,1
L513,2876.625,0,0,1
L513,2876.75,0,0,1
L513,2876.875,0,0,1
L513,2877,0,0,1
L513,2877.125,0,0,1
L513,2877.25,0,0,1
L513,2877.375,0,0,1
L513,2877.5,0,0,1
L513,2877.625,0,0,1
L513,2877.75,0,0,1
L513,2877.875,0,0,1
L513,2878,0,0,1
L513,2878.125,0,0,1
L513,2878.25,0,0,1
L513,2878.375,0,0,1
L513,2878.5,0,0,1
L513,2878.625,0,0,1
L513,2878.75,0,0,1
L513,2878.875,0,0,1
L513,2879,0,0,1
L513,2879.125,0,0,1
L513,2879.25,0,0,1
L513,2879.375,0,0,1
L513,2879.5,0,0,1
L513,2879.625,0,0,1
L513,2879.75,0,0,1
L513,2879.875,0,0,1
L513,2880,0,0,1
L513,2880.125,0,0,1
L513,2880.25,0,0,1
L513,2880.375,0,0,1
L513,2880.5,0,0,1
L513,2880.625,0,0,1
L513,2880.75,0,0,1
L513,2880.875,0,0,1
L513,2881,0,0,1
L513,2881.125,0,0,1
L513,2881.25,0,0,1
L513,2881.375,0,0,1
L513,2881.5,0,0,1
L513,2881.625,0,0,1
L513,2881.75,0,0,1
L513,2881.875,0,0,1
L513,2882,0,0,1
L513,2882.125,0,0,1
L513,2882.25,0,0,1
L513,2882.375,0,0,1
L513,2882.5,0,0,1
L513,2882.625,0,0,1
L513,2882.75,0,0,1
L513,2882.875,0,0,1
L513,2883,0,0,1
L513,2883.125,0,0,1
L513,2883.25,0,0,1
L513,2883.375,0,0,1
L513,2883.5,0,0,1
L513,2883.625,0,0,1
L513,2883.75,0,0,1
L513,2883.875,0,0,1
L513,2884,0,0,1
L513,2884.125,0,0,1
L513,2884.25,0,0,1
L513,2884.375,0,0,1
L513,2884.5,0,0,1
L513,2884.625,0,0,1
L513,2884.75,0,0,1
L513,2884.875,0,0,1
L513,2885,0,0,1
L513,2885.125,0,0,1
L513,2885.25,0,0,1
L513,2885.375,0,0,1
L513,2885.5,0,0,1
L513,2885.625,0,0,1
L513,2885.75,0,0,1
L513,2885.875,0,0,1
L513,2886,0,0,1
L513,2886.125,0,0,1
L513,2886.25,0,0,1
L513,2886.375,0,0,1
L513,2886.5,0,0,1
L513,2886.625,0,0,1
L513,2886.75,0,0,1
L513,2886.875,0,0,1
L513,2887,0,0,1
L513,2887.125,0,0,1
L513,2887.25,0,0,1
L513,2887.375,0,0,1
L513,2887.5,0,0,1
L513,2887.625,0,0,1
L513,2887.75,0,0,1
L513,2887.875,0,0,1
L513,2888,0,0,1
L513,2888.125,0,0,1
L513,2888.25,0,0,1
L513,2888.375,0,0,1
L513,2888.5,0,0,1
L513,2888.625,0,0,1
L513,2888.75,0,0,1
L513,2888.875,0,0,1
L513,2889,0,0,1
L513,2889.125,0,0,1
L513,2889.25,0,0,1
L513,2889.375,0,0,1
L513,2889.5,0,0,1
L513,2889.625,0,0,1
L513,2889.75,0,0,1
L513,2889.875,0,0,1
L513,2890,0,0,1
L513,2890.125,0,0,1
L513,2890.25,0,0,1
L513,2890.375,0,0,1
L513,2890.5,0,0,1
L513,2890.625,0,0,1
L513,2890.75,0,0,1
L513,2890.875,0,0,1
L513,2891,0,0,1
L513,2891.125,0,0,1
L513,2891.25,0,0,1
L513,2891.375,0,0,1
L513,2891.5,0,0,1
L513,2891.625,0,0,1
L513,2891.75,0,0,1
L513,2891.875,0,0,1
L513,2892,0,0,1
L513,2892.125,0,0,1
L513,2892.25,0,0,1
L513,2892.375,0,0,1
L513,2892.5,0,0,1
L513,2892.625,0,0,1
L513,2892.75,0,0,1
L513,2892.875,0,0,1
L513,2893,0,0,1
L513,2893.125,0,0,1
L513,2893.25,0,0,1
L513,2893.375,0,0,1
L513,2893.5,0,0,1
L513,2893.625,0,0,1
L513,2893.75,0,0,1
L513,2893.875,0,0,1
L513,2894,0,0,1
L513,2894.125,0,0,1
L513,2894.25,0,0,1
L513,2894.375,0,0,1
L513,2894.5,0,0,1
L513,2894.625,0,0,1
L513,2894.75,0,0,1
L513,2894.875,0,0,1
L513,2895,0,0,1
L513,2895.125,0,0,1
L513,2895.25,0,0,1
L513,2895.375,0,0,1
L513,2895.5,0,0,1
L513,2895.625,0,0,1
L513,2895.75,0,0,1
L513,2895.875,0,0,1
L513,2896,0,0,1
L513,2896.125,0,0,1
L513,2896.25,0,0,1
L513,2896.375,0,0,1
L513,2896.5,0,0,1
L513,2896.625,0,0,1
L513,2896.75,0,0,1
L513,2896.875,0,0,1
L513,2897,0,0,1
L513,2897.125,0,0,1
L513,2897.25,0,0,1
L513,2897.375,0,0,1
L513,2897.5,0,0,1
L513,2897.625,0,0,1
L513,2897.75,0,0,1
L513,2897.875,0,0,1
L513,2898,0,0,1
L513,2898.125,0,0,1
L513,2898.25,0,0,1
L513,2898.375,0,0,1
L513,2898.5,0,0,1
L513,2898.625,0,0,1
L513,2898.75,0,0,1
L513,2898.875,0,0,1
L513,2899,0,0,1
L513,2899.125,0,0,1
L513,2899.25,0,0,1
L513,2899.375,0,0,1
L513,2899.5,0,0,1
L513,2899.625,0,0,1
L513,2899.75,0,0,1
L513,2899.875,0,0,1
L513,2900,0,0,1
L513,2900.125,0,0,1
L513,2900.25,0,0,1
L513,2900.375,0,0,1
L513,2900.5,0,0,1
L513,2900.625,0,0,1
L513,2900.75,0,0,1
L513,2900.875,0,0,1
L513,2901,0,0,1
L513,2901.125,0,0,1
L513,2901.25,0,0,1
L513,2901.375,0,0,1
L513,2901.5,0,0,1
L513,2901.625,0,0,1
L513,2901.75,0,0,1
L513,2901.875,0,0,1
L513,2902,0,0,1
L513,2902.125,0,0,1
L513,2902.25,0,0,1
L513,2902.375,0,0,1
L513,2902.5,0,0,1
L513,2902.625,0,0,1
L513,2902.75,0,0,1
L513,2902.875,0,0,1
L513,2903,0,0,1
L513,2903.125,0,0,1
L513,2903.25,0,0,1
L513,2903.375,0,0,1
L513,2903.5,0,0,1
L513,2903.625,0,0,1
L513,2903.75,0,0,1
L513,2903.875,0,0,1
L513,2904,0,0,1
L513,2904.125,0,0,1
L513,2904.25,0,0,1
L513,2904.375,0,0,1
L513,2904.5,0,0,1
L513,2904.625,0,0,1
L513,2904.75,0,0,1
L513,2904.875,0,0,1
L513,2905,0,0,1
L513,2905.125,0,0,1
L513,2905.25,0,0,1
L513,2905.375,0,0,1
L13-261,2580.875,0,0,1
L13-261,2581,0,0,1
L13-261,2581.125,0,0,1
L13-261,2581.25,0,0,1
L13-261,2581.375,0,0,1
L13-261,2581.5,0,0,1
L13-261,2581.625,0,0,1
L13-261,2581.75,0,0,1
L13-261,2581.875,0,0,1
L13-261,2582,0,0,1
L13-261,2582.125,0,0,1
L13-261,2582.25,0,0,1
L13-261,2582.375,0,0,1
L13-261,2582.5,0,0,1
L13-261,2582.625,0,0,1
L13-261,2582.75,0,0,1
L13-261,2582.875,0,0,1
L13-261,2583,0,0,1
L13-261,2583.125,0,0,1
L13-261,2583.25,0,0,1
L13-261,2583.375,0,0,1
L13-261,2583.5,0,0,1
L13-261,2583.625,0,0,1
L13-261,2583.75,0,0,1
L13-261,2583.875,0,0,1
L13-261,2584,0,0,1
L13-261,2584.125,0,0,1
L13-261,2584.25,0,0,1
L13-261,2584.375,0,0,1
L13-261,2584.5,0,0,1
L13-261,2584.625,0,0,1
L13-261,2584.75,0,0,1
L13-261,2584.875,0,0,1
L13-261,2585,0,0,1
L13-261,2585.125,0,0,1
L13-261,2585.25,0,0,1
L13-261,2585.375,0,0,1
L13-261,2585.5,0,0,1
L13-261,2585.625,0,0,1
L13-261,2585.75,0,0,1
L13-261,2585.875,0,0,1
L13-261,2586,0,0,1
L13-261,2586.125,0,0,1
L13-261,2586.25,0,0,1
L13-261,2586.375,0,0,1
L13-261,2586.5,0,0,1
L13-261,2586.625,0,0,1
L13-261,2586.75,0,0,1
L13-261,2586.875,0,0,1
L13-261,2587,0,0,1
L13-261,2587.125,0,0,1
L13-261,2587.25,0,0,1
L13-261,2587.375,0,0,1
L13-261,2587.5,0,0,1
L13-261,2587.625,0,0,1
L13-261,2587.75,0,0,1
L13-261,2587.875,0,0,1
L13-261,2588,0,0,1
L13-261,2588.125,0,0,1
L13-261,2588.25,0,0,1
L13-261,2588.375,0,0,1
L13-261,2588.5,0,0,1
L13-261,2588.625,0,0,1
L13-261,2588.75,0,0,1
L13-261,2588.875,0,0,1
L13-261,2589,0,0,1
L13-261,2589.125,0,0,1
L13-261,2589.25,0,0,1
L13-261,2589.375,0,0,1
L13-261,2589.5,0,0,1
L13-261,2589.625,0,0,1
L13-261,2589.75,0,0,1
L13-261,2589.875,0,0,1
L13-261,2590,0,0,1
L13-261,2590.125,0,0,1
L13-261,2590.25,0,0,1
L13-261,2590.375,0,0,1
L13-261,2590.5,0,0,1
L13-261,2590.625,0,0,1
L13-261,2590.75,0,0,1
L13-261,2590.875,0,0,1
L13-261,2591,0,0,1
L13-261,2591.125,0,0,1
L13-261,2591.25,0,0,1
L13-261,2591.375,0,0,1
L13-261,2591.5,0,0,1
L13-261,2591.625,0,0,1
L13-261,2591.75,0,0,1
L13-261,2591.875,0,0,1
L13-261,2592,0,0,1
L13-261,2592.125,0,0,1
L13-261,2592.25,0,0,1
L13-261,2592.375,0,0,1
L13-261,2592.5,0,0,1
L13-261,2592.625,0,0,1
L13-261,2592.75,0,0,1
L13-261,2592.875,0,0,1
L13-261,2593,0,0,1
L13-261,2593.125,0,0,1
L13-261,2593.25,0,0,1
L13-261,2593.375,0,0,1
L13-261,2593.5,0,0,1
L13-261,2593.625,0,0,1
L13-261,2593.75,0,0,1
L13-261,2593.875,0,0,1
L13-261,2594,0,0,1
L13-261,2594.125,0,0,1
L13-261,2594.25,0,0,1
L13-261,2594.375,0,0,1
L13-261,2594.5,0,0,1
L13-261,2594.625,0,0,1
L13-261,2594.75,0,0,1
L13-261,2594.875,0,0,1
L13-261,2595,0,0,1
L13-261,2595.125,0,0,1
L13-261,2595.25,0,0,1
L13-261,2595.375,0,0,1
L13-261,2595.5,0,0,1
L13-261,2595.625,0,0,1
L13-261,2595.75,0,0,1
L13-261,2595.875,0,0,1
L13-261,2596,0,0,1
L13-261,2596.125,0,0,1
L13-261,2596.25,0,0,1
L13-261,2596.375,0,0,1
L13-261,2596.5,0,0,1
L13-261,2596.625,0,0,1
L13-261,2596.75,0,0,1
L13-261,2596.875,0,0,1
L13-261,2597,0,0,1
L13-261,2597.125,0,0,1
L13-261,2597.25,0,0,1
L13-261,2597.375,0,0,1
L13-261,2597.5,0,0,1
L13-261,2597.625,0,0,1
L13-261,2597.75,0,0,1
L13-261,2597.875,0,0,1
L13-261,2598,0,0,1
L13-261,2598.125,0,0,1
L13-261,2598.25,0,0,1
L13-261,2598.375,0,0,1
L13-261,2598.5,0,0,1
L13-261,2598.625,0,0,1
L13-261,2598.75,0,0,1
L13-261,2598.875,0,0,1
L13-261,2599,0,0,1
L13-261,2599.125,0,0,1
L13-261,2599.25,0,0,1
L13-261,2599.375,0,0,1
L13-261,2599.5,0,0,1
L13-261,2599.625,0,0,1
L13-261,2599.75,0,0,1
L13-261,2599.875,0,0,1
L13-261,2600,0,0,1
L13-261,2600.125,0,0,1
L13-261,2600.25,0,0,1
L13-261,2600.375,0,0,1
L13-261,2600.5,0,0,1
L13-261,2600.625,0,0,1
L13-261,2600.75,0,0,1
L13-261,2600.875,0,0,1
L13-261,2601,0,0,1
L13-261,2601.125,0,0,1
L13-261,2601.25,0,0,1
L13-261,2601.375,0,0,1
L13-261,2601.5,0,0,1
L13-261,2601.625,0,0,1
L13-261,2601.75,0,0,1
L13-261,2601.875,0,0,1
L13-261,2602,0,0,1
L13-261,2602.125,0,0,1
L13-261,2602.25,0,0,1
L13-261,2602.375,0,0,1
L13-261,2602.5,0,0,1
L13-261,2602.625,0,0,1
L13-261,2602.75,0,0,1
L13-261,2602.875,0,0,1
L13-261,2603,0,0,1
L13-261,2603.125,0,0,1
L13-261,2603.25,0,0,1
L13-261,2603.375,0,0,1
L13-261,2603.5,0,0,1
L13-261,2603.625,0,0,1
L13-261,2603.75,0,0,1
L13-261,2603.875,0,0,1
L13-261,2604,0,1,0
L13-261,2604.125,0,1,0
L13-261,2604.25,0,1,0
L13-261,2604.375,0,1,0
L13-261,2604.5,0,1,0
L13-261,2604.625,0,1,0
L13-261,2604.75,0,1,0
L13-261,2604.875,0,1,0
L13-261,2605,0,1,0
L13-261,2605.125,0,1,0
L13-261,2605.25,0,1,0
L13-261,2605.375,0,1,0
L13-261,2605.5,0,1,0
L13-261,2605.625,0,1,0
L13-261,2605.75,0,1,0
L13-261,2605.875,0,1,0
L13-261,2606,0,1,0
L13-261,2606.125,0,1,0
L13-261,2606.25,0,1,0
L13-261,2606.375,0,1,0
L13-261,2606.5,0,1,0
L13-261,2606.625,0,1,0
L13-261,2606.75,0,1,0
L13-261,2606.875,0,1,0
L13-261,2607,0,1,0
L13-261,2607.125,0,1,0
L13-261,2607.25,0,1,0
L13-261,2607.375,0,1,0
L13-261,2607.5,0,1,0
L13-261,2607.625,0,1,0
L13-261,2607.75,0,1,0
L13-261,2607.875,0,1,0
L13-261,2608,0,1,0
L13-261,2608.125,1,1,1
L13-261,2608.25,1,1,1
L13-261,2608.375,1,1,1
L13-261,2608.5,1,1,1
L13-261,2608.625,1,1,1
L13-261,2608.75,1,1,1
L13-261,2608.875,1,1,1
L13-261,2609,1,1,1
L13-261,2609.125,1,1,1
L13-261,2609.25,1,1,1
L13-261,2609.375,1,1,1
L13-261,2609.5,1,1,1
L13-261,2609.625,1,1,1
L13-261,2609.75,1,1,1
L13-261,2609.875,1,1,1
L13-261,2610,1,1,1
L13-261,2610.125,1,1,1
L13-261,2610.25,1,1,1
L13-261,2610.375,1,1,1
L13-261,2610.5,1,1,1
L13-261,2610.625,1,1,1
L13-261,2610.75,1,1,1
L13-261,2610.875,1,1,1
L13-261,2611,1,1,1
L13-261,2611.125,1,1,1
L13-261,2611.25,1,1,1
L13-261,2611.375,1,1,1
L13-261,2611.5,1,1,1
L13-261,2611.625,1,1,1
L13-261,2611.75,1,1,1
L13-261,2611.875,1,1,1
L13-261,2612,1,1,1
L13-261,2612.125,1,1,1
L13-261,2612.25,1,1,1
L13-261,2612.375,1,1,1
L13-261,2612.5,1,1,1
L13-261,2612.625,1,1,1
L13-261,2612.75,1,1,1
L13-261,2612.875,1,1,1
L13-261,2613,1,1,1
L13-261,2613.125,1,1,1
L13-261,2613.25,1,1,1
L13-261,2613.375,1,1,1
L13-261,2613.5,1,1,1
L13-261,2613.625,1,1,1
L13-261,2613.75,0,1,0
L13-261,2613.875,0,1,0
L13-261,2614,0,1,0
L13-261,2614.125,0,1,0
L13-261,2614.25,0,1,0
L13-261,2614.375,0,1,0
L13-261,2614.5,0,1,0
L13-261,2614.625,0,0,1
L13-261,2614.75,0,0,1
L13-261,2614.875,0,0,1
L13-261,2615,0,0,1
L13-261,2615.125,0,0,1
L13-261,2615.25,0,0,1
L13-261,2615.375,0,0,1
L13-261,2615.5,0,0,1
L13-261,2615.625,0,0,1
L13-261,2615.75,0,0,1
L13-261,2615.875,0,0,1
L13-261,2616,0,0,1
L13-261,2616.125,0,0,1
L13-261,2616.25,0,0,1
L13-261,2616.375,0,0,1
L13-261,2616.5,0,0,1
L13-261,2616.625,0,0,1
L13-261,2616.75,0,0,1
L13-261,2616.875,0,0,1
L13-261,2617,0,0,1
L13-261,2617.125,0,0,1
L13-261,2617.25,0,0,1
L13-261,2617.375,0,0,1
L13-261,2617.5,0,0,1
L13-261,2617.625,0,0,1
L13-261,2617.75,0,0,1
L13-261,2617.875,0,0,1
L13-261,2618,0,0,1
L13-261,2618.125,0,0,1
L13-261,2618.25,0,0,1
L13-261,2618.375,0,0,1
L13-261,2618.5,0,0,1
L13-261,2618.625,0,0,1
L13-261,2618.75,0,0,1
L13-261,2618.875,0,0,1
L13-261,2619,0,0,1
L13-261,2619.125,0,0,1
L13-261,2619.25,0,0,1
L13-261,2619.375,0,0,1
L13-261,2619.5,0,0,1
L13-261,2619.625,0,0,1
L13-261,2619.75,0,0,1
L13-261,2619.875,0,0,1
L13-261,2620,0,0,1
L13-261,2620.125,0,0,1
L13-261,2620.25,0,0,1
L13-261,2620.375,0,0,1
L13-261,2620.5,0,0,1
L13-261,2620.625,0,0,1
L13-261,2620.75,0,0,1
L13-261,2620.875,0,0,1
L13-261,2621,0,0,1
L13-261,2621.125,0,0,1
L13-261,2621.25,0,0,1
L13-261,2621.375,0,0,1
L13-261,2621.5,0,0,1
L13-261,2621.625,0,0,1
L13-261,2621.75,0,0,1
L13-261,2621.875,0,1,0
L13-261,2622,0,1,0
L13-261,2622.125,0,1,0
L13-261,2622.25,0,1,0
L13-261,2622.375,1,1,1
L13-261,2622.5,1,1,1
L13-261,2622.625,1,1,1
L13-261,2622.75,1,1,1
L13-261,2622.875,1,1,1
L13-261,2623,1,1,1
L13-261,2623.125,1,1,1
L13-261,2623.25,1,1,1
L13-261,2623.375,1,1,1
L13-261,2623.5,1,1,1
L13-261,2623.625,1,1,1
L13-261,2623.75,1,1,1
L13-261,2623.875,1,1,1
L13-261,2624,1,1,1
L13-261,2624.125,1,1,1
L13-261,2624.25,1,1,1
L13-261,2624.375,1,1,1
L13-261,2624.5,1,1,1
L13-261,2624.625,1,1,1
L13-261,2624.75,1,1,1
L13-261,2624.875,1,1,1
L13-261,2625,1,1,1
L13-261,2625.125,1,1,1
L13-261,2625.25,1,1,1
L13-261,2625.375,1,1,1
L13-261,2625.5,1,1,1
L13-261,2625.625,1,1,1
L13-261,2625.75,1,1,1
L13-261,2625.875,1,1,1
L13-261,2626,1,1,1
L13-261,2626.125,0,1,0
L13-261,2626.25,0,1,0
L13-261,2626.375,0,1,0
L13-261,2626.5,0,0,1
L13-261,2626.625,0,0,1
L13-261,2626.75,0,0,1
L13-261,2626.875,0,0,1
L13-261,2627,0,0,1
L13-261,2627.125,0,0,1
L13-261,2627.25,0,0,1
L13-261,2627.375,0,0,1
L13-261,2627.5,0,0,1
L13-261,2627.625,0,0,1
L13-261,2627.75,0,0,1
L13-261,2627.875,0,0,1
L13-261,2628,0,0,1
L13-261,2628.125,0,0,1
L13-261,2628.25,0,0,1
L13-261,2628.375,0,0,1
L13-261,2628.5,0,0,1
L13-261,2628.625,0,0,1
L13-261,2628.75,0,0,1
L13-261,2628.875,0,0,1
L13-261,2629,0,0,1
L13-261,2629.125,0,0,1
L13-261,2629.25,0,0,1
L13-261,2629.375,0,0,1
L13-261,2629.5,0,0,1
L13-261,2629.625,0,0,1
L13-261,2629.75,0,0,1
L13-261,2629.875,0,0,1
L13-261,2630,0,0,1
L13-261,2630.125,0,0,1
L13-261,2630.25,0,0,1
L13-261,2630.375,0,0,1
L13-261,2630.5,0,0,1
L13-261,2630.625,0,0,1
L13-261,2630.75,0,0,1
L13-261,2630.875,0,0,1
L13-261,2631,0,0,1
L13-261,2631.125,0,0,1
L13-261,2631.25,0,0,1
L13-261,2631.375,0,0,1
L13-261,2631.5,0,0,1
L13-261,2631.625,0,0,1
L13-261,2631.75,0,0,1
L13-261,2631.875,0,0,1
L13-261,2632,0,0,1
L13-261,2632.125,0,0,1
L13-261,2632.25,0,0,1
L13-261,2632.375,0,0,1
L13-261,2632.5,0,0,1
L13-261,2632.625,0,0,1
L13-261,2632.75,0,0,1
L13-261,2632.875,0,0,1
L13-261,2633,0,0,1
L13-261,2633.125,0,0,1
L13-261,2633.25,0,0,1
L13-261,2633.375,0,0,1
L13-261,2633.5,0,0,1
L13-261,2633.625,0,0,1
L13-261,2633.75,0,0,1
L13-261,2633.875,0,0,1
L13-261,2634,0,0,1
L13-261,2634.125,0,0,1
L13-261,2634.25,0,0,1
L13-261,2634.375,0,0,1
L13-261,2634.5,0,0,1
L13-261,2634.625,0,0,1
L13-261,2634.75,0,0,1
L13-261,2634.875,0,0,1
L13-261,2635,0,0,1
L13-261,2635.125,0,0,1
L13-261,2635.25,0,0,1
L13-261,2635.375,0,0,1
L13-261,2635.5,0,0,1
L13-261,2635.625,0,0,1
L13-261,2635.75,0,0,1
L13-261,2635.875,0,0,1
L13-261,2636,0,0,1
L13-261,2636.125,0,0,1
L13-261,2636.25,0,0,1
L13-261,2636.375,0,0,1
L13-261,2636.5,0,0,1
L13-261,2636.625,0,0,1
L13-261,2636.75,0,0,1
L13-261,2636.875,0,0,1
L13-261,2637,0,0,1
L13-261,2637.125,0,0,1
L13-261,2637.25,0,0,1
L13-261,2637.375,0,0,1
L13-261,2637.5,0,0,1
L13-261,2637.625,0,0,1
L13-261,2637.75,0,0,1
L13-261,2637.875,0,0,1
L13-261,2638,0,0,1
L13-261,2638.125,0,0,1
L13-261,2638.25,0,0,1
L13-261,2638.375,0,0,1
L13-261,2638.5,0,0,1
L13-261,2638.625,0,0,1
L13-261,2638.75,0,0,1
L13-261,2638.875,0,0,1
L13-261,2639,0,0,1
L13-261,2639.125,0,0,1
L13-261,2639.25,0,0,1
L13-261,2639.375,0,0,1
L13-261,2639.5,0,0,1
L13-261,2639.625,0,0,1
L13-261,2639.75,0,0,1
L13-261,2639.875,0,0,1
L13-261,2640,0,0,1
L13-261,2640.125,0,0,1
L13-261,2640.25,0,0,1
L13-261,2640.375,0,0,1
L13-261,2640.5,0,0,1
L13-261,2640.625,0,0,1
L13-261,2640.75,0,0,1
L13-261,2640.875,0,0,1
L13-261,2641,0,0,1
L13-261,2641.125,0,0,1
L13-261,2641.25,0,0,1
L13-261,2641.375,0,0,1
L13-261,2641.5,0,0,1
L13-261,2641.625,0,0,1
L13-261,2641.75,0,0,1
L13-261,2641.875,0,0,1
L13-261,2642,0,0,1
L13-261,2642.125,0,0,1
L13-261,2642.25,0,0,1
L13-261,2642.375,0,0,1
L13-261,2642.5,0,0,1
L13-261,2642.625,0,0,1
L13-261,2642.75,0,0,1
L13-261,2642.875,0,0,1
L13-261,2643,0,1,0
L13-261,2643.125,0,1,0
L13-261,2643.25,1,1,1
L13-261,2643.375,1,1,1
L13-261,2643.5,1,1,1
L13-261,2643.625,1,1,1
L13-261,2643.75,1,1,1
L13-261,2643.875,1,1,1
L13-261,2644,1,1,1
L13-261,2644.125,1,1,1
L13-261,2644.25,1,1,1
L13-261,2644.375,1,1,1
L13-261,2644.5,1,1,1
L13-261,2644.625,1,1,1
L13-261,2644.75,1,1,1
L13-261,2644.875,1,1,1
L13-261,2645,1,1,1
L13-261,2645.125,1,1,1
L13-261,2645.25,1,1,1
L13-261,2645.375,1,1,1
L13-261,2645.5,1,1,1
L13-261,2645.625,1,1,1
L13-261,2645.75,1,1,1
L13-261,2645.875,1,1,1
L13-261,2646,1,1,1
L13-261,2646.125,1,1,1
L13-261,2646.25,1,1,1
L13-261,2646.375,1,1,1
L13-261,2646.5,1,1,1
L13-261,2646.625,1,1,1
L13-261,2646.75,1,1,1
L13-261,2646.875,1,1,1
L13-261,2647,1,1,1
L13-261,2647.125,1,1,1
L13-261,2647.25,1,1,1
L13-261,2647.375,1,1,1
L13-261,2647.5,1,1,1
L13-261,2647.625,1,1,1
L13-261,2647.75,1,1,1
L13-261,2647.875,1,1,1
L13-261,2648,1,1,1
L13-261,2648.125,1,1,1
L13-261,2648.25,1,1,1
L13-261,2648.375,1,1,1
L13-261,2648.5,1,1,1
L13-261,2648.625,1,1,1
L13-261,2648.75,1,1,1
L13-261,2648.875,1,1,1
L13-261,2649,1,1,1
L13-261,2649.125,1,1,1
L13-261,2649.25,1,1,1
L13-261,2649.375,1,1,1
L13-261,2649.5,1,1,1
L13-261,2649.625,1,1,1
L13-261,2649.75,1,1,1
L13-261,2649.875,1,1,1
L13-261,2650,1,1,1
L13-261,2650.125,1,1,1
L13-261,2650.25,1,1,1
L13-261,2650.375,1,1,1
L13-261,2650.5,1,1,1
L13-261,2650.625,1,1,1
L13-261,2650.75,1,1,1
L13-261,2650.875,1,1,1
L13-261,2651,1,1,1
L13-261,2651.125,1,1,1
L13-261,2651.25,1,1,1
L13-261,2651.375,1,1,1
L13-261,2651.5,1,1,1
L13-261,2651.625,1,1,1
L13-261,2651.75,1,1,1
L13-261,2651.875,1,1,1
L13-261,2652,1,1,1
L13-261,2652.125,1,1,1
L13-261,2652.25,1,1,1
L13-261,2652.375,1,1,1
L13-261,2652.5,1,1,1
L13-261,2652.625,1,1,1
L13-261,2652.75,1,1,1
L13-261,2652.875,1,1,1
L13-261,2653,0,1,0
L13-261,2653.125,0,1,0
L13-261,2653.25,0,1,0
L13-261,2653.375,0,1,0
L13-261,2653.5,0,1,0
L13-261,2653.625,0,1,0
L13-261,2653.75,0,1,0
L13-261,2653.875,0,0,1
L13-261,2654,0,0,1
L13-261,2654.125,0,0,1
L13-261,2654.25,0,0,1
L13-261,2654.375,0,0,1
L13-261,2654.5,0,0,1
L13-261,2654.625,0,0,1
L13-261,2654.75,0,0,1
L13-261,2654.875,0,0,1
L13-261,2655,0,0,1
L13-261,2655.125,0,0,1
L13-261,2655.25,0,0,1
L13-261,2655.375,0,0,1
L13-261,2655.5,0,0,1
L13-261,2655.625,0,0,1
L13-261,2655.75,0,0,1
L13-261,2655.875,0,0,1
L13-261,2656,0,0,1
L13-261,2656.125,0,0,1
L13-261,2656.25,0,0,1
L13-261,2656.375,0,0,1
L13-261,2656.5,0,0,1
L13-261,2656.625,0,0,1
L13-261,2656.75,0,0,1
L13-261,2656.875,0,0,1
L13-261,2657,0,0,1
L13-261,2657.125,0,0,1
L13-261,2657.25,0,0,1
L13-261,2657.375,0,0,1
L13-261,2657.5,0,0,1
L13-261,2657.625,0,0,1
L13-261,2657.75,0,0,1
L13-261,2657.875,0,0,1
L13-261,2658,0,0,1
L13-261,2658.125,0,0,1
L13-261,2658.25,0,0,1
L13-261,2658.375,0,0,1
L13-261,2658.5,0,0,1
L13-261,2658.625,0,0,1
L13-261,2658.75,0,0,1
L13-261,2658.875,0,0,1
L13-261,2659,0,0,1
L13-261,2659.125,0,0,1
L13-261,2659.25,0,0,1
L13-261,2659.375,0,0,1
L13-261,2659.5,0,0,1
L13-261,2659.625,0,0,1
L13-261,2659.75,0,0,1
L13-261,2659.875,0,0,1
L13-261,2660,0,0,1
L13-261,2660.125,0,0,1
L13-261,2660.25,0,0,1
L13-261,2660.375,0,0,1
L13-261,2660.5,0,0,1
L13-261,2660.625,0,0,1
L13-261,2660.75,0,0,1
L13-261,2660.875,0,0,1
L13-261,2661,0,0,1
L13-261,2661.125,0,0,1
L13-261,2661.25,0,0,1
L13-261,2661.375,0,0,1
L13-261,2661.5,0,0,1
L13-261,2661.625,0,0,1
L13-261,2661.75,0,0,1
L13-261,2661.875,0,0,1
L13-261,2662,0,0,1
L13-261,2662.125,0,0,1
L13-261,2662.25,0,0,1
L13-261,2662.375,0,0,1
L13-261,2662.5,0,0,1
L13-261,2662.625,0,0,1
L13-261,2662.75,0,0,1
L13-261,2662.875,0,0,1
L13-261,2663,0,0,1
L13-261,2663.125,0,0,1
L13-261,2663.25,0,0,1
L13-261,2663.375,0,0,1
L13-261,2663.5,0,0,1
L13-261,2663.625,0,0,1
L13-261,2663.75,0,0,1
L13-261,2663.875,0,0,1
L13-261,2664,0,0,1
L13-261,2664.125,0,0,1
L13-261,2664.25,0,0,1
L13-261,2664.375,0,0,1
L13-261,2664.5,0,0,1
L13-261,2664.625,0,0,1
L13-261,2664.75,0,0,1
L13-261,2664.875,0,0,1
L13-261,2665,0,0,1
L13-261,2665.125,0,0,1
L13-261,2665.25,0,0,1
L13-261,2665.375,0,0,1
L13-261,2665.5,0,0,1
L13-261,2665.625,0,0,1
L13-261,2665.75,0,0,1
L13-261,2665.875,0,0,1
L13-261,2666,0,0,1
L13-261,2666.125,0,0,1
L13-261,2666.25,0,0,1
L13-261,2666.375,0,0,1
L13-261,2666.5,0,0,1
L13-261,2666.625,0,0,1
L13-261,2666.75,0,0,1
L13-261,2666.875,0,0,1
L13-261,2667,0,0,1
L13-261,2667.125,0,0,1
L13-261,2667.25,0,0,1
L13-261,2667.375,0,0,1
L13-261,2667.5,0,0,1
L13-261,2667.625,0,0,1
L13-261,2667.75,0,0,1
L13-261,2667.875,0,0,1
L13-261,2668,0,0,1
L13-261,2668.125,0,0,1
L13-261,2668.25,0,0,1
L13-261,2668.375,0,0,1
L13-261,2668.5,0,0,1
L13-261,2668.625,0,0,1
L13-261,2668.75,0,0,1
L13-261,2668.875,0,0,1
L13-261,2669,0,0,1
L13-261,2669.125,0,0,1
L13-261,2669.25,0,0,1
L13-261,2669.375,0,0,1
L13-261,2669.5,0,0,1
L13-261,2669.625,0,0,1
L13-261,2669.75,0,0,1
L13-261,2669.875,0,0,1
L13-261,2670,0,0,1
L13-261,2670.125,0,0,1
L13-261,2670.25,0,0,1
L13-261,2670.375,0,0,1
L13-261,2670.5,0,0,1
L13-261,2670.625,0,0,1
L13-261,2670.75,0,0,1
L13-261,2670.875,0,0,1
L13-261,2671,0,0,1
L13-261,2671.125,0,0,1
L13-261,2671.25,0,1,0
L13-261,2671.375,0,1,0
L13-261,2671.5,0,1,0
L13-261,2671.625,0,1,0
L13-261,2671.75,0,1,0
L13-261,2671.875,0,1,0
L13-261,2672,0,1,0
L13-261,2672.125,0,1,0
L13-261,2672.25,1,1,1
L13-261,2672.375,1,1,1
L13-261,2672.5,1,1,1
L13-261,2672.625,1,1,1
L13-261,2672.75,1,1,1
L13-261,2672.875,1,1,1
L13-261,2673,1,1,1
L13-261,2673.125,1,1,1
L13-261,2673.25,1,1,1
L13-261,2673.375,1,1,1
L13-261,2673.5,1,1,1
L13-261,2673.625,1,1,1
L13-261,2673.75,1,1,1
L13-261,2673.875,1,1,1
L13-261,2674,1,1,1
L13-261,2674.125,1,1,1
L13-261,2674.25,1,1,1
L13-261,2674.375,1,1,1
L13-261,2674.5,1,1,1
L13-261,2674.625,1,1,1
L13-261,2674.75,1,1,1
L13-261,2674.875,1,1,1
L13-261,2675,1,1,1
L13-261,2675.125,1,1,1
L13-261,2675.25,1,1,1
L13-261,2675.375,1,1,1
L13-261,2675.5,1,1,1
L13-261,2675.625,1,1,1
L13-261,2675.75,1,1,1
L13-261,2675.875,1,1,1
L13-261,2676,1,1,1
L13-261,2676.125,1,1,1
L13-261,2676.25,1,1,1
L13-261,2676.375,1,1,1
L13-261,2676.5,1,1,1
L13-261,2676.625,1,1,1
L13-261,2676.75,1,1,1
L13-261,2676.875,1,1,1
L13-261,2677,1,1,1
L13-261,2677.125,1,1,1
L13-261,2677.25,1,1,1
L13-261,2677.375,1,1,1
L13-261,2677.5,1,1,1
L13-261,2677.625,1,1,1
L13-261,2677.75,1,1,1
L13-261,2677.875,1,1,1
L13-261,2678,1,1,1
L13-261,2678.125,1,1,1
L13-261,2678.25,1,1,1
L13-261,2678.375,1,1,1
L13-261,2678.5,1,1,1
L13-261,2678.625,1,1,1
L13-261,2678.75,1,1,1
L13-261,2678.875,1,1,1
L13-261,2679,1,1,1
L13-261,2679.125,1,1,1
L13-261,2679.25,1,1,1
L13-261,2679.375,1,1,1
L13-261,2679.5,1,1,1
L13-261,2679.625,1,1,1
L13-261,2679.75,1,1,1
L13-261,2679.875,1,1,1
L13-261,2680,1,1,1
L13-261,2680.125,1,1,1
L13-261,2680.25,1,1,1
L13-261,2680.375,1,1,1
L13-261,2680.5,1,1,1
L13-261,2680.625,1,1,1
L13-261,2680.75,1,1,1
L13-261,2680.875,1,1,1
L13-261,2681,1,1,1
L13-261,2681.125,1,1,1
L13-261,2681.25,1,1,1
L13-261,2681.375,1,1,1
L13-261,2681.5,1,1,1
L13-261,2681.625,1,1,1
L13-261,2681.75,1,1,1
L13-261,2681.875,1,1,1
L13-261,2682,1,1,1
L13-261,2682.125,1,1,1
L13-261,2682.25,1,1,1
L13-261,2682.375,1,1,1
L13-261,2682.5,1,1,1
L13-261,2682.625,1,1,1
L13-261,2682.75,1,1,1
L13-261,2682.875,1,1,1
L13-261,2683,1,1,1
L13-261,2683.125,1,1,1
L13-261,2683.25,1,1,1
L13-261,2683.375,1,1,1
L13-261,2683.5,1,1,1
L13-261,2683.625,1,1,1
L13-261,2683.75,1,1,1
L13-261,2683.875,1,1,1
L13-261,2684,1,1,1
L13-261,2684.125,1,1,1
L13-261,2684.25,1,1,1
L13-261,2684.375,1,1,1
L13-261,2684.5,1,1,1
L13-261,2684.625,1,1,1
L13-261,2684.75,1,1,1
L13-261,2684.875,1,1,1
L13-261,2685,1,1,1
L13-261,2685.125,0,1,0
L13-261,2685.25,0,1,0
L13-261,2685.375,0,1,0
L13-261,2685.5,0,1,0
L13-261,2685.625,0,1,0
L13-261,2685.75,0,1,0
L13-261,2685.875,0,1,0
L13-261,2686,0,1,0
L13-261,2686.125,0,0,1
L13-261,2686.25,0,0,1
L13-261,2686.375,0,0,1
L13-261,2686.5,0,0,1
L13-261,2686.625,0,0,1
L13-261,2686.75,0,0,1
L13-261,2686.875,0,0,1
L13-261,2687,0,0,1
L13-261,2687.125,0,0,1
L13-261,2687.25,0,0,1
L13-261,2687.375,0,0,1
L13-261,2687.5,0,0,1
L13-261,2687.625,0,0,1
L13-261,2687.75,0,0,1
L13-261,2687.875,0,0,1
L13-261,2688,0,0,1
L13-261,2688.125,0,0,1
L13-261,2688.25,0,0,1
L13-261,2688.375,0,0,1
L13-261,2688.5,0,0,1
L13-261,2688.625,0,0,1
L13-261,2688.75,0,0,1
L13-261,2688.875,0,0,1
L13-261,2689,0,0,1
L13-261,2689.125,0,0,1
L13-261,2689.25,0,0,1
L13-261,2689.375,0,0,1
L13-261,2689.5,0,0,1
L13-261,2689.625,0,0,1
L13-261,2689.75,0,0,1
L13-261,2689.875,0,0,1
L13-261,2690,0,0,1
L13-261,2690.125,0,1,0
L13-261,2690.25,0,1,0
L13-261,2690.375,0,1,0
L13-261,2690.5,0,1,0
L13-261,2690.625,0,1,0
L13-261,2690.75,0,0,1
L13-261,2690.875,0,0,1
L13-261,2691,0,0,1
L13-261,2691.125,0,0,1
L13-261,2691.25,0,0,1
L13-261,2691.375,0,0,1
L13-261,2691.5,0,0,1
L13-261,2691.625,0,0,1
L13-261,2691.75,0,0,1
L13-261,2691.875,0,0,1
L13-261,2692,0,0,1
L13-261,2692.125,0,0,1
L13-261,2692.25,0,0,1
L13-261,2692.375,0,0,1
L13-261,2692.5,0,0,1
L13-261,2692.625,0,0,1
L13-261,2692.75,0,0,1
L13-261,2692.875,0,0,1
L13-261,2693,0,0,1
L13-261,2693.125,0,0,1
L13-261,2693.25,0,0,1
L13-261,2693.375,0,0,1
L13-261,2693.5,0,0,1
L13-261,2693.625,0,0,1
L13-261,2693.75,0,0,1
L13-261,2693.875,0,0,1
L13-261,2694,0,0,1
L13-261,2694.125,0,0,1
L13-261,2694.25,0,0,1
L13-261,2694.375,0,0,1
L13-261,2694.5,0,0,1
L13-261,2694.625,0,0,1
L13-261,2694.75,0,0,1
L13-261,2694.875,0,0,1
L13-261,2695,0,0,1
L13-261,2695.125,0,0,1
L13-261,2695.25,0,0,1
L13-261,2695.375,0,0,1
L13-261,2695.5,0,0,1
L13-261,2695.625,0,0,1
L13-261,2695.75,0,0,1
L13-261,2695.875,0,0,1
L13-261,2696,0,0,1
L13-261,2696.125,0,0,1
L13-261,2696.25,0,0,1
L13-261,2696.375,0,0,1
L13-261,2696.5,0,0,1
L13-261,2696.625,0,0,1
L13-261,2696.75,0,0,1
L13-261,2696.875,0,0,1
L13-261,2697,0,0,1
L13-261,2697.125,0,0,1
L13-261,2697.25,0,0,1
L13-261,2697.375,0,0,1
L13-261,2697.5,0,0,1
L13-261,2697.625,0,0,1
L13-261,2697.75,0,0,1
L13-261,2697.875,0,0,1
L13-261,2698,0,0,1
L13-261,2698.125,0,0,1
L13-261,2698.25,0,0,1
L13-261,2698.375,0,0,1
L13-261,2698.5,0,0,1
L13-261,2698.625,0,0,1
L13-261,2698.75,0,0,1
L13-261,2698.875,0,0,1
L13-261,2699,0,0,1
L13-261,2699.125,0,0,1
L13-261,2699.25,0,0,1
L13-261,2699.375,0,0,1
L13-261,2699.5,0,0,1
L13-261,2699.625,0,0,1
L13-261,2699.75,0,0,1
L13-261,2699.875,0,0,1
L13-261,2700,0,0,1
L13-261,2700.125,0,0,1
L13-261,2700.25,0,0,1
L13-261,2700.375,0,0,1
L13-261,2700.5,0,0,1
L13-261,2700.625,0,0,1
L13-261,2700.75,0,0,1
L13-261,2700.875,0,0,1
L13-261,2701,0,0,1
L13-261,2701.125,0,0,1
L13-261,2701.25,0,0,1
L13-261,2701.375,0,0,1
L13-261,2701.5,0,0,1
L13-261,2701.625,0,0,1
L13-261,2701.75,0,0,1
L13-261,2701.875,0,0,1
L13-261,2702,0,0,1
L13-261,2702.125,0,0,1
L13-261,2702.25,0,0,1
L13-261,2702.375,0,0,1
L13-261,2702.5,0,0,1
L13-261,2702.625,0,0,1
L13-261,2702.75,0,0,1
L13-261,2702.875,0,0,1
L13-261,2703,0,0,1
L13-261,2703.125,0,0,1
L13-261,2703.25,0,0,1
L13-261,2703.375,0,0,1
L13-261,2703.5,0,0,1
L13-261,2703.625,0,0,1
L13-261,2703.75,0,0,1
L13-261,2703.875,0,0,1
L13-261,2704,0,0,1
L13-261,2704.125,0,0,1
L13-261,2704.25,0,0,1
L13-261,2704.375,0,0,1
L13-261,2704.5,0,0,1
L13-261,2704.625,0,0,1
L13-261,2704.75,0,0,1
L13-261,2704.875,0,0,1
L13-261,2705,0,0,1
L13-261,2705.125,0,0,1
L13-261,2705.25,0,0,1
L13-261,2705.375,0,0,1
L13-261,2705.5,0,0,1
L13-261,2705.625,0,0,1
L13-261,2705.75,0,0,1
L13-261,2705.875,0,0,1
L13-261,2706,0,0,1
L13-261,2706.125,0,0,1
L13-261,2706.25,0,0,1
L13-261,2706.375,0,0,1
L13-261,2706.5,0,0,1
L13-261,2706.625,0,0,1
L13-261,2706.75,0,0,1
L13-261,2706.875,0,0,1
L13-261,2707,0,0,1
L13-261,2707.125,0,0,1
L13-261,2707.25,0,0,1
L13-261,2707.375,0,0,1
L13-261,2707.5,0,0,1
L13-261,2707.625,0,0,1
L13-261,2707.75,0,0,1
L13-261,2707.875,0,0,1
L13-261,2708,0,0,1
L13-261,2708.125,0,0,1
L13-261,2708.25,0,0,1
L13-261,2708.375,0,0,1
L13-261,2708.5,0,0,1
L13-261,2708.625,0,0,1
L13-261,2708.75,0,0,1
L13-261,2708.875,0,0,1
L13-261,2709,0,0,1
L13-261,2709.125,0,0,1
L13-261,2709.25,0,0,1
L13-261,2709.375,0,0,1
L13-261,2709.5,0,0,1
L13-261,2709.625,0,0,1
L13-261,2709.75,0,0,1
L13-261,2709.875,0,0,1
L13-261,2710,0,0,1
L13-261,2710.125,0,0,1
L13-261,2710.25,0,0,1
L13-261,2710.375,0,0,1
L13-261,2710.5,0,0,1
L13-261,2710.625,0,0,1
L13-261,2710.75,0,0,1
L13-261,2710.875,0,0,1
L13-261,2711,0,0,1
L13-261,2711.125,0,0,1
L13-261,2711.25,0,0,1
L13-261,2711.375,0,0,1
L13-261,2711.5,0,0,1
L13-261,2711.625,0,0,1
L13-261,2711.75,0,0,1
L13-261,2711.875,0,0,1
L13-261,2712,0,0,1
L13-261,2712.125,0,0,1
L13-261,2712.25,0,0,1
L13-261,2712.375,0,0,1
L13-261,2712.5,0,0,1
L13-261,2712.625,0,0,1
L13-261,2712.75,0,0,1
L13-261,2712.875,0,0,1
L13-261,2713,0,0,1
L13-261,2713.125,0,0,1
L13-261,2713.25,0,0,1
L13-261,2713.375,0,0,1
L13-261,2713.5,0,0,1
L13-261,2713.625,0,0,1
L13-261,2713.75,0,0,1
L13-261,2713.875,0,0,1
L13-261,2714,0,0,1
L13-261,2714.125,0,0,1
L13-261,2714.25,0,0,1
L13-261,2714.375,0,0,1
L13-261,2714.5,0,0,1
L13-261,2714.625,0,0,1
L13-261,2714.75,0,0,1
L13-261,2714.875,0,0,1
L13-261,2715,0,0,1
L13-261,2715.125,0,0,1
L13-261,2715.25,0,0,1
L13-261,2715.375,0,0,1
L13-261,2715.5,0,0,1
L13-261,2715.625,0,0,1
L13-261,2715.75,0,0,1
L13-261,2715.875,0,0,1
L13-261,2716,0,0,1
L13-261,2716.125,0,0,1
L13-261,2716.25,0,0,1
L13-261,2716.375,0,0,1
L13-261,2716.5,0,0,1
L13-261,2716.625,0,0,1
L13-261,2716.75,0,0,1
L13-261,2716.875,0,0,1
L13-261,2717,0,0,1
L13-261,2717.125,0,0,1
L13-261,2717.25,0,0,1
L13-261,2717.375,0,0,1
L13-261,2717.5,0,0,1
L13-261,2717.625,0,0,1
L13-261,2717.75,0,0,1
L13-261,2717.875,0,0,1
L13-261,2718,0,0,1
L13-261,2718.125,0,0,1
L13-261,2718.25,0,0,1
L13-261,2718.375,0,0,1
L13-261,2718.5,0,0,1
L13-261,2718.625,0,0,1
L13-261,2718.75,0,0,1
L13-261,2718.875,0,0,1
L13-261,2719,0,0,1
L13-261,2719.125,0,0,1
L13-261,2719.25,0,0,1
L13-261,2719.375,0,0,1
L13-261,2719.5,0,0,1
L13-261,2719.625,0,0,1
L13-261,2719.75,0,0,1
L13-261,2719.875,0,0,1
L13-261,2720,0,0,1
L13-261,2720.125,0,0,1
L13-261,2720.25,0,0,1
L13-261,2720.375,0,0,1
L13-261,2720.5,0,0,1
L13-261,2720.625,0,0,1
L13-261,2720.75,0,0,1
L13-261,2720.875,0,0,1
L13-261,2721,0,0,1
L13-261,2721.125,0,0,1
L13-261,2721.25,0,0,1
L13-261,2721.375,0,0,1
L13-261,2721.5,0,0,1
L13-261,2721.625,0,0,1
L13-261,2721.75,0,0,1
L13-261,2721.875,0,0,1
L13-261,2722,0,0,1
L13-261,2722.125,0,0,1
L13-261,2722.25,0,0,1
L13-261,2722.375,0,0,1
L13-261,2722.5,0,0,1
L13-261,2722.625,0,0,1
L13-261,2722.75,0,0,1
L13-261,2722.875,0,0,1
L13-261,2723,0,0,1
L13-261,2723.125,0,0,1
L13-261,2723.25,0,0,1
L13-261,2723.375,0,0,1
L13-261,2723.5,0,0,1
L13-261,2723.625,0,0,1
L13-261,2723.75,0,0,1
L13-261,2723.875,0,0,1
L13-261,2724,0,0,1
L13-261,2724.125,0,0,1
L13-261,2724.25,0,0,1
L13-261,2724.375,0,0,1
L13-261,2724.5,0,0,1
L13-261,2724.625,0,0,1
L13-261,2724.75,0,0,1
L13-261,2724.875,0,0,1
L13-261,2725,0,0,1
L13-261,2725.125,0,0,1
L13-261,2725.25,0,0,1
L13-261,2725.375,0,0,1
L13-261,2725.5,0,0,1
L13-261,2725.625,0,0,1
L13-261,2725.75,0,0,1
L13-261,2725.875,0,0,1
L13-261,2726,0,0,1
L13-261,2726.125,0,0,1
L13-261,2726.25,0,0,1
L13-261,2726.375,0,0,1
L13-261,2726.5,0,0,1
L13-261,2726.625,0,0,1
L13-261,2726.75,0,0,1
L13-261,2726.875,0,0,1
L13-261,2727,0,0,1
L13-261,2727.125,0,0,1
L13-261,2727.25,0,0,1
L13-261,2727.375,0,0,1
L13-261,2727.5,0,0,1
L13-261,2727.625,0,0,1
L13-261,2727.75,0,0,1
L13-261,2727.875,0,0,1
L13-261,2728,0,0,1
L13-261,2728.125,0,0,1
L13-261,2728.25,0,0,1
L13-261,2728.375,0,0,1
L13-261,2728.5,0,0,1
L13-261,2728.625,0,0,1
L13-261,2728.75,0,0,1
L13-261,2728.875,0,0,1
L13-261,2729,0,0,1
L13-261,2729.125,0,0,1
L13-261,2729.25,0,0,1
L13-261,2729.375,0,0,1
L13-261,2729.5,0,0,1
L13-261,2729.625,0,0,1
L13-261,2729.75,0,0,1
L13-261,2729.875,0,0,1
L13-261,2730,0,0,1
L13-261,2730.125,0,0,1
L13-261,2730.25,0,0,1
L13-261,2730.375,0,0,1
L13-261,2730.5,0,0,1
L13-261,2730.625,0,0,1
L13-261,2730.75,0,0,1
L13-261,2730.875,0,0,1
L13-261,2731,0,0,1
L13-261,2731.125,0,0,1
L13-261,2731.25,0,0,1
L13-261,2731.375,0,0,1
L13-261,2731.5,0,0,1
L13-261,2731.625,0,0,1
L13-261,2731.75,0,0,1
L13-261,2731.875,0,0,1
L13-261,2732,0,0,1
L13-261,2732.125,0,0,1
L13-261,2732.25,0,0,1
L13-261,2732.375,0,0,1
L13-261,2732.5,0,0,1
L13-261,2732.625,0,0,1
L13-261,2732.75,0,0,1
L13-261,2732.875,0,0,1
L13-261,2733,0,0,1
L13-261,2733.125,0,0,1
L13-261,2733.25,0,0,1
L13-261,2733.375,0,0,1
L13-261,2733.5,0,0,1
L13-261,2733.625,0,0,1
L13-261,2733.75,0,0,1
L13-261,2733.875,0,0,1
L13-261,2734,0,0,1
L13-261,2734.125,0,0,1
L13-261,2734.25,0,0,1
L13-261,2734.375,0,0,1
L13-261,2734.5,0,0,1
L13-261,2734.625,0,0,1
L13-261,2734.75,0,0,1
L13-261,2734.875,0,0,1
L13-261,2735,0,0,1
L13-261,2735.125,0,0,1
L13-261,2735.25,0,0,1
L13-261,2735.375,0,0,1
L13-261,2735.5,0,0,1
L13-261,2735.625,0,0,1
L13-261,2735.75,0,0,1
L13-261,2735.875,0,0,1
L13-261,2736,0,1,0
L13-261,2736.125,0,1,0
L13-261,2736.25,0,1,0
L13-261,2736.375,0,1,0
L13-261,2736.5,0,1,0
L13-261,2736.625,0,1,0
L13-261,2736.75,0,1,0
L13-261,2736.875,0,1,0
L13-261,2737,0,1,0
L13-261,2737.125,0,1,0
L13-261,2737.25,3,1,0
L13-261,2737.375,3,1,0
L13-261,2737.5,3,1,0
L13-261,2737.625,3,1,0
L13-261,2737.75,3,1,0
L13-261,2737.875,3,1,0
L13-261,2738,3,1,0
L13-261,2738.125,3,1,0
L13-261,2738.25,3,1,0
L13-261,2738.375,3,1,0
L13-261,2738.5,3,1,0
L13-261,2738.625,3,1,0
L13-261,2738.75,3,1,0
L13-261,2738.875,3,1,0
L13-261,2739,0,1,0
L13-261,2739.125,0,1,0
L13-261,2739.25,0,1,0
L13-261,2739.375,0,1,0
L13-261,2739.5,0,1,0
L13-261,2739.625,0,1,0
L13-261,2739.75,0,1,0
L13-261,2739.875,0,1,0
L13-261,2740,0,1,0
L13-261,2740.125,0,1,0
L13-261,2740.25,0,1,0
L13-261,2740.375,0,1,0
L13-261,2740.5,0,1,0
L13-261,2740.625,0,1,0
L13-261,2740.75,0,1,0
L13-261,2740.875,0,1,0
L13-261,2741,0,1,0
L13-261,2741.125,0,1,0
L13-261,2741.25,0,1,0
L13-261,2741.375,0,1,0
L13-261,2741.5,0,1,0
L13-261,2741.625,0,1,0
L13-261,2741.75,0,1,0
L13-261,2741.875,0,1,0
L13-261,2742,0,1,0
L13-261,2742.125,0,1,0
L13-261,2742.25,0,1,0
L13-261,2742.375,0,1,0
L13-261,2742.5,0,1,0
L13-261,2742.625,0,1,0
L13-261,2742.75,0,1,0
L13-261,2742.875,0,1,0
L13-261,2743,0,1,0
L13-261,2743.125,0,1,0
L13-261,2743.25,0,1,0
L13-261,2743.375,0,1,0
L13-261,2743.5,0,1,0
L13-261,2743.625,0,1,0
L13-261,2743.75,0,1,0
L13-261,2743.875,0,1,0
L13-261,2744,0,1,0
L13-261,2744.125,0,1,0
L13-261,2744.25,0,1,0
L13-261,2744.375,0,1,0
L13-261,2744.5,0,1,0
L13-261,2744.625,0,1,0
L13-261,2744.75,0,1,0
L13-261,2744.875,0,1,0
L13-261,2745,0,1,0
L13-261,2745.125,0,1,0
L13-261,2745.25,0,1,0
L13-261,2745.375,0,1,0
L13-261,2745.5,0,1,0
L13-261,2745.625,0,1,0
L13-261,2745.75,0,1,0
L13-261,2745.875,0,1,0
L13-261,2746,0,1,0
L13-261,2746.125,0,1,0
L13-261,2746.25,0,1,0
L13-261,2746.375,0,1,0
L13-261,2746.5,0,1,0
L13-261,2746.625,0,1,0
L13-261,2746.75,0,0,1
L13-261,2746.875,0,0,1
L13-261,2747,0,0,1
L13-261,2747.125,0,0,1
L13-261,2747.25,0,0,1
L13-261,2747.375,0,0,1
L13-261,2747.5,0,0,1
L13-261,2747.625,0,0,1
L13-261,2747.75,0,0,1
L13-261,2747.875,0,0,1
L13-261,2748,0,0,1
L13-261,2748.125,0,0,1
L13-261,2748.25,0,0,1
L13-261,2748.375,0,0,1
L13-261,2748.5,0,0,1
L13-261,2748.625,0,0,1
L13-261,2748.75,0,0,1
L13-261,2748.875,0,0,1
L13-261,2749,0,0,1
L13-261,2749.125,0,0,1
L13-261,2749.25,0,0,1
L13-261,2749.375,0,0,1
L13-261,2749.5,0,0,1
L13-261,2749.625,0,0,1
L13-261,2749.75,0,0,1
L13-261,2749.875,0,0,1
L13-261,2750,0,0,1
L13-261,2750.125,0,0,1
L13-261,2750.25,0,0,1
L13-261,2750.375,0,0,1
L13-261,2750.5,0,0,1
L13-261,2750.625,0,0,1
L13-261,2750.75,0,0,1
L13-261,2750.875,0,0,1
L13-261,2751,0,0,1
L13-261,2751.125,0,0,1
L13-261,2751.25,0,0,1
L13-261,2751.375,0,0,1
L13-261,2751.5,0,0,1
L13-261,2751.625,0,0,1
L13-261,2751.75,0,0,1
L13-261,2751.875,0,0,1
L13-261,2752,0,0,1
L13-261,2752.125,0,0,1
L13-261,2752.25,0,0,1
L13-261,2752.375,0,0,1
L13-261,2752.5,0,0,1
L13-261,2752.625,0,0,1
L13-261,2752.75,0,0,1
L13-261,2752.875,0,0,1
L13-261,2753,0,0,1
L13-261,2753.125,0,0,1
L13-261,2753.25,0,0,1
L13-261,2753.375,0,0,1
L13-261,2753.5,0,0,1
L13-261,2753.625,0,0,1
L13-261,2753.75,0,0,1
L13-261,2753.875,0,0,1
L13-261,2754,0,0,1
L13-261,2754.125,0,0,1
L13-261,2754.25,0,0,1
L13-261,2754.375,0,0,1
L13-261,2754.5,0,0,1
L13-261,2754.625,0,0,1
L13-261,2754.75,0,0,1
L13-261,2754.875,0,0,1
L13-261,2755,0,0,1
L13-261,2755.125,0,0,1
L13-261,2755.25,0,0,1
L13-261,2755.375,0,0,1
L13-261,2755.5,0,0,1
L13-261,2755.625,0,0,1
L13-261,2755.75,0,0,1
L13-261,2755.875,0,0,1
L13-261,2756,0,0,1
L13-261,2756.125,0,0,1
L13-261,2756.25,0,0,1
L13-261,2756.375,0,0,1
L13-261,2756.5,0,0,1
L13-261,2756.625,0,0,1
L13-261,2756.75,0,0,1
L13-261,2756.875,0,0,1
L13-261,2757,0,0,1
L13-261,2757.125,0,0,1
L13-261,2757.25,0,0,1
L13-261,2757.375,0,0,1
L13-261,2757.5,0,0,1
L13-261,2757.625,0,0,1
L13-261,2757.75,0,0,1
L13-261,2757.875,0,0,1
L13-261,2758,0,0,1
L13-261,2758.125,0,0,1
L13-261,2758.25,0,0,1
L13-261,2758.375,0,0,1
L13-261,2758.5,0,0,1
L13-261,2758.625,0,0,1
L13-261,2758.75,0,0,1
L13-261,2758.875,0,0,1
L13-261,2759,0,0,1
L13-261,2759.125,0,0,1
L13-261,2759.25,0,0,1
L13-261,2759.375,0,0,1
L13-261,2759.5,0,0,1
L13-261,2759.625,0,0,1
L13-261,2759.75,0,0,1
L13-261,2759.875,0,0,1
L13-261,2760,0,0,1
L13-261,2760.125,0,0,1
L13-261,2760.25,0,0,1
L13-261,2760.375,0,0,1
L13-261,2760.5,0,0,1
L13-261,2760.625,0,0,1
L13-261,2760.75,0,0,1
L13-261,2760.875,0,0,1
L13-261,2761,0,0,1
L13-261,2761.125,0,0,1
L13-261,2761.25,0,0,1
L13-261,2761.375,0,0,1
L13-261,2761.5,0,0,1
L13-261,2761.625,0,0,1
L13-261,2761.75,0,0,1
L13-261,2761.875,0,0,1
L13-261,2762,0,0,1
L13-261,2762.125,0,0,1
L13-261,2762.25,0,0,1
L13-261,2762.375,0,0,1
L13-261,2762.5,0,0,1
L13-261,2762.625,0,0,1
L13-261,2762.75,0,0,1
L13-261,2762.875,0,0,1
L13-261,2763,0,0,1
L13-261,2763.125,0,0,1
L13-261,2763.25,0,0,1
L13-261,2763.375,0,0,1
L13-261,2763.5,0,0,1
L13-261,2763.625,0,0,1
L13-261,2763.75,0,0,1
L13-261,2763.875,0,0,1
L13-261,2764,0,0,1
L13-261,2764.125,0,0,1
L13-261,2764.25,0,0,1
L13-261,2764.375,0,0,1
L13-261,2764.5,0,0,1
L13-261,2764.625,0,0,1
L13-261,2764.75,0,0,1
L13-261,2764.875,0,0,1
L13-261,2765,0,0,1
L13-261,2765.125,0,0,1
L13-261,2765.25,0,0,1
L13-261,2765.375,0,0,1
L13-261,2765.5,0,0,1
L13-261,2765.625,0,0,1
L13-261,2765.75,0,0,1
L13-261,2765.875,0,0,1
L13-261,2766,0,0,1
L13-261,2766.125,0,0,1
L13-261,2766.25,0,0,1
L13-261,2766.375,0,0,1
L13-261,2766.5,0,0,1
L13-261,2766.625,0,0,1
L13-261,2766.75,0,0,1
L13-261,2766.875,0,0,1
L13-261,2767,0,0,1
L13-261,2767.125,0,0,1
L13-261,2767.25,0,0,1
L13-261,2767.375,0,0,1
L13-261,2767.5,0,0,1
L13-261,2767.625,0,0,1
L13-261,2767.75,0,0,1
L13-261,2767.875,0,0,1
L13-261,2768,0,0,1
L13-261,2768.125,0,0,1
L13-261,2768.25,0,0,1
L13-261,2768.375,0,0,1
L13-261,2768.5,0,0,1
L13-261,2768.625,0,0,1
L13-261,2768.75,0,0,1
L13-261,2768.875,0,0,1
L13-261,2769,0,0,1
L13-261,2769.125,0,0,1
L13-261,2769.25,0,0,1
L13-261,2769.375,0,0,1
L13-261,2769.5,0,0,1
L13-261,2769.625,0,0,1
L13-261,2769.75,0,0,1
L13-261,2769.875,0,0,1
L13-261,2770,0,0,1
L13-261,2770.125,0,0,1
L13-261,2770.25,0,0,1
L13-261,2770.375,0,0,1
L13-261,2770.5,0,0,1
L13-261,2770.625,0,0,1
L13-261,2770.75,0,0,1
L13-261,2770.875,0,0,1
L13-261,2771,0,0,1
L13-261,2771.125,0,0,1
L13-261,2771.25,0,0,1
L13-261,2771.375,0,0,1
L13-261,2771.5,0,0,1
L13-261,2771.625,0,0,1
L13-261,2771.75,0,0,1
L13-261,2771.875,0,0,1
L13-261,2772,0,0,1
L13-261,2772.125,0,0,1
L13-261,2772.25,0,0,1
L13-261,2772.375,0,0,1
L13-261,2772.5,0,0,1
L13-261,2772.625,0,0,1
L13-261,2772.75,0,0,1
L13-261,2772.875,0,0,1
L13-261,2773,0,0,1
L13-261,2773.125,0,0,1
L13-261,2773.25,0,0,1
L13-261,2773.375,0,0,1
L13-261,2773.5,0,0,1
L13-261,2773.625,0,0,1
L13-261,2773.75,0,0,1
L13-261,2773.875,0,0,1
L13-261,2774,0,0,1
L13-261,2774.125,0,0,1
L13-261,2774.25,0,0,1
L13-261,2774.375,0,0,1
L13-261,2774.5,0,0,1
L13-261,2774.625,0,0,1
L13-261,2774.75,0,0,1
L13-261,2774.875,0,0,1
L13-261,2775,0,0,1
L13-261,2775.125,0,0,1
L13-261,2775.25,0,0,1
L13-261,2775.375,0,0,1
L13-261,2775.5,0,0,1
L13-261,2775.625,0,0,1
L13-261,2775.75,0,0,1
L13-261,2775.875,0,0,1
L13-261,2776,0,0,1
L13-261,2776.125,0,0,1
L13-261,2776.25,0,0,1
L13-261,2776.375,0,0,1
L13-261,2776.5,0,0,1
L13-261,2776.625,0,0,1
L13-261,2776.75,0,0,1
L13-261,2776.875,0,0,1
L13-261,2777,0,0,1
L13-261,2777.125,0,0,1
L13-261,2777.25,0,0,1
L13-261,2777.375,0,0,1
L13-261,2777.5,0,0,1
L13-261,2777.625,0,0,1
L13-261,2777.75,0,0,1
L13-261,2777.875,0,0,1
L13-261,2778,0,0,1
L13-261,2778.125,0,0,1
L13-261,2778.25,0,0,1
L13-261,2778.375,0,0,1
L13-261,2778.5,0,0,1
L13-261,2778.625,0,0,1
L13-261,2778.75,0,0,1
L13-261,2778.875,0,0,1
L13-261,2779,0,0,1
L13-261,2779.125,0,0,1
L13-261,2779.25,0,0,1
L13-261,2779.375,0,0,1
L13-261,2779.5,0,0,1
L13-261,2779.625,0,0,1
L13-261,2779.75,0,0,1
L13-261,2779.875,0,0,1
L13-261,2780,0,0,1
L13-261,2780.125,0,0,1
L13-261,2780.25,0,0,1
L13-261,2780.375,0,0,1
L13-261,2780.5,0,0,1
L13-261,2780.625,0,0,1
L13-261,2780.75,0,0,1
L13-261,2780.875,0,0,1
L13-261,2781,0,0,1
L13-261,2781.125,0,0,1
L13-261,2781.25,0,0,1
L13-261,2781.375,0,0,1
L13-261,2781.5,0,0,1
L13-261,2781.625,0,0,1
L13-261,2781.75,0,0,1
L13-261,2781.875,0,0,1
L13-261,2782,0,0,1
L13-261,2782.125,0,0,1
L13-261,2782.25,0,0,1
L13-261,2782.375,0,0,1
L13-261,2782.5,0,0,1
L13-261,2782.625,0,0,1
L13-261,2782.75,0,0,1
L13-261,2782.875,0,0,1
L13-261,2783,0,0,1
L13-261,2783.125,0,0,1
L13-261,2783.25,0,0,1
L13-261,2783.375,0,0,1
L13-261,2783.5,0,0,1
L13-261,2783.625,0,0,1
L13-261,2783.75,0,0,1
L13-261,2783.875,0,0,1
L13-261,2784,0,0,1
L13-261,2784.125,0,0,1
L13-261,2784.25,0,0,1
L13-261,2784.375,0,0,1
L13-261,2784.5,0,0,1
L13-261,2784.625,0,0,1
L13-261,2784.75,0,0,1
L13-261,2784.875,0,0,1
L13-261,2785,0,0,1
L13-261,2785.125,0,0,1
L13-261,2785.25,0,0,1
L13-261,2785.375,0,0,1
L13-261,2785.5,0,0,1
L13-261,2785.625,0,0,1
L13-261,2785.75,0,0,1
L13-261,2785.875,0,0,1
L13-261,2786,0,0,1
L13-261,2786.125,0,0,1
L13-261,2786.25,0,0,1
L13-261,2786.375,0,0,1
L13-261,2786.5,0,0,1
L13-261,2786.625,0,0,1
L13-261,2786.75,0,0,1
L13-261,2786.875,0,0,1
L13-261,2787,0,0,1
L13-261,2787.125,0,0,1
L13-261,2787.25,0,0,1
L13-261,2787.375,0,0,1
L13-261,2787.5,0,0,1
L13-261,2787.625,0,0,1
L13-261,2787.75,0,0,1
L13-261,2787.875,0,0,1
L13-261,2788,0,0,1
L13-261,2788.125,0,0,1
L13-261,2788.25,0,0,1
L13-261,2788.375,0,0,1
L13-261,2788.5,0,0,1
L13-261,2788.625,0,0,1
L13-261,2788.75,0,0,1
L13-261,2788.875,0,0,1
L13-261,2789,0,0,1
L13-261,2789.125,0,0,1
L13-261,2789.25,0,0,1
L13-261,2789.375,0,0,1
L13-261,2789.5,0,0,1
L13-261,2789.625,0,0,1
L13-261,2789.75,0,0,1
L13-261,2789.875,0,0,1
L13-261,2790,0,0,1
L13-261,2790.125,0,0,1
L13-261,2790.25,0,0,1
L13-261,2790.375,0,0,1
L13-261,2790.5,0,0,1
L13-261,2790.625,0,0,1
L13-261,2790.75,0,0,1
L13-261,2790.875,0,0,1
L13-261,2791,0,0,1
L13-261,2791.125,0,0,1
L13-261,2791.25,0,0,1
L13-261,2791.375,0,0,1
L13-261,2791.5,0,0,1
L13-261,2791.625,0,0,1
L13-261,2791.75,0,1,0
L13-261,2791.875,0,1,0
L13-261,2792,1,1,1
L13-261,2792.125,1,1,1
L13-261,2792.25,1,1,1
L13-261,2792.375,1,1,1
L13-261,2792.5,1,1,1
L13-261,2792.625,1,1,1
L13-261,2792.75,1,1,1
L13-261,2792.875,1,1,1
L13-261,2793,1,1,1
L13-261,2793.125,1,1,1
L13-261,2793.25,1,1,1
L13-261,2793.375,1,1,1
L13-261,2793.5,1,1,1
L13-261,2793.625,1,1,1
L13-261,2793.75,1,1,1
L13-261,2793.875,1,1,1
L13-261,2794,1,1,1
L13-261,2794.125,1,1,1
L13-261,2794.25,1,1,1
L13-261,2794.375,1,1,1
L13-261,2794.5,1,1,1
L13-261,2794.625,1,1,1
L13-261,2794.75,1,1,1
L13-261,2794.875,1,1,1
L13-261,2795,1,1,1
L13-261,2795.125,1,1,1
L13-261,2795.25,1,1,1
L13-261,2795.375,1,1,1
L13-261,2795.5,1,1,1
L13-261,2795.625,1,1,1
L13-261,2795.75,1,1,1
L13-261,2795.875,1,1,1
L13-261,2796,1,1,1
L13-261,2796.125,1,1,1
L13-261,2796.25,1,1,1
L13-261,2796.375,1,1,1
L13-261,2796.5,1,1,1
L13-261,2796.625,1,1,1
L13-261,2796.75,1,1,1
L13-261,2796.875,1,1,1
L13-261,2797,1,1,1
L13-261,2797.125,1,1,1
L13-261,2797.25,1,1,1
L13-261,2797.375,1,1,1
L13-261,2797.5,1,1,1
L13-261,2797.625,1,1,1
L13-261,2797.75,1,1,1
L13-261,2797.875,1,1,1
L13-261,2798,1,1,1
L13-261,2798.125,1,1,1
L13-261,2798.25,1,1,1
L13-261,2798.375,1,1,1
L13-261,2798.5,1,1,1
L13-261,2798.625,1,1,1
L13-261,2798.75,1,1,1
L13-261,2798.875,1,1,1
L13-261,2799,1,1,1
L13-261,2799.125,1,1,1
L13-261,2799.25,1,1,1
L13-261,2799.375,1,1,1
L13-261,2799.5,1,1,1
L13-261,2799.625,1,1,1
L13-261,2799.75,1,1,1
L13-261,2799.875,1,1,1
L13-261,2800,1,1,1
L13-261,2800.125,1,1,1
L13-261,2800.25,1,1,1
L13-261,2800.375,1,1,1
L13-261,2800.5,1,1,1
L13-261,2800.625,1,1,1
L13-261,2800.75,1,1,1
L13-261,2800.875,1,1,1
L13-261,2801,1,1,1
L13-261,2801.125,1,1,1
L13-261,2801.25,1,1,1
L13-261,2801.375,1,1,1
L13-261,2801.5,1,1,1
L13-261,2801.625,1,1,1
L13-261,2801.75,1,1,1
L13-261,2801.875,1,1,1
L13-261,2802,1,1,1
L13-261,2802.125,1,1,1
L13-261,2802.25,1,1,1
L13-261,2802.375,1,1,1
L13-261,2802.5,1,1,1
L13-261,2802.625,1,1,1
L13-261,2802.75,1,1,1
L13-261,2802.875,1,1,1
L13-261,2803,1,1,1
L13-261,2803.125,1,1,1
L13-261,2803.25,1,1,1
L13-261,2803.375,1,1,1
L13-261,2803.5,1,1,1
L13-261,2803.625,1,1,1
L13-261,2803.75,1,1,1
L13-261,2803.875,1,1,1
L13-261,2804,0,1,0
L13-261,2804.125,0,1,0
L13-261,2804.25,0,1,0
L13-261,2804.375,0,1,0
L13-261,2804.5,0,1,0
L13-261,2804.625,0,1,0
L13-261,2804.75,0,1,0
L13-261,2804.875,0,1,0
L13-261,2805,0,1,0
L13-261,2805.125,0,1,0
L13-261,2805.25,0,1,0
L13-261,2805.375,0,1,0
L13-261,2805.5,0,1,0
L13-261,2805.625,0,0,1
L13-261,2805.75,0,0,1
L13-261,2805.875,0,0,1
L13-261,2806,0,0,1
L13-261,2806.125,0,0,1
L13-261,2806.25,0,0,1
L13-261,2806.375,0,0,1
L13-261,2806.5,0,0,1
L13-261,2806.625,0,0,1
L13-261,2806.75,0,0,1
L13-261,2806.875,0,0,1
L13-261,2807,0,0,1
L13-261,2807.125,0,0,1
L13-261,2807.25,0,0,1
L13-261,2807.375,0,0,1
L13-261,2807.5,0,0,1
L13-261,2807.625,0,0,1
L13-261,2807.75,0,0,1
L13-261,2807.875,0,0,1
L13-261,2808,0,0,1
L13-261,2808.125,0,0,1
L13-261,2808.25,0,0,1
L13-261,2808.375,0,0,1
L13-261,2808.5,0,0,1
L13-261,2808.625,0,0,1
L13-261,2808.75,0,0,1
L13-261,2808.875,0,0,1
L13-261,2809,0,0,1
L13-261,2809.125,0,0,1
L13-261,2809.25,0,0,1
L13-261,2809.375,0,0,1
L13-261,2809.5,0,0,1
L13-261,2809.625,0,0,1
L13-261,2809.75,0,0,1
L13-261,2809.875,0,0,1
L13-261,2810,0,0,1
L13-261,2810.125,0,0,1
L13-261,2810.25,0,0,1
L13-261,2810.375,0,0,1
L13-261,2810.5,0,0,1
L13-261,2810.625,0,0,1
L13-261,2810.75,0,0,1
L13-261,2810.875,0,0,1
L13-261,2811,0,0,1
L13-261,2811.125,0,0,1
L13-261,2811.25,0,0,1
L13-261,2811.375,0,0,1
L13-261,2811.5,0,0,1
L13-261,2811.625,0,0,1
L13-261,2811.75,0,0,1
L13-261,2811.875,0,0,1
L13-261,2812,1,0,0
L13-261,2812.125,1,0,0
L13-261,2812.25,1,0,0
L13-261,2812.375,1,0,0
L13-261,2812.5,1,0,0
L13-261,2812.625,1,0,0
L13-261,2812.75,1,0,0
L13-261,2812.875,1,0,0
L13-261,2813,1,0,0
L13-261,2813.125,1,0,0
L13-261,2813.25,1,0,0
L13-261,2813.375,1,0,0
L13-261,2813.5,1,0,0
L13-261,2813.625,1,0,0
L13-261,2813.75,1,0,0
L13-261,2813.875,1,0,0
L13-261,2814,1,0,0
L13-261,2814.125,1,0,0
L13-261,2814.25,1,0,0
L13-261,2814.375,1,0,0
L13-261,2814.5,1,0,0
L13-261,2814.625,1,0,0
L13-261,2814.75,1,0,0
L13-261,2814.875,1,0,0
L13-261,2815,1,0,0
L13-261,2815.125,1,0,0
L13-261,2815.25,1,0,0
L13-261,2815.375,1,0,0
L13-261,2815.5,1,0,0
L13-261,2815.625,1,0,0
L13-261,2815.75,1,0,0
L13-261,2815.875,1,0,0
L13-261,2816,1,0,0
L13-261,2816.125,1,0,0
L13-261,2816.25,1,0,0
L13-261,2816.375,1,0,0
L13-261,2816.5,1,0,0
L13-261,2816.625,1,0,0
L13-261,2816.75,1,0,0
L13-261,2816.875,1,0,0
L13-261,2817,1,0,0
L13-261,2817.125,1,0,0
L13-261,2817.25,1,0,0
L13-261,2817.375,1,0,0
L13-261,2817.5,1,0,0
L13-261,2817.625,1,0,0
L13-261,2817.75,1,0,0
L13-261,2817.875,1,0,0
L13-261,2818,1,0,0
L13-261,2818.125,0,0,1
L13-261,2818.25,0,0,1
L13-261,2818.375,0,0,1
L13-261,2818.5,0,0,1
L13-261,2818.625,0,0,1
L13-261,2818.75,0,0,1
L13-261,2818.875,0,0,1
L13-261,2819,0,0,1
L13-261,2819.125,0,0,1
L13-261,2819.25,0,0,1
L13-261,2819.375,0,0,1
L13-261,2819.5,0,0,1
L13-261,2819.625,0,0,1
L13-261,2819.75,0,0,1
L13-261,2819.875,0,0,1
L13-261,2820,0,0,1
L13-261,2820.125,0,0,1
L13-261,2820.25,0,0,1
L13-261,2820.375,0,0,1
L13-261,2820.5,0,0,1
L13-261,2820.625,0,0,1
L13-261,2820.75,0,0,1
L13-261,2820.875,0,0,1
L13-261,2821,0,0,1
L13-261,2821.125,0,0,1
L13-261,2821.25,0,0,1
L13-261,2821.375,0,0,1
L13-261,2821.5,0,0,1
L13-261,2821.625,0,0,1
L13-261,2821.75,0,0,1
L13-261,2821.875,0,0,1
L13-261,2822,0,0,1
L13-261,2822.125,0,0,1
L13-261,2822.25,0,0,1
L13-261,2822.375,0,0,1
L13-261,2822.5,0,0,1
L13-261,2822.625,0,0,1
L13-261,2822.75,0,0,1
L13-261,2822.875,0,0,1
L13-261,2823,0,0,1
L13-261,2823.125,0,0,1
L13-261,2823.25,0,0,1
L13-261,2823.375,0,0,1
L13-261,2823.5,0,0,1
L13-261,2823.625,0,0,1
L13-261,2823.75,0,0,1
L13-261,2823.875,0,0,1
L13-261,2824,0,0,1
L13-261,2824.125,0,0,1
L13-261,2824.25,0,0,1
L13-261,2824.375,0,0,1
L13-261,2824.5,0,0,1
L13-261,2824.625,0,0,1
L13-261,2824.75,0,0,1
L13-261,2824.875,0,0,1
L13-261,2825,0,0,1
L13-261,2825.125,0,0,1
L13-261,2825.25,0,0,1
L13-261,2825.375,0,0,1
L13-261,2825.5,0,0,1
L13-261,2825.625,0,0,1
L13-261,2825.75,0,0,1
L13-261,2825.875,0,0,1
L13-261,2826,0,0,1
L13-261,2826.125,0,0,1
L13-261,2826.25,0,0,1
L13-261,2826.375,0,0,1
L13-261,2826.5,0,0,1
L13-261,2826.625,0,0,1
L13-261,2826.75,0,0,1
L13-261,2826.875,0,0,1
L13-261,2827,0,0,1
L13-261,2827.125,0,0,1
L13-261,2827.25,0,0,1
L13-261,2827.375,0,0,1
L13-261,2827.5,0,0,1
L13-261,2827.625,0,0,1
L13-261,2827.75,0,0,1
L13-261,2827.875,0,0,1
L13-261,2828,0,0,1
L13-261,2828.125,0,0,1
L13-261,2828.25,0,0,1
L13-261,2828.375,0,0,1
L13-261,2828.5,0,0,1
L13-261,2828.625,0,0,1
L13-261,2828.75,0,0,1
L13-261,2828.875,0,0,1
L13-261,2829,0,0,1
L13-261,2829.125,0,0,1
L13-261,2829.25,0,0,1
L13-261,2829.375,0,0,1
L13-261,2829.5,0,0,1
L13-261,2829.625,0,0,1
L13-261,2829.75,0,0,1
L13-261,2829.875,0,0,1
L13-261,2830,0,0,1
L13-261,2830.125,1,0,0
L13-261,2830.25,1,0,0
L13-261,2830.375,1,0,0
L13-261,2830.5,1,0,0
L13-261,2830.625,1,0,0
L13-261,2830.75,1,0,0
L13-261,2830.875,1,0,0
L13-261,2831,1,0,0
L13-261,2831.125,1,0,0
L13-261,2831.25,1,0,0
L13-261,2831.375,1,0,0
L13-261,2831.5,1,0,0
L13-261,2831.625,1,0,0
L13-261,2831.75,1,0,0
L13-261,2831.875,1,0,0
L13-261,2832,1,0,0
L13-261,2832.125,1,0,0
L13-261,2832.25,1,0,0
L13-261,2832.375,1,0,0
L13-261,2832.5,1,0,0
L13-261,2832.625,1,0,0
L13-261,2832.75,1,0,0
L13-261,2832.875,1,0,0
L13-261,2833,1,0,0
L13-261,2833.125,1,0,0
L13-261,2833.25,0,0,1
L13-261,2833.375,0,0,1
L13-261,2833.5,0,0,1
L13-261,2833.625,0,0,1
L13-261,2833.75,0,0,1
L13-261,2833.875,0,0,1
L13-261,2834,0,0,1
L13-261,2834.125,0,0,1
L13-261,2834.25,0,0,1
L13-261,2834.375,0,0,1
L13-261,2834.5,0,0,1
L13-261,2834.625,0,0,1
L13-261,2834.75,0,0,1
L13-261,2834.875,0,0,1
L13-261,2835,0,0,1
L13-261,2835.125,0,0,1
L13-261,2835.25,0,0,1
L13-261,2835.375,0,0,1
L13-261,2835.5,0,0,1
L13-261,2835.625,0,0,1
L13-261,2835.75,0,0,1
L13-261,2835.875,0,0,1
L13-261,2836,0,0,1
L13-261,2836.125,0,0,1
L13-261,2836.25,0,0,1
L13-261,2836.375,0,0,1
L13-261,2836.5,0,0,1
L13-261,2836.625,0,0,1
L13-261,2836.75,0,0,1
L13-261,2836.875,0,0,1
L13-261,2837,0,0,1
L13-261,2837.125,0,0,1
L13-261,2837.25,0,0,1
L13-261,2837.375,0,0,1
L13-261,2837.5,0,0,1
L13-261,2837.625,0,0,1
L13-261,2837.75,0,0,1
L13-261,2837.875,0,0,1
L13-261,2838,0,0,1
L13-261,2838.125,0,0,1
L13-261,2838.25,0,0,1
L13-261,2838.375,0,0,1
L13-261,2838.5,0,0,1
L13-261,2838.625,0,0,1
L13-261,2838.75,0,0,1
L13-261,2838.875,0,0,1
L13-261,2839,0,0,1
L13-261,2839.125,0,0,1
L13-261,2839.25,1,0,0
L13-261,2839.375,1,0,0
L13-261,2839.5,1,0,0
L13-261,2839.625,1,0,0
L13-261,2839.75,1,0,0
L13-261,2839.875,1,0,0
L13-261,2840,1,0,0
L13-261,2840.125,1,0,0
L13-261,2840.25,1,0,0
L13-261,2840.375,1,0,0
L13-261,2840.5,1,0,0
L13-261,2840.625,1,0,0
L13-261,2840.75,1,0,0
L13-261,2840.875,1,0,0
L13-261,2841,1,0,0
L13-261,2841.125,1,0,0
L13-261,2841.25,1,0,0
L13-261,2841.375,1,0,0
L13-261,2841.5,1,0,0
L13-261,2841.625,1,0,0
L13-261,2841.75,1,0,0
L13-261,2841.875,1,0,0
L13-261,2842,1,0,0
L13-261,2842.125,1,0,0
L13-261,2842.25,1,0,0
L13-261,2842.375,1,0,0
L13-261,2842.5,1,0,0
L13-261,2842.625,0,0,1
L13-261,2842.75,0,0,1
L13-261,2842.875,0,0,1
L13-261,2843,0,0,1
L13-261,2843.125,0,0,1
L13-261,2843.25,0,0,1
L13-261,2843.375,0,0,1
L13-261,2843.5,0,0,1
L13-261,2843.625,0,0,1
L13-261,2843.75,0,0,1
L13-261,2843.875,0,0,1
L13-261,2844,0,0,1
L13-261,2844.125,0,0,1
L13-261,2844.25,0,0,1
L13-261,2844.375,0,0,1
L13-261,2844.5,0,0,1
L13-261,2844.625,0,0,1
L13-261,2844.75,0,0,1
L13-261,2844.875,0,0,1
L13-261,2845,0,0,1
L13-261,2845.125,0,0,1
L13-261,2845.25,0,0,1
L13-261,2845.375,0,0,1
L13-261,2845.5,0,0,1
L13-261,2845.625,0,0,1
L13-261,2845.75,0,0,1
L13-261,2845.875,0,0,1
L13-261,2846,0,0,1
L13-261,2846.125,0,0,1
L13-261,2846.25,0,0,1
L13-261,2846.375,0,0,1
L13-261,2846.5,0,0,1
L13-261,2846.625,0,0,1
L13-261,2846.75,0,0,1
L13-261,2846.875,0,0,1
L13-261,2847,0,0,1
L13-261,2847.125,0,0,1
L13-261,2847.25,0,0,1
L13-261,2847.375,0,0,1
L13-261,2847.5,0,0,1
L13-261,2847.625,0,0,1
L13-261,2847.75,0,0,1
L13-261,2847.875,0,0,1
L13-261,2848,0,0,1
L13-261,2848.125,0,0,1
L13-261,2848.25,0,0,1
L13-261,2848.375,0,0,1
L13-261,2848.5,0,0,1
L13-261,2848.625,0,0,1
L13-261,2848.75,0,0,1
L13-261,2848.875,0,0,1
L13-261,2849,0,0,1
L13-261,2849.125,0,0,1
L13-261,2849.25,0,0,1
L13-261,2849.375,0,0,1
L13-261,2849.5,0,0,1
L13-261,2849.625,0,0,1
L13-261,2849.75,0,0,1
L13-261,2849.875,0,0,1
L13-261,2850,0,0,1
L13-261,2850.125,0,0,1
L13-261,2850.25,0,0,1
L13-261,2850.375,0,0,1
L13-261,2850.5,0,0,1
L13-261,2850.625,0,0,1
L13-261,2850.75,0,0,1
L13-261,2850.875,0,0,1
L13-261,2851,0,0,1
L13-261,2851.125,0,0,1
L13-261,2851.25,0,0,1
L13-261,2851.375,0,0,1
L13-261,2851.5,0,0,1
L13-261,2851.625,0,0,1
L13-261,2851.75,0,0,1
L13-261,2851.875,0,0,1
L13-261,2852,0,0,1
L13-261,2852.125,0,0,1
L13-261,2852.25,0,0,1
L13-261,2852.375,0,0,1
L13-261,2852.5,0,0,1
L13-261,2852.625,0,0,1
L13-261,2852.75,0,0,1
L13-261,2852.875,0,0,1
L13-261,2853,0,0,1
L13-261,2853.125,0,0,1
L13-261,2853.25,0,0,1
L13-261,2853.375,0,0,1
L13-261,2853.5,0,0,1
L13-261,2853.625,0,0,1
L13-261,2853.75,0,0,1
L13-261,2853.875,0,0,1
L13-261,2854,0,0,1
L13-261,2854.125,0,0,1
L13-261,2854.25,0,0,1
L13-261,2854.375,0,0,1
L13-261,2854.5,0,0,1
L13-261,2854.625,0,0,1
L13-261,2854.75,0,0,1
L13-261,2854.875,0,0,1
L13-261,2855,0,0,1
L13-261,2855.125,0,0,1
L13-261,2855.25,0,0,1
L13-261,2855.375,0,0,1
L13-261,2855.5,0,0,1
L13-261,2855.625,0,0,1
L13-261,2855.75,0,0,1
L13-261,2855.875,0,0,1
L13-261,2856,0,0,1
L13-261,2856.125,0,0,1
L13-261,2856.25,0,0,1
L13-261,2856.375,0,0,1
L13-261,2856.5,0,0,1
L13-261,2856.625,0,0,1
L13-261,2856.75,0,0,1
L13-261,2856.875,0,0,1
L13-261,2857,0,0,1
L13-261,2857.125,0,0,1
L13-261,2857.25,0,0,1
L13-261,2857.375,0,0,1
L13-261,2857.5,0,0,1
L13-261,2857.625,0,0,1
L13-261,2857.75,0,0,1
L13-261,2857.875,0,0,1
L13-261,2858,0,0,1
L13-261,2858.125,0,0,1
L13-261,2858.25,0,0,1
L13-261,2858.375,0,0,1
L13-261,2858.5,0,0,1
L13-261,2858.625,0,0,1
L13-261,2858.75,0,0,1
L13-261,2858.875,0,0,1
L13-261,2859,0,0,1
L13-261,2859.125,0,0,1
L13-261,2859.25,0,0,1
L13-261,2859.375,0,0,1
L13-261,2859.5,0,0,1
L13-261,2859.625,0,0,1
L13-261,2859.75,0,0,1
L13-261,2859.875,0,0,1
L13-261,2860,0,0,1
L13-261,2860.125,0,0,1
L13-261,2860.25,0,0,1
L13-261,2860.375,0,0,1
L13-261,2860.5,0,0,1
L13-261,2860.625,0,0,1
L13-261,2860.75,0,0,1
L13-261,2860.875,0,0,1
L13-261,2861,0,0,1
L13-261,2861.125,0,0,1
L13-261,2861.25,0,0,1
L13-261,2861.375,0,0,1
L13-261,2861.5,0,0,1
L13-261,2861.625,0,0,1
L13-261,2861.75,0,0,1
L13-261,2861.875,0,0,1
L13-261,2862,0,0,1
L13-261,2862.125,0,0,1
L13-261,2862.25,0,0,1
L13-261,2862.375,0,0,1
L13-261,2862.5,0,0,1
L13-261,2862.625,0,0,1
L13-261,2862.75,0,0,1
L13-261,2862.875,0,0,1
L13-261,2863,0,0,1
L13-261,2863.125,0,0,1
L13-261,2863.25,0,0,1
L13-261,2863.375,0,0,1
L13-261,2863.5,0,0,1
L13-261,2863.625,0,0,1
L13-261,2863.75,0,0,1
L13-261,2863.875,0,0,1
L13-261,2864,0,0,1
L13-261,2864.125,0,0,1
L13-261,2864.25,0,0,1
L13-261,2864.375,0,0,1
L13-261,2864.5,0,0,1
L13-261,2864.625,0,0,1
L13-261,2864.75,0,0,1
L13-261,2864.875,0,0,1
L13-261,2865,0,0,1
L13-261,2865.125,0,0,1
L13-261,2865.25,0,0,1
L13-261,2865.375,0,0,1
L13-261,2865.5,0,0,1
L13-261,2865.625,0,0,1
L13-261,2865.75,0,0,1
L13-261,2865.875,0,0,1
L13-261,2866,0,0,1
L13-261,2866.125,0,0,1
L13-261,2866.25,0,0,1
L13-261,2866.375,0,0,1
L13-261,2866.5,0,0,1
L13-261,2866.625,0,0,1
L13-261,2866.75,0,0,1
L13-261,2866.875,0,0,1
L13-261,2867,0,0,1
L13-261,2867.125,0,0,1
L13-261,2867.25,0,0,1
L13-261,2867.375,0,0,1
L13-261,2867.5,0,0,1
L13-261,2867.625,0,0,1
L13-261,2867.75,0,0,1
L13-261,2867.875,0,0,1
L13-261,2868,0,0,1
L13-261,2868.125,0,0,1
L13-261,2868.25,0,0,1
L13-261,2868.375,0,0,1
L13-261,2868.5,0,0,1
L13-261,2868.625,0,0,1
L13-261,2868.75,0,0,1
L13-261,2868.875,0,0,1
L13-261,2869,0,0,1
L13-261,2869.125,0,0,1
L13-261,2869.25,0,0,1
L13-261,2869.375,0,0,1
L13-261,2869.5,0,0,1
L13-261,2869.625,0,0,1
L13-261,2869.75,0,0,1
L13-261,2869.875,0,0,1
L13-261,2870,0,0,1
L13-261,2870.125,0,0,1
L13-261,2870.25,0,0,1
L13-261,2870.375,0,0,1
L13-261,2870.5,0,0,1
L13-261,2870.625,0,0,1
L13-261,2870.75,0,0,1
L13-261,2870.875,0,0,1
L13-261,2871,0,0,1
L13-261,2871.125,0,0,1
L13-261,2871.25,0,0,1
L13-261,2871.375,0,0,1
L13-261,2871.5,0,0,1
L13-261,2871.625,0,0,1
L13-261,2871.75,0,0,1
L13-261,2871.875,0,0,1
L13-261,2872,0,0,1
L13-261,2872.125,0,0,1
L13-261,2872.25,0,0,1
L13-261,2872.375,0,0,1
L13-261,2872.5,0,0,1
L13-261,2872.625,0,0,1
L13-261,2872.75,0,0,1
L13-261,2872.875,0,0,1
L13-261,2873,0,0,1
L13-261,2873.125,0,0,1
L13-261,2873.25,0,0,1
L13-261,2873.375,0,0,1
L13-261,2873.5,0,0,1
L13-261,2873.625,0,0,1
L13-261,2873.75,0,0,1
L13-261,2873.875,0,0,1
L13-261,2874,0,0,1
L13-261,2874.125,0,0,1
L13-261,2874.25,0,0,1
L13-261,2874.375,0,0,1
L13-261,2874.5,0,0,1
L13-261,2874.625,0,0,1
L13-261,2874.75,0,0,1
L13-261,2874.875,0,0,1
L13-261,2875,0,0,1
L13-261,2875.125,0,0,1
L13-261,2875.25,0,0,1
L13-261,2875.375,0,0,1
L13-261,2875.5,0,0,1
L13-261,2875.625,0,0,1
L13-261,2875.75,0,0,1
L13-261,2875.875,0,0,1
L13-261,2876,0,0,1
L13-261,2876.125,0,0,1
L13-261,2876.25,0,0,1
L13-261,2876.375,0,0,1
L13-261,2876.5,0,0,1
L13-261,2876.625,0,0,1
L13-261,2876.75,0,0,1
L13-261,2876.875,0,0,1
L13-261,2877,0,0,1
L13-261,2877.125,0,0,1
L13-261,2877.25,0,0,1
L13-261,2877.375,0,0,1
L13-261,2877.5,0,0,1
L13-261,2877.625,0,0,1
L13-261,2877.75,0,0,1
L13-261,2877.875,0,0,1
L13-261,2878,0,0,1
L13-261,2878.125,0,0,1
L13-261,2878.25,0,0,1
L13-261,2878.375,0,0,1
L13-261,2878.5,0,0,1
L13-261,2878.625,0,0,1
L13-261,2878.75,0,0,1
L13-261,2878.875,0,0,1
L13-261,2879,0,0,1
L13-261,2879.125,0,0,1
L13-261,2879.25,0,0,1
L13-261,2879.375,0,0,1
L13-261,2879.5,0,0,1
L13-261,2879.625,0,0,1
L13-261,2879.75,0,0,1
L13-261,2879.875,0,0,1
L13-261,2880,0,0,1
L13-261,2880.125,0,0,1
L13-261,2880.25,0,0,1
L13-261,2880.375,0,0,1
L13-261,2880.5,0,0,1
L13-261,2880.625,0,0,1
L13-261,2880.75,0,0,1
L13-261,2880.875,0,0,1
L13-261,2881,0,0,1
L13-261,2881.125,0,0,1
L13-261,2881.25,0,0,1
L13-261,2881.375,0,0,1
L13-261,2881.5,0,0,1
L13-261,2881.625,0,0,1
L13-261,2881.75,0,0,1
L13-261,2881.875,0,0,1
L13-261,2882,0,0,1
L13-261,2882.125,0,0,1
L13-261,2882.25,0,0,1
L13-261,2882.375,0,0,1
L13-261,2882.5,0,0,1
L13-261,2882.625,0,0,1
L13-261,2882.75,0,0,1
L13-261,2882.875,0,0,1
L13-261,2883,0,0,1
L13-261,2883.125,0,0,1
L13-261,2883.25,0,0,1
L13-261,2883.375,0,0,1
L13-261,2883.5,0,0,1
L13-261,2883.625,0,0,1
L13-261,2883.75,0,0,1
L13-261,2883.875,0,0,1
L13-261,2884,0,0,1
L13-261,2884.125,0,0,1
L13-261,2884.25,0,0,1
L13-261,2884.375,0,0,1
L13-261,2884.5,0,0,1
L13-261,2884.625,0,0,1
L13-261,2884.75,0,0,1
L13-261,2884.875,0,0,1
L13-261,2885,0,0,1
L13-261,2885.125,0,0,1
L13-261,2885.25,0,0,1
L13-261,2885.375,0,0,1
L13-261,2885.5,0,0,1
L13-261,2885.625,0,0,1
L13-261,2885.75,0,0,1
L13-261,2885.875,0,0,1
L13-261,2886,0,0,1
L13-261,2886.125,0,0,1
L13-261,2886.25,0,0,1
L13-261,2886.375,0,0,1
L13-261,2886.5,0,0,1
L13-261,2886.625,0,0,1
L13-261,2886.75,0,0,1
L13-261,2886.875,0,0,1
L13-261,2887,0,0,1
L13-261,2887.125,0,0,1
L13-261,2887.25,0,0,1
L13-261,2887.375,0,0,1
L13-261,2887.5,0,0,1
L13-261,2887.625,0,0,1
L13-261,2887.75,0,0,1
L13-261,2887.875,0,0,1
L13-261,2888,0,0,1
L13-261,2888.125,0,0,1
L13-261,2888.25,0,0,1
L13-261,2888.375,0,0,1
L13-261,2888.5,0,0,1
L13-261,2888.625,0,0,1
L13-261,2888.75,0,0,1
L13-261,2888.875,0,0,1
L13-261,2889,0,0,1
L13-261,2889.125,0,0,1
L13-261,2889.25,0,0,1
L13-261,2889.375,0,0,1
L13-261,2889.5,0,0,1
L13-261,2889.625,0,0,1
L13-261,2889.75,0,0,1
L13-261,2889.875,0,0,1
L13-261,2890,0,0,1
L13-261,2890.125,0,0,1
L13-261,2890.25,0,0,1
L13-261,2890.375,0,0,1
L13-261,2890.5,0,0,1
L13-261,2890.625,0,0,1
L13-261,2890.75,0,0,1
L13-261,2890.875,0,0,1
L13-261,2891,0,0,1
L13-261,2891.125,0,0,1
L13-261,2891.25,0,0,1
L13-261,2891.375,0,0,1
